date,T (degC)
2020-01-01 00:10:00,0.71
2020-01-01 00:20:00,0.75
2020-01-01 00:30:00,0.73
2020-01-01 00:40:00,0.37
2020-01-01 00:50:00,0.33
2020-01-01 01:00:00,0.34
2020-01-01 01:10:00,0.19
2020-01-01 01:20:00,0.03
2020-01-01 01:30:00,0.11
2020-01-01 01:40:00,0.22
2020-01-01 01:50:00,-0.04
2020-01-01 02:00:00,-0.21
2020-01-01 02:10:00,-0.1
2020-01-01 02:20:00,-0.16
2020-01-01 02:30:00,-0.22
2020-01-01 02:40:00,-0.06
2020-01-01 02:50:00,-0.17
2020-01-01 03:00:00,-0.05
2020-01-01 03:10:00,-0.21
2020-01-01 03:20:00,-0.77
2020-01-01 03:30:00,-0.93
2020-01-01 03:40:00,-0.86
2020-01-01 03:50:00,-0.87
2020-01-01 04:00:00,-1.02
2020-01-01 04:10:00,-1.15
2020-01-01 04:20:00,-1.08
2020-01-01 04:30:00,-1.59
2020-01-01 04:40:00,-1.82
2020-01-01 04:50:00,-1.84
2020-01-01 05:00:00,-1.84
2020-01-01 05:10:00,-2.14
2020-01-01 05:20:00,-2.34
2020-01-01 05:30:00,-2.2
2020-01-01 05:40:00,-2.3
2020-01-01 05:50:00,-2.4
2020-01-01 06:00:00,-2.51
2020-01-01 06:10:00,-2.83
2020-01-01 06:20:00,-2.79
2020-01-01 06:30:00,-2.74
2020-01-01 06:40:00,-2.63
2020-01-01 06:50:00,-2.5
2020-01-01 07:00:00,-2.26
2020-01-01 07:10:00,-2.31
2020-01-01 07:20:00,-2.53
2020-01-01 07:30:00,-2.68
2020-01-01 07:40:00,-2.73
2020-01-01 07:50:00,-2.79
2020-01-01 08:00:00,-2.84
2020-01-01 08:10:00,-2.89
2020-01-01 08:20:00,-3.02
2020-01-01 08:30:00,-2.84
2020-01-01 08:40:00,-2.91
2020-01-01 08:50:00,-3.11
2020-01-01 09:00:00,-3.08
2020-01-01 09:10:00,-3.03
2020-01-01 09:20:00,-2.95
2020-01-01 09:30:00,-3.01
2020-01-01 09:40:00,-2.84
2020-01-01 09:50:00,-2.67
2020-01-01 10:00:00,-1.93
2020-01-01 10:10:00,-1.53
2020-01-01 10:20:00,-1.25
2020-01-01 10:30:00,-1.24
2020-01-01 10:40:00,-1.32
2020-01-01 10:50:00,-1.03
2020-01-01 11:00:00,-1.14
2020-01-01 11:10:00,-0.83
2020-01-01 11:20:00,-0.65
2020-01-01 11:30:00,-0.43
2020-01-01 11:40:00,-0.4
2020-01-01 11:50:00,-0.06
2020-01-01 12:00:00,0.68
2020-01-01 12:10:00,0.93
2020-01-01 12:20:00,1.23
2020-01-01 12:30:00,1.7
2020-01-01 12:40:00,1.98
2020-01-01 12:50:00,2.62
2020-01-01 13:00:00,2.83
2020-01-01 13:10:00,2.87
2020-01-01 13:20:00,3.09
2020-01-01 13:30:00,3.86
2020-01-01 13:40:00,3.84
2020-01-01 13:50:00,4.03
2020-01-01 14:00:00,3.7
2020-01-01 14:10:00,3.45
2020-01-01 14:20:00,3.64
2020-01-01 14:30:00,3.89
2020-01-01 14:40:00,3.87
2020-01-01 14:50:00,4.32
2020-01-01 15:00:00,4.58
2020-01-01 15:10:00,4.2
2020-01-01 15:20:00,4.07
2020-01-01 15:30:00,4.44
2020-01-01 15:40:00,4.5
2020-01-01 15:50:00,4.34
2020-01-01 16:00:00,3.74
2020-01-01 16:10:00,3.23
2020-01-01 16:20:00,2.99
2020-01-01 16:30:00,2.89
2020-01-01 16:40:00,2.77
2020-01-01 16:50:00,2.6
2020-01-01 17:00:00,2.09
2020-01-01 17:10:00,1.63
2020-01-01 17:20:00,1.26
2020-01-01 17:30:00,1.03
2020-01-01 17:40:00,0.99
2020-01-01 17:50:00,0.85
2020-01-01 18:00:00,0.63
2020-01-01 18:10:00,0.35
2020-01-01 18:20:00,0.05
2020-01-01 18:30:00,-0.08
2020-01-01 18:40:00,-0.21
2020-01-01 18:50:00,-0.62
2020-01-01 19:00:00,-1.32
2020-01-01 19:10:00,-1.42
2020-01-01 19:20:00,-1.31
2020-01-01 19:30:00,-1.33
2020-01-01 19:40:00,-1.38
2020-01-01 19:50:00,-1.36
2020-01-01 20:00:00,-1.48
2020-01-01 20:10:00,-1.86
2020-01-01 20:20:00,-2.15
2020-01-01 20:30:00,-2.18
2020-01-01 20:40:00,-2.24
2020-01-01 20:50:00,-2.57
2020-01-01 21:00:00,-2.78
2020-01-01 21:10:00,-2.85
2020-01-01 21:20:00,-2.95
2020-01-01 21:30:00,-3.21
2020-01-01 21:40:00,-3.06
2020-01-01 21:50:00,-3.0
2020-01-01 22:00:00,-3.21
2020-01-01 22:10:00,-3.27
2020-01-01 22:20:00,-3.31
2020-01-01 22:30:00,-3.39
2020-01-01 22:40:00,-3.35
2020-01-01 22:50:00,-3.29
2020-01-01 23:00:00,-3.19
2020-01-01 23:10:00,-3.2
2020-01-01 23:20:00,-3.32
2020-01-01 23:30:00,-3.09
2020-01-01 23:40:00,-2.96
2020-01-01 23:50:00,-3.46
2020-01-02 00:00:00,-3.39
2020-01-02 00:10:00,-3.47
2020-01-02 00:20:00,-3.94
2020-01-02 00:30:00,-3.91
2020-01-02 00:40:00,-3.86
2020-01-02 00:50:00,-3.88
2020-01-02 01:00:00,-4.23
2020-01-02 01:10:00,-4.42
2020-01-02 01:20:00,-4.42
2020-01-02 01:30:00,-4.5
2020-01-02 01:40:00,-4.31
2020-01-02 01:50:00,-4.25
2020-01-02 02:00:00,-4.2
2020-01-02 02:10:00,-3.98
2020-01-02 02:20:00,-4.07
2020-01-02 02:30:00,-4.56
2020-01-02 02:40:00,-4.78
2020-01-02 02:50:00,-4.85
2020-01-02 03:00:00,-4.86
2020-01-02 03:10:00,-4.88
2020-01-02 03:20:00,-4.91
2020-01-02 03:30:00,-4.81
2020-01-02 03:40:00,-5.03
2020-01-02 03:50:00,-5.12
2020-01-02 04:00:00,-4.72
2020-01-02 04:10:00,-4.45
2020-01-02 04:20:00,-4.54
2020-01-02 04:30:00,-5.02
2020-01-02 04:40:00,-5.39
2020-01-02 04:50:00,-5.48
2020-01-02 05:00:00,-5.43
2020-01-02 05:10:00,-4.96
2020-01-02 05:20:00,-4.87
2020-01-02 05:30:00,-5.22
2020-01-02 05:40:00,-5.43
2020-01-02 05:50:00,-5.53
2020-01-02 06:00:00,-5.45
2020-01-02 06:10:00,-5.58
2020-01-02 06:20:00,-5.78
2020-01-02 06:30:00,-5.69
2020-01-02 06:40:00,-5.44
2020-01-02 06:50:00,-5.46
2020-01-02 07:00:00,-5.47
2020-01-02 07:10:00,-5.05
2020-01-02 07:20:00,-4.94
2020-01-02 07:30:00,-4.8
2020-01-02 07:40:00,-4.91
2020-01-02 07:50:00,-5.12
2020-01-02 08:00:00,-5.13
2020-01-02 08:10:00,-5.58
2020-01-02 08:20:00,-5.66
2020-01-02 08:30:00,-5.44
2020-01-02 08:40:00,-4.73
2020-01-02 08:50:00,-4.44
2020-01-02 09:00:00,-4.39
2020-01-02 09:10:00,-4.71
2020-01-02 09:20:00,-4.68
2020-01-02 09:30:00,-4.13
2020-01-02 09:40:00,-4.07
2020-01-02 09:50:00,-4.04
2020-01-02 10:00:00,-4.16
2020-01-02 10:10:00,-3.81
2020-01-02 10:20:00,-3.53
2020-01-02 10:30:00,-3.02
2020-01-02 10:40:00,-2.78
2020-01-02 10:50:00,-1.87
2020-01-02 11:00:00,-1.24
2020-01-02 11:10:00,-0.91
2020-01-02 11:20:00,-0.56
2020-01-02 11:30:00,-0.59
2020-01-02 11:40:00,-0.19
2020-01-02 11:50:00,0.48
2020-01-02 12:00:00,1.06
2020-01-02 12:10:00,1.8
2020-01-02 12:20:00,1.92
2020-01-02 12:30:00,2.72
2020-01-02 12:40:00,3.47
2020-01-02 12:50:00,4.37
2020-01-02 13:00:00,4.98
2020-01-02 13:10:00,5.58
2020-01-02 13:20:00,5.73
2020-01-02 13:30:00,6.06
2020-01-02 13:40:00,6.47
2020-01-02 13:50:00,6.47
2020-01-02 14:00:00,6.22
2020-01-02 14:10:00,5.88
2020-01-02 14:20:00,5.71
2020-01-02 14:30:00,5.91
2020-01-02 14:40:00,5.7
2020-01-02 14:50:00,5.41
2020-01-02 15:00:00,5.66
2020-01-02 15:10:00,5.77
2020-01-02 15:20:00,5.61
2020-01-02 15:30:00,5.47
2020-01-02 15:40:00,5.49
2020-01-02 15:50:00,4.96
2020-01-02 16:00:00,4.28
2020-01-02 16:10:00,3.69
2020-01-02 16:20:00,3.36
2020-01-02 16:30:00,3.25
2020-01-02 16:40:00,3.18
2020-01-02 16:50:00,3.06
2020-01-02 17:00:00,2.88
2020-01-02 17:10:00,2.61
2020-01-02 17:20:00,2.32
2020-01-02 17:30:00,1.91
2020-01-02 17:40:00,1.42
2020-01-02 17:50:00,1.41
2020-01-02 18:00:00,1.41
2020-01-02 18:10:00,1.12
2020-01-02 18:20:00,1.16
2020-01-02 18:30:00,0.91
2020-01-02 18:40:00,0.62
2020-01-02 18:50:00,0.15
2020-01-02 19:00:00,-0.08
2020-01-02 19:10:00,-0.22
2020-01-02 19:20:00,-0.25
2020-01-02 19:30:00,-0.47
2020-01-02 19:40:00,-0.46
2020-01-02 19:50:00,-0.71
2020-01-02 20:00:00,-0.29
2020-01-02 20:10:00,-0.36
2020-01-02 20:20:00,-0.52
2020-01-02 20:30:00,-0.56
2020-01-02 20:40:00,-0.53
2020-01-02 20:50:00,-0.59
2020-01-02 21:00:00,-0.49
2020-01-02 21:10:00,-0.42
2020-01-02 21:20:00,-0.19
2020-01-02 21:30:00,-0.07
2020-01-02 21:40:00,-0.01
2020-01-02 21:50:00,0.06
2020-01-02 22:00:00,0.09
2020-01-02 22:10:00,0.33
2020-01-02 22:20:00,0.47
2020-01-02 22:30:00,0.35
2020-01-02 22:40:00,0.22
2020-01-02 22:50:00,0.26
2020-01-02 23:00:00,0.25
2020-01-02 23:10:00,0.46
2020-01-02 23:20:00,0.74
2020-01-02 23:30:00,0.79
2020-01-02 23:40:00,0.72
2020-01-02 23:50:00,0.75
2020-01-03 00:00:00,0.88
2020-01-03 00:10:00,0.93
2020-01-03 00:20:00,0.88
2020-01-03 00:30:00,0.69
2020-01-03 00:40:00,0.74
2020-01-03 00:50:00,0.92
2020-01-03 01:00:00,1.42
2020-01-03 01:10:00,1.67
2020-01-03 01:20:00,1.9
2020-01-03 01:30:00,1.99
2020-01-03 01:40:00,2.01
2020-01-03 01:50:00,2.08
2020-01-03 02:00:00,1.96
2020-01-03 02:10:00,1.78
2020-01-03 02:20:00,1.63
2020-01-03 02:30:00,1.54
2020-01-03 02:40:00,1.57
2020-01-03 02:50:00,1.74
2020-01-03 03:00:00,1.92
2020-01-03 03:10:00,2.38
2020-01-03 03:20:00,2.65
2020-01-03 03:30:00,2.95
2020-01-03 03:40:00,3.07
2020-01-03 03:50:00,3.25
2020-01-03 04:00:00,3.05
2020-01-03 04:10:00,2.87
2020-01-03 04:20:00,2.84
2020-01-03 04:30:00,2.9
2020-01-03 04:40:00,2.95
2020-01-03 04:50:00,3.14
2020-01-03 05:00:00,3.26
2020-01-03 05:10:00,3.27
2020-01-03 05:20:00,3.27
2020-01-03 05:30:00,3.11
2020-01-03 05:40:00,2.5
2020-01-03 05:50:00,2.32
2020-01-03 06:00:00,2.33
2020-01-03 06:10:00,2.44
2020-01-03 06:20:00,2.57
2020-01-03 06:30:00,2.62
2020-01-03 06:40:00,2.67
2020-01-03 06:50:00,2.65
2020-01-03 07:00:00,2.62
2020-01-03 07:10:00,2.66
2020-01-03 07:20:00,2.71
2020-01-03 07:30:00,2.8
2020-01-03 07:40:00,2.88
2020-01-03 07:50:00,3.09
2020-01-03 08:00:00,3.37
2020-01-03 08:10:00,3.79
2020-01-03 08:20:00,3.92
2020-01-03 08:30:00,3.93
2020-01-03 08:40:00,3.61
2020-01-03 08:50:00,3.38
2020-01-03 09:00:00,3.3
2020-01-03 09:10:00,3.47
2020-01-03 09:20:00,3.39
2020-01-03 09:30:00,3.27
2020-01-03 09:40:00,3.27
2020-01-03 09:50:00,3.29
2020-01-03 10:00:00,3.32
2020-01-03 10:10:00,3.41
2020-01-03 10:20:00,3.5
2020-01-03 10:30:00,3.57
2020-01-03 10:40:00,3.7
2020-01-03 10:50:00,3.91
2020-01-03 11:00:00,4.0
2020-01-03 11:10:00,4.1
2020-01-03 11:20:00,4.16
2020-01-03 11:30:00,4.2
2020-01-03 11:40:00,4.3
2020-01-03 11:50:00,4.47
2020-01-03 12:00:00,4.74
2020-01-03 12:10:00,4.94
2020-01-03 12:20:00,5.0
2020-01-03 12:30:00,5.2
2020-01-03 12:40:00,5.88
2020-01-03 12:50:00,6.81
2020-01-03 13:00:00,6.98
2020-01-03 13:10:00,7.0
2020-01-03 13:20:00,6.99
2020-01-03 13:30:00,6.93
2020-01-03 13:40:00,6.84
2020-01-03 13:50:00,6.71
2020-01-03 14:00:00,6.67
2020-01-03 14:10:00,6.59
2020-01-03 14:20:00,6.54
2020-01-03 14:30:00,6.54
2020-01-03 14:40:00,6.47
2020-01-03 14:50:00,6.41
2020-01-03 15:00:00,6.45
2020-01-03 15:10:00,6.41
2020-01-03 15:20:00,6.46
2020-01-03 15:30:00,6.54
2020-01-03 15:40:00,6.56
2020-01-03 15:50:00,6.62
2020-01-03 16:00:00,6.65
2020-01-03 16:10:00,6.59
2020-01-03 16:20:00,6.54
2020-01-03 16:30:00,6.49
2020-01-03 16:40:00,6.47
2020-01-03 16:50:00,6.59
2020-01-03 17:00:00,6.62
2020-01-03 17:10:00,6.61
2020-01-03 17:20:00,6.55
2020-01-03 17:30:00,6.48
2020-01-03 17:40:00,6.47
2020-01-03 17:50:00,6.49
2020-01-03 18:00:00,6.54
2020-01-03 18:10:00,6.55
2020-01-03 18:20:00,6.48
2020-01-03 18:30:00,6.47
2020-01-03 18:40:00,6.55
2020-01-03 18:50:00,6.67
2020-01-03 19:00:00,6.79
2020-01-03 19:10:00,6.89
2020-01-03 19:20:00,6.98
2020-01-03 19:30:00,6.99
2020-01-03 19:40:00,7.13
2020-01-03 19:50:00,7.2
2020-01-03 20:00:00,7.33
2020-01-03 20:10:00,7.5
2020-01-03 20:20:00,7.59
2020-01-03 20:30:00,7.61
2020-01-03 20:40:00,7.66
2020-01-03 20:50:00,7.69
2020-01-03 21:00:00,7.82
2020-01-03 21:10:00,7.81
2020-01-03 21:20:00,7.82
2020-01-03 21:30:00,7.89
2020-01-03 21:40:00,7.88
2020-01-03 21:50:00,7.9
2020-01-03 22:00:00,7.97
2020-01-03 22:10:00,7.95
2020-01-03 22:20:00,7.72
2020-01-03 22:30:00,7.54
2020-01-03 22:40:00,7.53
2020-01-03 22:50:00,7.64
2020-01-03 23:00:00,7.83
2020-01-03 23:10:00,8.01
2020-01-03 23:20:00,8.17
2020-01-03 23:30:00,7.92
2020-01-03 23:40:00,7.62
2020-01-03 23:50:00,7.11
2020-01-04 00:00:00,6.61
2020-01-04 00:10:00,6.25
2020-01-04 00:20:00,5.85
2020-01-04 00:30:00,5.58
2020-01-04 00:40:00,5.44
2020-01-04 00:50:00,5.33
2020-01-04 01:00:00,5.23
2020-01-04 01:10:00,5.19
2020-01-04 01:20:00,5.08
2020-01-04 01:30:00,4.94
2020-01-04 01:40:00,4.87
2020-01-04 01:50:00,4.87
2020-01-04 02:00:00,4.87
2020-01-04 02:10:00,4.88
2020-01-04 02:20:00,4.78
2020-01-04 02:30:00,4.64
2020-01-04 02:40:00,4.42
2020-01-04 02:50:00,4.22
2020-01-04 03:00:00,4.13
2020-01-04 03:10:00,4.03
2020-01-04 03:20:00,3.89
2020-01-04 03:30:00,3.76
2020-01-04 03:40:00,3.67
2020-01-04 03:50:00,3.72
2020-01-04 04:00:00,3.76
2020-01-04 04:10:00,3.81
2020-01-04 04:20:00,3.8
2020-01-04 04:30:00,3.83
2020-01-04 04:40:00,3.8
2020-01-04 04:50:00,3.74
2020-01-04 05:00:00,3.69
2020-01-04 05:10:00,3.67
2020-01-04 05:20:00,3.67
2020-01-04 05:30:00,3.67
2020-01-04 05:40:00,3.67
2020-01-04 05:50:00,3.67
2020-01-04 06:00:00,3.64
2020-01-04 06:10:00,3.58
2020-01-04 06:20:00,3.49
2020-01-04 06:30:00,3.41
2020-01-04 06:40:00,3.4
2020-01-04 06:50:00,3.38
2020-01-04 07:00:00,3.31
2020-01-04 07:10:00,3.28
2020-01-04 07:20:00,3.28
2020-01-04 07:30:00,3.21
2020-01-04 07:40:00,3.25
2020-01-04 07:50:00,3.24
2020-01-04 08:00:00,3.27
2020-01-04 08:10:00,3.33
2020-01-04 08:20:00,3.34
2020-01-04 08:30:00,3.35
2020-01-04 08:40:00,3.36
2020-01-04 08:50:00,3.32
2020-01-04 09:00:00,3.27
2020-01-04 09:10:00,3.27
2020-01-04 09:20:00,3.33
2020-01-04 09:30:00,3.37
2020-01-04 09:40:00,3.4
2020-01-04 09:50:00,3.49
2020-01-04 10:00:00,3.6
2020-01-04 10:10:00,3.73
2020-01-04 10:20:00,3.87
2020-01-04 10:30:00,3.94
2020-01-04 10:40:00,4.01
2020-01-04 10:50:00,3.92
2020-01-04 11:00:00,3.87
2020-01-04 11:10:00,3.88
2020-01-04 11:20:00,3.87
2020-01-04 11:30:00,3.93
2020-01-04 11:40:00,4.03
2020-01-04 11:50:00,4.15
2020-01-04 12:00:00,4.23
2020-01-04 12:10:00,4.3
2020-01-04 12:20:00,4.44
2020-01-04 12:30:00,4.54
2020-01-04 12:40:00,4.63
2020-01-04 12:50:00,4.68
2020-01-04 13:00:00,4.77
2020-01-04 13:10:00,4.87
2020-01-04 13:20:00,4.99
2020-01-04 13:30:00,5.12
2020-01-04 13:40:00,5.21
2020-01-04 13:50:00,5.23
2020-01-04 14:00:00,5.31
2020-01-04 14:10:00,5.34
2020-01-04 14:20:00,5.4
2020-01-04 14:30:00,5.31
2020-01-04 14:40:00,5.07
2020-01-04 14:50:00,4.8
2020-01-04 15:00:00,4.55
2020-01-04 15:10:00,4.36
2020-01-04 15:20:00,4.3
2020-01-04 15:30:00,4.37
2020-01-04 15:40:00,4.44
2020-01-04 15:50:00,4.53
2020-01-04 16:00:00,4.6
2020-01-04 16:10:00,4.7
2020-01-04 16:20:00,4.83
2020-01-04 16:30:00,4.97
2020-01-04 16:40:00,4.87
2020-01-04 16:50:00,4.92
2020-01-04 17:00:00,4.94
2020-01-04 17:10:00,4.94
2020-01-04 17:20:00,5.0
2020-01-04 17:30:00,5.11
2020-01-04 17:40:00,5.26
2020-01-04 17:50:00,5.34
2020-01-04 18:00:00,5.21
2020-01-04 18:10:00,5.03
2020-01-04 18:20:00,4.5
2020-01-04 18:30:00,3.35
2020-01-04 18:40:00,2.55
2020-01-04 18:50:00,2.08
2020-01-04 19:00:00,1.93
2020-01-04 19:10:00,1.93
2020-01-04 19:20:00,1.84
2020-01-04 19:30:00,1.68
2020-01-04 19:40:00,1.73
2020-01-04 19:50:00,1.97
2020-01-04 20:00:00,2.07
2020-01-04 20:10:00,2.03
2020-01-04 20:20:00,2.01
2020-01-04 20:30:00,2.08
2020-01-04 20:40:00,2.2
2020-01-04 20:50:00,2.26
2020-01-04 21:00:00,2.21
2020-01-04 21:10:00,2.22
2020-01-04 21:20:00,2.24
2020-01-04 21:30:00,2.21
2020-01-04 21:40:00,2.22
2020-01-04 21:50:00,2.27
2020-01-04 22:00:00,2.22
2020-01-04 22:10:00,2.16
2020-01-04 22:20:00,2.1
2020-01-04 22:30:00,1.99
2020-01-04 22:40:00,1.9
2020-01-04 22:50:00,1.94
2020-01-04 23:00:00,1.91
2020-01-04 23:10:00,1.86
2020-01-04 23:20:00,1.81
2020-01-04 23:30:00,1.65
2020-01-04 23:40:00,1.53
2020-01-04 23:50:00,1.47
2020-01-05 00:00:00,1.47
2020-01-05 00:10:00,1.47
2020-01-05 00:20:00,1.49
2020-01-05 00:30:00,1.59
2020-01-05 00:40:00,1.81
2020-01-05 00:50:00,1.96
2020-01-05 01:00:00,2.05
2020-01-05 01:10:00,2.1
2020-01-05 01:20:00,2.03
2020-01-05 01:30:00,2.01
2020-01-05 01:40:00,2.01
2020-01-05 01:50:00,2.01
2020-01-05 02:00:00,2.07
2020-01-05 02:10:00,1.99
2020-01-05 02:20:00,1.95
2020-01-05 02:30:00,2.02
2020-01-05 02:40:00,2.13
2020-01-05 02:50:00,2.16
2020-01-05 03:00:00,2.14
2020-01-05 03:10:00,2.14
2020-01-05 03:20:00,2.14
2020-01-05 03:30:00,2.14
2020-01-05 03:40:00,2.17
2020-01-05 03:50:00,2.15
2020-01-05 04:00:00,2.17
2020-01-05 04:10:00,2.2
2020-01-05 04:20:00,2.16
2020-01-05 04:30:00,2.1
2020-01-05 04:40:00,2.08
2020-01-05 04:50:00,2.07
2020-01-05 05:00:00,2.02
2020-01-05 05:10:00,2.05
2020-01-05 05:20:00,2.07
2020-01-05 05:30:00,2.09
2020-01-05 05:40:00,2.06
2020-01-05 05:50:00,2.02
2020-01-05 06:00:00,2.1
2020-01-05 06:10:00,2.15
2020-01-05 06:20:00,2.18
2020-01-05 06:30:00,2.17
2020-01-05 06:40:00,2.15
2020-01-05 06:50:00,2.19
2020-01-05 07:00:00,2.28
2020-01-05 07:10:00,2.27
2020-01-05 07:20:00,2.26
2020-01-05 07:30:00,2.29
2020-01-05 07:40:00,2.31
2020-01-05 07:50:00,2.28
2020-01-05 08:00:00,2.33
2020-01-05 08:10:00,2.29
2020-01-05 08:20:00,2.25
2020-01-05 08:30:00,2.29
2020-01-05 08:40:00,2.32
2020-01-05 08:50:00,2.27
2020-01-05 09:00:00,2.25
2020-01-05 09:10:00,2.32
2020-01-05 09:20:00,2.35
2020-01-05 09:30:00,2.43
2020-01-05 09:40:00,2.41
2020-01-05 09:50:00,2.31
2020-01-05 10:00:00,1.93
2020-01-05 10:10:00,1.79
2020-01-05 10:20:00,1.9
2020-01-05 10:30:00,2.01
2020-01-05 10:40:00,2.1
2020-01-05 10:50:00,2.24
2020-01-05 11:00:00,2.38
2020-01-05 11:10:00,2.55
2020-01-05 11:20:00,2.75
2020-01-05 11:30:00,2.86
2020-01-05 11:40:00,3.01
2020-01-05 11:50:00,3.13
2020-01-05 12:00:00,3.12
2020-01-05 12:10:00,3.16
2020-01-05 12:20:00,3.31
2020-01-05 12:30:00,3.5
2020-01-05 12:40:00,3.39
2020-01-05 12:50:00,3.39
2020-01-05 13:00:00,3.47
2020-01-05 13:10:00,3.45
2020-01-05 13:20:00,3.47
2020-01-05 13:30:00,3.53
2020-01-05 13:40:00,3.61
2020-01-05 13:50:00,3.81
2020-01-05 14:00:00,4.07
2020-01-05 14:10:00,4.17
2020-01-05 14:20:00,4.37
2020-01-05 14:30:00,4.29
2020-01-05 14:40:00,4.28
2020-01-05 14:50:00,4.43
2020-01-05 15:00:00,4.29
2020-01-05 15:10:00,4.06
2020-01-05 15:20:00,3.84
2020-01-05 15:30:00,3.67
2020-01-05 15:40:00,3.58
2020-01-05 15:50:00,3.51
2020-01-05 16:00:00,3.47
2020-01-05 16:10:00,3.47
2020-01-05 16:20:00,3.42
2020-01-05 16:30:00,3.4
2020-01-05 16:40:00,3.37
2020-01-05 16:50:00,3.35
2020-01-05 17:00:00,3.41
2020-01-05 17:10:00,3.36
2020-01-05 17:20:00,3.25
2020-01-05 17:30:00,3.1
2020-01-05 17:40:00,3.04
2020-01-05 17:50:00,3.07
2020-01-05 18:00:00,3.1
2020-01-05 18:10:00,3.14
2020-01-05 18:20:00,3.18
2020-01-05 18:30:00,3.04
2020-01-05 18:40:00,2.94
2020-01-05 18:50:00,2.96
2020-01-05 19:00:00,2.88
2020-01-05 19:10:00,2.87
2020-01-05 19:20:00,2.93
2020-01-05 19:30:00,2.97
2020-01-05 19:40:00,3.05
2020-01-05 19:50:00,3.07
2020-01-05 20:00:00,3.03
2020-01-05 20:10:00,2.95
2020-01-05 20:20:00,3.09
2020-01-05 20:30:00,3.02
2020-01-05 20:40:00,2.98
2020-01-05 20:50:00,2.94
2020-01-05 21:00:00,3.0
2020-01-05 21:10:00,3.0
2020-01-05 21:20:00,3.0
2020-01-05 21:30:00,3.0
2020-01-05 21:40:00,2.95
2020-01-05 21:50:00,2.93
2020-01-05 22:00:00,2.87
2020-01-05 22:10:00,2.88
2020-01-05 22:20:00,2.92
2020-01-05 22:30:00,2.98
2020-01-05 22:40:00,3.05
2020-01-05 22:50:00,3.07
2020-01-05 23:00:00,3.14
2020-01-05 23:10:00,3.15
2020-01-05 23:20:00,3.13
2020-01-05 23:30:00,3.21
2020-01-05 23:40:00,3.27
2020-01-05 23:50:00,3.28
2020-01-06 00:00:00,3.32
2020-01-06 00:10:00,3.31
2020-01-06 00:20:00,3.33
2020-01-06 00:30:00,3.35
2020-01-06 00:40:00,3.33
2020-01-06 00:50:00,3.34
2020-01-06 01:00:00,3.38
2020-01-06 01:10:00,3.34
2020-01-06 01:20:00,3.33
2020-01-06 01:30:00,3.39
2020-01-06 01:40:00,3.31
2020-01-06 01:50:00,3.31
2020-01-06 02:00:00,3.33
2020-01-06 02:10:00,3.34
2020-01-06 02:20:00,3.37
2020-01-06 02:30:00,3.4
2020-01-06 02:40:00,3.4
2020-01-06 02:50:00,3.36
2020-01-06 03:00:00,3.34
2020-01-06 03:10:00,3.39
2020-01-06 03:20:00,3.4
2020-01-06 03:30:00,3.38
2020-01-06 03:40:00,3.18
2020-01-06 03:50:00,3.09
2020-01-06 04:00:00,3.0
2020-01-06 04:10:00,3.01
2020-01-06 04:20:00,2.96
2020-01-06 04:30:00,2.98
2020-01-06 04:40:00,2.99
2020-01-06 04:50:00,3.07
2020-01-06 05:00:00,3.03
2020-01-06 05:10:00,2.98
2020-01-06 05:20:00,2.94
2020-01-06 05:30:00,2.97
2020-01-06 05:40:00,2.91
2020-01-06 05:50:00,2.87
2020-01-06 06:00:00,2.87
2020-01-06 06:10:00,2.9
2020-01-06 06:20:00,2.97
2020-01-06 06:30:00,3.03
2020-01-06 06:40:00,3.02
2020-01-06 06:50:00,3.0
2020-01-06 07:00:00,3.12
2020-01-06 07:10:00,3.31
2020-01-06 07:20:00,3.52
2020-01-06 07:30:00,3.6
2020-01-06 07:40:00,3.53
2020-01-06 07:50:00,3.37
2020-01-06 08:00:00,3.25
2020-01-06 08:10:00,3.21
2020-01-06 08:20:00,3.21
2020-01-06 08:30:00,3.22
2020-01-06 08:40:00,3.4
2020-01-06 08:50:00,3.23
2020-01-06 09:00:00,3.13
2020-01-06 09:10:00,3.11
2020-01-06 09:20:00,3.17
2020-01-06 09:30:00,3.3
2020-01-06 09:40:00,3.35
2020-01-06 09:50:00,3.31
2020-01-06 10:00:00,3.35
2020-01-06 10:10:00,3.26
2020-01-06 10:20:00,3.1
2020-01-06 10:30:00,3.1
2020-01-06 10:40:00,3.09
2020-01-06 10:50:00,3.11
2020-01-06 11:00:00,3.28
2020-01-06 11:10:00,3.53
2020-01-06 11:20:00,3.73
2020-01-06 11:30:00,3.85
2020-01-06 11:40:00,3.96
2020-01-06 11:50:00,4.01
2020-01-06 12:00:00,4.16
2020-01-06 12:10:00,4.25
2020-01-06 12:20:00,4.29
2020-01-06 12:30:00,4.32
2020-01-06 12:40:00,4.33
2020-01-06 12:50:00,4.36
2020-01-06 13:00:00,4.42
2020-01-06 13:10:00,4.45
2020-01-06 13:20:00,4.47
2020-01-06 13:30:00,4.45
2020-01-06 13:40:00,4.45
2020-01-06 13:50:00,4.47
2020-01-06 14:00:00,4.46
2020-01-06 14:10:00,4.48
2020-01-06 14:20:00,4.6
2020-01-06 14:30:00,4.97
2020-01-06 14:40:00,5.23
2020-01-06 14:50:00,5.18
2020-01-06 15:00:00,5.05
2020-01-06 15:10:00,4.91
2020-01-06 15:20:00,4.77
2020-01-06 15:30:00,4.81
2020-01-06 15:40:00,4.85
2020-01-06 15:50:00,4.65
2020-01-06 16:00:00,4.3
2020-01-06 16:10:00,3.96
2020-01-06 16:20:00,3.82
2020-01-06 16:30:00,3.66
2020-01-06 16:40:00,3.49
2020-01-06 16:50:00,3.38
2020-01-06 17:00:00,3.3
2020-01-06 17:10:00,3.15
2020-01-06 17:20:00,2.97
2020-01-06 17:30:00,2.82
2020-01-06 17:40:00,2.54
2020-01-06 17:50:00,2.32
2020-01-06 18:00:00,2.15
2020-01-06 18:10:00,2.03
2020-01-06 18:20:00,1.89
2020-01-06 18:30:00,1.77
2020-01-06 18:40:00,1.68
2020-01-06 18:50:00,1.57
2020-01-06 19:00:00,1.38
2020-01-06 19:10:00,1.22
2020-01-06 19:20:00,1.0
2020-01-06 19:30:00,0.86
2020-01-06 19:40:00,0.52
2020-01-06 19:50:00,0.24
2020-01-06 20:00:00,-0.03
2020-01-06 20:10:00,0.03
2020-01-06 20:20:00,0.17
2020-01-06 20:30:00,0.06
2020-01-06 20:40:00,-0.25
2020-01-06 20:50:00,-0.42
2020-01-06 21:00:00,-0.55
2020-01-06 21:10:00,-0.66
2020-01-06 21:20:00,-0.71
2020-01-06 21:30:00,-0.88
2020-01-06 21:40:00,-1.18
2020-01-06 21:50:00,-1.29
2020-01-06 22:00:00,-1.27
2020-01-06 22:10:00,-1.37
2020-01-06 22:20:00,-1.37
2020-01-06 22:30:00,-1.35
2020-01-06 22:40:00,-1.38
2020-01-06 22:50:00,-1.34
2020-01-06 23:00:00,-1.3
2020-01-06 23:10:00,-1.11
2020-01-06 23:20:00,-1.16
2020-01-06 23:30:00,-1.04
2020-01-06 23:40:00,-0.77
2020-01-06 23:50:00,-0.71
2020-01-07 00:00:00,-0.8
2020-01-07 00:10:00,-0.71
2020-01-07 00:20:00,-0.43
2020-01-07 00:30:00,-0.31
2020-01-07 00:40:00,-0.39
2020-01-07 00:50:00,-0.48
2020-01-07 01:00:00,-0.55
2020-01-07 01:10:00,-0.28
2020-01-07 01:20:00,0.21
2020-01-07 01:30:00,0.16
2020-01-07 01:40:00,0.08
2020-01-07 01:50:00,-0.02
2020-01-07 02:00:00,-0.01
2020-01-07 02:10:00,0.0
2020-01-07 02:20:00,-0.06
2020-01-07 02:30:00,-0.03
2020-01-07 02:40:00,-0.11
2020-01-07 02:50:00,-0.16
2020-01-07 03:00:00,-0.08
2020-01-07 03:10:00,0.16
2020-01-07 03:20:00,0.22
2020-01-07 03:30:00,0.25
2020-01-07 03:40:00,0.48
2020-01-07 03:50:00,0.56
2020-01-07 04:00:00,0.63
2020-01-07 04:10:00,0.7
2020-01-07 04:20:00,0.75
2020-01-07 04:30:00,0.77
2020-01-07 04:40:00,0.91
2020-01-07 04:50:00,0.94
2020-01-07 05:00:00,0.74
2020-01-07 05:10:00,0.39
2020-01-07 05:20:00,0.32
2020-01-07 05:30:00,0.29
2020-01-07 05:40:00,0.35
2020-01-07 05:50:00,0.53
2020-01-07 06:00:00,0.72
2020-01-07 06:10:00,0.95
2020-01-07 06:20:00,0.61
2020-01-07 06:30:00,0.47
2020-01-07 06:40:00,0.9
2020-01-07 06:50:00,0.84
2020-01-07 07:00:00,0.7
2020-01-07 07:10:00,0.66
2020-01-07 07:20:00,0.9
2020-01-07 07:30:00,1.02
2020-01-07 07:40:00,0.98
2020-01-07 07:50:00,1.15
2020-01-07 08:00:00,1.47
2020-01-07 08:10:00,1.33
2020-01-07 08:20:00,1.56
2020-01-07 08:30:00,1.65
2020-01-07 08:40:00,1.43
2020-01-07 08:50:00,1.46
2020-01-07 09:00:00,1.47
2020-01-07 09:10:00,1.41
2020-01-07 09:20:00,1.5
2020-01-07 09:30:00,1.71
2020-01-07 09:40:00,1.77
2020-01-07 09:50:00,1.62
2020-01-07 10:00:00,1.56
2020-01-07 10:10:00,1.82
2020-01-07 10:20:00,1.96
2020-01-07 10:30:00,1.83
2020-01-07 10:40:00,1.76
2020-01-07 10:50:00,2.05
2020-01-07 11:00:00,2.28
2020-01-07 11:10:00,2.64
2020-01-07 11:20:00,2.85
2020-01-07 11:30:00,3.08
2020-01-07 11:40:00,3.27
2020-01-07 11:50:00,3.31
2020-01-07 12:00:00,3.37
2020-01-07 12:10:00,3.44
2020-01-07 12:20:00,3.51
2020-01-07 12:30:00,3.62
2020-01-07 12:40:00,3.77
2020-01-07 12:50:00,3.85
2020-01-07 13:00:00,4.05
2020-01-07 13:10:00,4.54
2020-01-07 13:20:00,5.04
2020-01-07 13:30:00,5.52
2020-01-07 13:40:00,5.72
2020-01-07 13:50:00,5.21
2020-01-07 14:00:00,4.96
2020-01-07 14:10:00,4.94
2020-01-07 14:20:00,4.98
2020-01-07 14:30:00,5.01
2020-01-07 14:40:00,5.07
2020-01-07 14:50:00,5.07
2020-01-07 15:00:00,5.09
2020-01-07 15:10:00,5.11
2020-01-07 15:20:00,5.06
2020-01-07 15:30:00,5.05
2020-01-07 15:40:00,5.1
2020-01-07 15:50:00,5.14
2020-01-07 16:00:00,5.14
2020-01-07 16:10:00,5.1
2020-01-07 16:20:00,5.04
2020-01-07 16:30:00,4.97
2020-01-07 16:40:00,4.94
2020-01-07 16:50:00,4.85
2020-01-07 17:00:00,4.77
2020-01-07 17:10:00,4.74
2020-01-07 17:20:00,4.8
2020-01-07 17:30:00,4.94
2020-01-07 17:40:00,4.94
2020-01-07 17:50:00,4.94
2020-01-07 18:00:00,4.98
2020-01-07 18:10:00,4.97
2020-01-07 18:20:00,4.82
2020-01-07 18:30:00,4.76
2020-01-07 18:40:00,4.8
2020-01-07 18:50:00,4.76
2020-01-07 19:00:00,4.69
2020-01-07 19:10:00,4.56
2020-01-07 19:20:00,4.54
2020-01-07 19:30:00,4.53
2020-01-07 19:40:00,4.48
2020-01-07 19:50:00,4.41
2020-01-07 20:00:00,4.39
2020-01-07 20:10:00,4.26
2020-01-07 20:20:00,4.04
2020-01-07 20:30:00,3.82
2020-01-07 20:40:00,3.59
2020-01-07 20:50:00,3.3
2020-01-07 21:00:00,3.11
2020-01-07 21:10:00,3.06
2020-01-07 21:20:00,3.06
2020-01-07 21:30:00,3.06
2020-01-07 21:40:00,2.86
2020-01-07 21:50:00,2.54
2020-01-07 22:00:00,2.17
2020-01-07 22:10:00,2.03
2020-01-07 22:20:00,1.74
2020-01-07 22:30:00,1.66
2020-01-07 22:40:00,1.63
2020-01-07 22:50:00,1.68
2020-01-07 23:00:00,1.71
2020-01-07 23:10:00,1.47
2020-01-07 23:20:00,1.48
2020-01-07 23:30:00,1.79
2020-01-07 23:40:00,1.84
2020-01-07 23:50:00,1.74
2020-01-08 00:00:00,1.58
2020-01-08 00:10:00,1.36
2020-01-08 00:20:00,1.28
2020-01-08 00:30:00,1.23
2020-01-08 00:40:00,1.05
2020-01-08 00:50:00,1.3
2020-01-08 01:00:00,1.6
2020-01-08 01:10:00,1.99
2020-01-08 01:20:00,2.05
2020-01-08 01:30:00,2.05
2020-01-08 01:40:00,2.23
2020-01-08 01:50:00,2.43
2020-01-08 02:00:00,2.69
2020-01-08 02:10:00,3.1
2020-01-08 02:20:00,3.36
2020-01-08 02:30:00,3.63
2020-01-08 02:40:00,3.7
2020-01-08 02:50:00,3.68
2020-01-08 03:00:00,3.57
2020-01-08 03:10:00,3.73
2020-01-08 03:20:00,4.02
2020-01-08 03:30:00,4.36
2020-01-08 03:40:00,4.12
2020-01-08 03:50:00,4.13
2020-01-08 04:00:00,4.36
2020-01-08 04:10:00,4.68
2020-01-08 04:20:00,4.6
2020-01-08 04:30:00,4.32
2020-01-08 04:40:00,4.09
2020-01-08 04:50:00,4.0
2020-01-08 05:00:00,4.12
2020-01-08 05:10:00,4.47
2020-01-08 05:20:00,4.61
2020-01-08 05:30:00,4.79
2020-01-08 05:40:00,5.02
2020-01-08 05:50:00,5.16
2020-01-08 06:00:00,5.4
2020-01-08 06:10:00,5.52
2020-01-08 06:20:00,5.63
2020-01-08 06:30:00,5.66
2020-01-08 06:40:00,5.61
2020-01-08 06:50:00,5.33
2020-01-08 07:00:00,5.12
2020-01-08 07:10:00,5.12
2020-01-08 07:20:00,5.14
2020-01-08 07:30:00,5.09
2020-01-08 07:40:00,5.22
2020-01-08 07:50:00,5.26
2020-01-08 08:00:00,5.27
2020-01-08 08:10:00,5.31
2020-01-08 08:20:00,5.32
2020-01-08 08:30:00,5.26
2020-01-08 08:40:00,5.24
2020-01-08 08:50:00,5.5
2020-01-08 09:00:00,5.49
2020-01-08 09:10:00,4.9
2020-01-08 09:20:00,4.37
2020-01-08 09:30:00,4.17
2020-01-08 09:40:00,4.13
2020-01-08 09:50:00,4.15
2020-01-08 10:00:00,4.27
2020-01-08 10:10:00,4.39
2020-01-08 10:20:00,4.33
2020-01-08 10:30:00,4.17
2020-01-08 10:40:00,4.08
2020-01-08 10:50:00,4.12
2020-01-08 11:00:00,4.12
2020-01-08 11:10:00,4.14
2020-01-08 11:20:00,4.24
2020-01-08 11:30:00,4.11
2020-01-08 11:40:00,4.2
2020-01-08 11:50:00,4.2
2020-01-08 12:00:00,4.22
2020-01-08 12:10:00,4.33
2020-01-08 12:20:00,4.49
2020-01-08 12:30:00,4.5
2020-01-08 12:40:00,4.48
2020-01-08 12:50:00,4.42
2020-01-08 13:00:00,4.44
2020-01-08 13:10:00,4.59
2020-01-08 13:20:00,4.7
2020-01-08 13:30:00,4.78
2020-01-08 13:40:00,4.88
2020-01-08 13:50:00,5.07
2020-01-08 14:00:00,5.15
2020-01-08 14:10:00,5.28
2020-01-08 14:20:00,5.44
2020-01-08 14:30:00,5.51
2020-01-08 14:40:00,5.57
2020-01-08 14:50:00,5.7
2020-01-08 15:00:00,5.92
2020-01-08 15:10:00,6.18
2020-01-08 15:20:00,6.43
2020-01-08 15:30:00,6.48
2020-01-08 15:40:00,6.43
2020-01-08 15:50:00,6.34
2020-01-08 16:00:00,6.16
2020-01-08 16:10:00,6.22
2020-01-08 16:20:00,6.07
2020-01-08 16:30:00,6.06
2020-01-08 16:40:00,6.05
2020-01-08 16:50:00,6.01
2020-01-08 17:00:00,6.03
2020-01-08 17:10:00,6.01
2020-01-08 17:20:00,6.01
2020-01-08 17:30:00,5.98
2020-01-08 17:40:00,5.95
2020-01-08 17:50:00,5.86
2020-01-08 18:00:00,5.91
2020-01-08 18:10:00,5.88
2020-01-08 18:20:00,5.83
2020-01-08 18:30:00,5.88
2020-01-08 18:40:00,5.79
2020-01-08 18:50:00,5.76
2020-01-08 19:00:00,5.96
2020-01-08 19:10:00,5.99
2020-01-08 19:20:00,6.03
2020-01-08 19:30:00,6.0
2020-01-08 19:40:00,5.97
2020-01-08 19:50:00,6.03
2020-01-08 20:00:00,5.93
2020-01-08 20:10:00,5.94
2020-01-08 20:20:00,5.92
2020-01-08 20:30:00,5.76
2020-01-08 20:40:00,5.77
2020-01-08 20:50:00,5.83
2020-01-08 21:00:00,5.8
2020-01-08 21:10:00,5.81
2020-01-08 21:20:00,5.79
2020-01-08 21:30:00,5.8
2020-01-08 21:40:00,5.78
2020-01-08 21:50:00,5.68
2020-01-08 22:00:00,5.6
2020-01-08 22:10:00,5.61
2020-01-08 22:20:00,5.6
2020-01-08 22:30:00,5.54
2020-01-08 22:40:00,5.54
2020-01-08 22:50:00,5.47
2020-01-08 23:00:00,5.47
2020-01-08 23:10:00,5.45
2020-01-08 23:20:00,5.37
2020-01-08 23:30:00,5.29
2020-01-08 23:40:00,5.27
2020-01-08 23:50:00,5.27
2020-01-09 00:00:00,5.27
2020-01-09 00:10:00,5.21
2020-01-09 00:20:00,5.19
2020-01-09 00:30:00,5.13
2020-01-09 00:40:00,5.07
2020-01-09 00:50:00,5.07
2020-01-09 01:00:00,5.01
2020-01-09 01:10:00,5.07
2020-01-09 01:20:00,5.07
2020-01-09 01:30:00,5.08
2020-01-09 01:40:00,5.12
2020-01-09 01:50:00,5.11
2020-01-09 02:00:00,5.07
2020-01-09 02:10:00,5.13
2020-01-09 02:20:00,5.14
2020-01-09 02:30:00,5.14
2020-01-09 02:40:00,5.19
2020-01-09 02:50:00,5.2
2020-01-09 03:00:00,5.2
2020-01-09 03:10:00,5.22
2020-01-09 03:20:00,5.3
2020-01-09 03:30:00,5.28
2020-01-09 03:40:00,5.27
2020-01-09 03:50:00,5.28
2020-01-09 04:00:00,5.21
2020-01-09 04:10:00,5.25
2020-01-09 04:20:00,5.25
2020-01-09 04:30:00,5.22
2020-01-09 04:40:00,5.27
2020-01-09 04:50:00,5.23
2020-01-09 05:00:00,5.22
2020-01-09 05:10:00,5.21
2020-01-09 05:20:00,5.25
2020-01-09 05:30:00,5.27
2020-01-09 05:40:00,5.36
2020-01-09 05:50:00,5.45
2020-01-09 06:00:00,5.47
2020-01-09 06:10:00,5.49
2020-01-09 06:20:00,5.47
2020-01-09 06:30:00,5.51
2020-01-09 06:40:00,5.62
2020-01-09 06:50:00,5.62
2020-01-09 07:00:00,5.56
2020-01-09 07:10:00,5.55
2020-01-09 07:20:00,5.44
2020-01-09 07:30:00,5.46
2020-01-09 07:40:00,5.54
2020-01-09 07:50:00,5.57
2020-01-09 08:00:00,5.63
2020-01-09 08:10:00,5.59
2020-01-09 08:20:00,5.57
2020-01-09 08:30:00,5.75
2020-01-09 08:40:00,5.85
2020-01-09 08:50:00,5.85
2020-01-09 09:00:00,5.71
2020-01-09 09:10:00,5.84
2020-01-09 09:20:00,6.01
2020-01-09 09:30:00,6.16
2020-01-09 09:40:00,6.21
2020-01-09 09:50:00,6.25
2020-01-09 10:00:00,6.48
2020-01-09 10:10:00,6.62
2020-01-09 10:20:00,6.74
2020-01-09 10:30:00,6.69
2020-01-09 10:40:00,6.72
2020-01-09 10:50:00,6.8
2020-01-09 11:00:00,6.85
2020-01-09 11:10:00,6.88
2020-01-09 11:20:00,6.94
2020-01-09 11:30:00,7.02
2020-01-09 11:40:00,7.15
2020-01-09 11:50:00,7.3
2020-01-09 12:00:00,7.42
2020-01-09 12:10:00,7.48
2020-01-09 12:20:00,7.6
2020-01-09 12:30:00,7.71
2020-01-09 12:40:00,7.74
2020-01-09 12:50:00,7.8
2020-01-09 13:00:00,7.86
2020-01-09 13:10:00,7.85
2020-01-09 13:20:00,7.96
2020-01-09 13:30:00,8.14
2020-01-09 13:40:00,8.37
2020-01-09 13:50:00,8.89
2020-01-09 14:00:00,9.57
2020-01-09 14:10:00,9.89
2020-01-09 14:20:00,10.07
2020-01-09 14:30:00,10.17
2020-01-09 14:40:00,10.23
2020-01-09 14:50:00,10.27
2020-01-09 15:00:00,10.28
2020-01-09 15:10:00,10.18
2020-01-09 15:20:00,10.25
2020-01-09 15:30:00,10.23
2020-01-09 15:40:00,10.21
2020-01-09 15:50:00,10.22
2020-01-09 16:00:00,10.25
2020-01-09 16:10:00,10.21
2020-01-09 16:20:00,10.14
2020-01-09 16:30:00,10.09
2020-01-09 16:40:00,10.08
2020-01-09 16:50:00,10.06
2020-01-09 17:00:00,10.06
2020-01-09 17:10:00,10.01
2020-01-09 17:20:00,9.82
2020-01-09 17:30:00,9.77
2020-01-09 17:40:00,9.72
2020-01-09 17:50:00,9.68
2020-01-09 18:00:00,9.68
2020-01-09 18:10:00,9.66
2020-01-09 18:20:00,9.72
2020-01-09 18:30:00,9.73
2020-01-09 18:40:00,9.74
2020-01-09 18:50:00,9.72
2020-01-09 19:00:00,9.68
2020-01-09 19:10:00,9.67
2020-01-09 19:20:00,9.65
2020-01-09 19:30:00,9.56
2020-01-09 19:40:00,9.45
2020-01-09 19:50:00,9.4
2020-01-09 20:00:00,9.32
2020-01-09 20:10:00,9.24
2020-01-09 20:20:00,9.27
2020-01-09 20:30:00,9.28
2020-01-09 20:40:00,9.34
2020-01-09 20:50:00,9.34
2020-01-09 21:00:00,9.33
2020-01-09 21:10:00,9.26
2020-01-09 21:20:00,9.37
2020-01-09 21:30:00,9.57
2020-01-09 21:40:00,9.76
2020-01-09 21:50:00,9.94
2020-01-09 22:00:00,10.04
2020-01-09 22:10:00,10.1
2020-01-09 22:20:00,9.94
2020-01-09 22:30:00,9.7
2020-01-09 22:40:00,9.59
2020-01-09 22:50:00,9.66
2020-01-09 23:00:00,9.76
2020-01-09 23:10:00,9.86
2020-01-09 23:20:00,9.97
2020-01-09 23:30:00,10.03
2020-01-09 23:40:00,10.04
2020-01-09 23:50:00,10.01
2020-01-10 00:00:00,10.03
2020-01-10 00:10:00,10.08
2020-01-10 00:20:00,10.02
2020-01-10 00:30:00,10.03
2020-01-10 00:40:00,9.99
2020-01-10 00:50:00,10.03
2020-01-10 01:00:00,9.86
2020-01-10 01:10:00,9.94
2020-01-10 01:20:00,10.02
2020-01-10 01:30:00,9.94
2020-01-10 01:40:00,9.57
2020-01-10 01:50:00,9.41
2020-01-10 02:00:00,9.35
2020-01-10 02:10:00,9.47
2020-01-10 02:20:00,9.45
2020-01-10 02:30:00,9.67
2020-01-10 02:40:00,10.14
2020-01-10 02:50:00,10.32
2020-01-10 03:00:00,10.39
2020-01-10 03:10:00,10.3
2020-01-10 03:20:00,10.17
2020-01-10 03:30:00,10.12
2020-01-10 03:40:00,10.19
2020-01-10 03:50:00,10.22
2020-01-10 04:00:00,10.21
2020-01-10 04:10:00,10.14
2020-01-10 04:20:00,9.87
2020-01-10 04:30:00,9.69
2020-01-10 04:40:00,9.46
2020-01-10 04:50:00,9.27
2020-01-10 05:00:00,9.09
2020-01-10 05:10:00,8.95
2020-01-10 05:20:00,8.98
2020-01-10 05:30:00,8.97
2020-01-10 05:40:00,8.84
2020-01-10 05:50:00,8.78
2020-01-10 06:00:00,8.75
2020-01-10 06:10:00,8.82
2020-01-10 06:20:00,8.87
2020-01-10 06:30:00,8.84
2020-01-10 06:40:00,8.9
2020-01-10 06:50:00,8.93
2020-01-10 07:00:00,8.88
2020-01-10 07:10:00,8.88
2020-01-10 07:20:00,8.88
2020-01-10 07:30:00,8.84
2020-01-10 07:40:00,8.75
2020-01-10 07:50:00,8.74
2020-01-10 08:00:00,8.75
2020-01-10 08:10:00,8.91
2020-01-10 08:20:00,8.89
2020-01-10 08:30:00,8.83
2020-01-10 08:40:00,8.79
2020-01-10 08:50:00,8.76
2020-01-10 09:00:00,8.73
2020-01-10 09:10:00,8.62
2020-01-10 09:20:00,8.72
2020-01-10 09:30:00,8.76
2020-01-10 09:40:00,8.82
2020-01-10 09:50:00,8.87
2020-01-10 10:00:00,8.88
2020-01-10 10:10:00,8.94
2020-01-10 10:20:00,9.03
2020-01-10 10:30:00,9.14
2020-01-10 10:40:00,9.19
2020-01-10 10:50:00,9.27
2020-01-10 11:00:00,9.27
2020-01-10 11:10:00,9.21
2020-01-10 11:20:00,9.23
2020-01-10 11:30:00,9.27
2020-01-10 11:40:00,9.21
2020-01-10 11:50:00,9.15
2020-01-10 12:00:00,9.08
2020-01-10 12:10:00,9.01
2020-01-10 12:20:00,8.9
2020-01-10 12:30:00,8.88
2020-01-10 12:40:00,8.93
2020-01-10 12:50:00,8.94
2020-01-10 13:00:00,8.94
2020-01-10 13:10:00,9.0
2020-01-10 13:20:00,9.01
2020-01-10 13:30:00,8.98
2020-01-10 13:40:00,8.99
2020-01-10 13:50:00,9.01
2020-01-10 14:00:00,9.07
2020-01-10 14:10:00,9.1
2020-01-10 14:20:00,9.08
2020-01-10 14:30:00,9.08
2020-01-10 14:40:00,9.11
2020-01-10 14:50:00,9.14
2020-01-10 15:00:00,9.14
2020-01-10 15:10:00,9.13
2020-01-10 15:20:00,9.08
2020-01-10 15:30:00,9.07
2020-01-10 15:40:00,9.02
2020-01-10 15:50:00,8.98
2020-01-10 16:00:00,8.9
2020-01-10 16:10:00,8.88
2020-01-10 16:20:00,8.82
2020-01-10 16:30:00,8.71
2020-01-10 16:40:00,8.67
2020-01-10 16:50:00,8.67
2020-01-10 17:00:00,8.64
2020-01-10 17:10:00,8.58
2020-01-10 17:20:00,8.37
2020-01-10 17:30:00,7.67
2020-01-10 17:40:00,7.23
2020-01-10 17:50:00,6.96
2020-01-10 18:00:00,6.86
2020-01-10 18:10:00,6.78
2020-01-10 18:20:00,6.67
2020-01-10 18:30:00,6.62
2020-01-10 18:40:00,6.63
2020-01-10 18:50:00,6.73
2020-01-10 19:00:00,6.72
2020-01-10 19:10:00,6.73
2020-01-10 19:20:00,6.83
2020-01-10 19:30:00,6.85
2020-01-10 19:40:00,6.82
2020-01-10 19:50:00,6.83
2020-01-10 20:00:00,6.81
2020-01-10 20:10:00,6.78
2020-01-10 20:20:00,6.71
2020-01-10 20:30:00,6.72
2020-01-10 20:40:00,6.7
2020-01-10 20:50:00,6.28
2020-01-10 21:00:00,6.0
2020-01-10 21:10:00,5.78
2020-01-10 21:20:00,5.53
2020-01-10 21:30:00,5.37
2020-01-10 21:40:00,5.23
2020-01-10 21:50:00,5.12
2020-01-10 22:00:00,5.02
2020-01-10 22:10:00,5.0
2020-01-10 22:20:00,5.02
2020-01-10 22:30:00,5.02
2020-01-10 22:40:00,5.09
2020-01-10 22:50:00,5.06
2020-01-10 23:00:00,4.72
2020-01-10 23:10:00,4.38
2020-01-10 23:20:00,4.33
2020-01-10 23:30:00,4.25
2020-01-10 23:40:00,4.13
2020-01-10 23:50:00,4.09
2020-01-11 00:00:00,4.15
2020-01-11 00:10:00,4.14
2020-01-11 00:20:00,4.25
2020-01-11 00:30:00,4.42
2020-01-11 00:40:00,4.48
2020-01-11 00:50:00,4.43
2020-01-11 01:00:00,4.36
2020-01-11 01:10:00,4.33
2020-01-11 01:20:00,4.27
2020-01-11 01:30:00,4.27
2020-01-11 01:40:00,4.3
2020-01-11 01:50:00,4.3
2020-01-11 02:00:00,4.25
2020-01-11 02:10:00,4.21
2020-01-11 02:20:00,4.24
2020-01-11 02:30:00,4.17
2020-01-11 02:40:00,4.08
2020-01-11 02:50:00,3.87
2020-01-11 03:00:00,3.58
2020-01-11 03:10:00,3.49
2020-01-11 03:20:00,3.42
2020-01-11 03:30:00,3.39
2020-01-11 03:40:00,3.34
2020-01-11 03:50:00,3.38
2020-01-11 04:00:00,3.28
2020-01-11 04:10:00,3.2
2020-01-11 04:20:00,3.14
2020-01-11 04:30:00,3.12
2020-01-11 04:40:00,3.13
2020-01-11 04:50:00,3.2
2020-01-11 05:00:00,3.3
2020-01-11 05:10:00,3.33
2020-01-11 05:20:00,3.38
2020-01-11 05:30:00,3.51
2020-01-11 05:40:00,3.64
2020-01-11 05:50:00,3.74
2020-01-11 06:00:00,3.74
2020-01-11 06:10:00,3.76
2020-01-11 06:20:00,3.74
2020-01-11 06:30:00,3.8
2020-01-11 06:40:00,3.79
2020-01-11 06:50:00,3.79
2020-01-11 07:00:00,3.74
2020-01-11 07:10:00,3.74
2020-01-11 07:20:00,3.72
2020-01-11 07:30:00,3.68
2020-01-11 07:40:00,3.6
2020-01-11 07:50:00,3.47
2020-01-11 08:00:00,3.3
2020-01-11 08:10:00,3.16
2020-01-11 08:20:00,3.08
2020-01-11 08:30:00,3.07
2020-01-11 08:40:00,3.16
2020-01-11 08:50:00,3.26
2020-01-11 09:00:00,3.41
2020-01-11 09:10:00,3.53
2020-01-11 09:20:00,3.65
2020-01-11 09:30:00,3.71
2020-01-11 09:40:00,3.7
2020-01-11 09:50:00,3.68
2020-01-11 10:00:00,3.83
2020-01-11 10:10:00,3.92
2020-01-11 10:20:00,4.0
2020-01-11 10:30:00,3.99
2020-01-11 10:40:00,4.03
2020-01-11 10:50:00,4.34
2020-01-11 11:00:00,4.54
2020-01-11 11:10:00,4.86
2020-01-11 11:20:00,4.83
2020-01-11 11:30:00,4.88
2020-01-11 11:40:00,5.01
2020-01-11 11:50:00,5.0
2020-01-11 12:00:00,5.08
2020-01-11 12:10:00,4.91
2020-01-11 12:20:00,4.74
2020-01-11 12:30:00,5.04
2020-01-11 12:40:00,5.5
2020-01-11 12:50:00,5.06
2020-01-11 13:00:00,5.3
2020-01-11 13:10:00,5.69
2020-01-11 13:20:00,5.46
2020-01-11 13:30:00,5.68
2020-01-11 13:40:00,5.83
2020-01-11 13:50:00,5.59
2020-01-11 14:00:00,5.48
2020-01-11 14:10:00,5.42
2020-01-11 14:20:00,5.41
2020-01-11 14:30:00,5.38
2020-01-11 14:40:00,5.37
2020-01-11 14:50:00,5.38
2020-01-11 15:00:00,5.48
2020-01-11 15:10:00,5.59
2020-01-11 15:20:00,5.47
2020-01-11 15:30:00,5.35
2020-01-11 15:40:00,5.16
2020-01-11 15:50:00,4.89
2020-01-11 16:00:00,4.59
2020-01-11 16:10:00,4.33
2020-01-11 16:20:00,4.06
2020-01-11 16:30:00,3.93
2020-01-11 16:40:00,3.79
2020-01-11 16:50:00,3.58
2020-01-11 17:00:00,3.34
2020-01-11 17:10:00,3.18
2020-01-11 17:20:00,2.92
2020-01-11 17:30:00,2.69
2020-01-11 17:40:00,2.64
2020-01-11 17:50:00,2.45
2020-01-11 18:00:00,2.33
2020-01-11 18:10:00,2.3
2020-01-11 18:20:00,2.17
2020-01-11 18:30:00,1.96
2020-01-11 18:40:00,1.94
2020-01-11 18:50:00,1.81
2020-01-11 19:00:00,1.85
2020-01-11 19:10:00,1.88
2020-01-11 19:20:00,1.67
2020-01-11 19:30:00,1.51
2020-01-11 19:40:00,1.47
2020-01-11 19:50:00,1.45
2020-01-11 20:00:00,1.48
2020-01-11 20:10:00,1.53
2020-01-11 20:20:00,1.5
2020-01-11 20:30:00,1.4
2020-01-11 20:40:00,1.34
2020-01-11 20:50:00,1.29
2020-01-11 21:00:00,1.28
2020-01-11 21:10:00,1.35
2020-01-11 21:20:00,1.34
2020-01-11 21:30:00,1.16
2020-01-11 21:40:00,0.87
2020-01-11 21:50:00,0.72
2020-01-11 22:00:00,0.65
2020-01-11 22:10:00,0.6
2020-01-11 22:20:00,0.6
2020-01-11 22:30:00,0.6
2020-01-11 22:40:00,0.6
2020-01-11 22:50:00,0.48
2020-01-11 23:00:00,0.5
2020-01-11 23:10:00,0.39
2020-01-11 23:20:00,0.32
2020-01-11 23:30:00,0.27
2020-01-11 23:40:00,0.09
2020-01-11 23:50:00,-0.13
2020-01-12 00:00:00,-0.24
2020-01-12 00:10:00,-0.09
2020-01-12 00:20:00,0.15
2020-01-12 00:30:00,0.11
2020-01-12 00:40:00,0.08
2020-01-12 00:50:00,0.07
2020-01-12 01:00:00,0.02
2020-01-12 01:10:00,0.08
2020-01-12 01:20:00,0.04
2020-01-12 01:30:00,0.14
2020-01-12 01:40:00,0.35
2020-01-12 01:50:00,0.56
2020-01-12 02:00:00,0.67
2020-01-12 02:10:00,0.66
2020-01-12 02:20:00,0.53
2020-01-12 02:30:00,0.51
2020-01-12 02:40:00,0.46
2020-01-12 02:50:00,0.41
2020-01-12 03:00:00,0.23
2020-01-12 03:10:00,0.05
2020-01-12 03:20:00,0.01
2020-01-12 03:30:00,-0.04
2020-01-12 03:40:00,-0.04
2020-01-12 03:50:00,0.02
2020-01-12 04:00:00,0.11
2020-01-12 04:10:00,-0.13
2020-01-12 04:20:00,0.07
2020-01-12 04:30:00,0.27
2020-01-12 04:40:00,0.3
2020-01-12 04:50:00,0.31
2020-01-12 05:00:00,0.46
2020-01-12 05:10:00,0.45
2020-01-12 05:20:00,0.44
2020-01-12 05:30:00,0.37
2020-01-12 05:40:00,0.28
2020-01-12 05:50:00,0.24
2020-01-12 06:00:00,0.26
2020-01-12 06:10:00,0.39
2020-01-12 06:20:00,0.43
2020-01-12 06:30:00,0.42
2020-01-12 06:40:00,0.45
2020-01-12 06:50:00,0.46
2020-01-12 07:00:00,0.62
2020-01-12 07:10:00,0.58
2020-01-12 07:20:00,0.46
2020-01-12 07:30:00,0.53
2020-01-12 07:40:00,0.65
2020-01-12 07:50:00,0.58
2020-01-12 08:00:00,0.45
2020-01-12 08:10:00,0.28
2020-01-12 08:20:00,0.25
2020-01-12 08:30:00,0.19
2020-01-12 08:40:00,0.23
2020-01-12 08:50:00,0.51
2020-01-12 09:00:00,0.89
2020-01-12 09:10:00,1.0
2020-01-12 09:20:00,1.08
2020-01-12 09:30:00,1.42
2020-01-12 09:40:00,1.79
2020-01-12 09:50:00,1.94
2020-01-12 10:00:00,1.94
2020-01-12 10:10:00,2.03
2020-01-12 10:20:00,2.39
2020-01-12 10:30:00,2.71
2020-01-12 10:40:00,2.95
2020-01-12 10:50:00,3.32
2020-01-12 11:00:00,3.64
2020-01-12 11:10:00,3.95
2020-01-12 11:20:00,4.31
2020-01-12 11:30:00,4.51
2020-01-12 11:40:00,4.48
2020-01-12 11:50:00,4.82
2020-01-12 12:00:00,5.29
2020-01-12 12:10:00,5.47
2020-01-12 12:20:00,5.53
2020-01-12 12:30:00,5.66
2020-01-12 12:40:00,5.08
2020-01-12 12:50:00,4.67
2020-01-12 13:00:00,4.5
2020-01-12 13:10:00,4.33
2020-01-12 13:20:00,4.29
2020-01-12 13:30:00,4.19
2020-01-12 13:40:00,4.13
2020-01-12 13:50:00,4.13
2020-01-12 14:00:00,3.96
2020-01-12 14:10:00,3.77
2020-01-12 14:20:00,3.67
2020-01-12 14:30:00,3.65
2020-01-12 14:40:00,3.6
2020-01-12 14:50:00,3.42
2020-01-12 15:00:00,3.33
2020-01-12 15:10:00,3.21
2020-01-12 15:20:00,3.25
2020-01-12 15:30:00,3.6
2020-01-12 15:40:00,3.53
2020-01-12 15:50:00,3.21
2020-01-12 16:00:00,2.93
2020-01-12 16:10:00,2.8
2020-01-12 16:20:00,2.72
2020-01-12 16:30:00,2.59
2020-01-12 16:40:00,2.46
2020-01-12 16:50:00,2.44
2020-01-12 17:00:00,2.49
2020-01-12 17:10:00,2.62
2020-01-12 17:20:00,2.6
2020-01-12 17:30:00,2.53
2020-01-12 17:40:00,2.52
2020-01-12 17:50:00,2.67
2020-01-12 18:00:00,2.74
2020-01-12 18:10:00,2.81
2020-01-12 18:20:00,2.94
2020-01-12 18:30:00,3.0
2020-01-12 18:40:00,3.19
2020-01-12 18:50:00,3.38
2020-01-12 19:00:00,3.39
2020-01-12 19:10:00,3.47
2020-01-12 19:20:00,3.38
2020-01-12 19:30:00,3.22
2020-01-12 19:40:00,3.47
2020-01-12 19:50:00,3.65
2020-01-12 20:00:00,3.86
2020-01-12 20:10:00,3.94
2020-01-12 20:20:00,4.0
2020-01-12 20:30:00,4.12
2020-01-12 20:40:00,4.21
2020-01-12 20:50:00,4.16
2020-01-12 21:00:00,4.08
2020-01-12 21:10:00,4.03
2020-01-12 21:20:00,3.95
2020-01-12 21:30:00,3.82
2020-01-12 21:40:00,3.8
2020-01-12 21:50:00,3.79
2020-01-12 22:00:00,3.6
2020-01-12 22:10:00,3.54
2020-01-12 22:20:00,3.56
2020-01-12 22:30:00,3.62
2020-01-12 22:40:00,3.5
2020-01-12 22:50:00,3.45
2020-01-12 23:00:00,3.46
2020-01-12 23:10:00,3.38
2020-01-12 23:20:00,3.34
2020-01-12 23:30:00,3.38
2020-01-12 23:40:00,3.25
2020-01-12 23:50:00,3.0
2020-01-13 00:00:00,2.71
2020-01-13 00:10:00,2.51
2020-01-13 00:20:00,2.41
2020-01-13 00:30:00,2.47
2020-01-13 00:40:00,2.75
2020-01-13 00:50:00,3.0
2020-01-13 01:00:00,3.09
2020-01-13 01:10:00,3.13
2020-01-13 01:20:00,3.14
2020-01-13 01:30:00,3.21
2020-01-13 01:40:00,3.44
2020-01-13 01:50:00,3.49
2020-01-13 02:00:00,3.25
2020-01-13 02:10:00,3.3
2020-01-13 02:20:00,3.3
2020-01-13 02:30:00,3.18
2020-01-13 02:40:00,3.09
2020-01-13 02:50:00,2.9
2020-01-13 03:00:00,3.15
2020-01-13 03:10:00,3.4
2020-01-13 03:20:00,3.96
2020-01-13 03:30:00,4.35
2020-01-13 03:40:00,4.72
2020-01-13 03:50:00,4.82
2020-01-13 04:00:00,4.31
2020-01-13 04:10:00,3.76
2020-01-13 04:20:00,3.41
2020-01-13 04:30:00,3.34
2020-01-13 04:40:00,3.24
2020-01-13 04:50:00,2.94
2020-01-13 05:00:00,2.89
2020-01-13 05:10:00,3.02
2020-01-13 05:20:00,3.24
2020-01-13 05:30:00,3.45
2020-01-13 05:40:00,3.44
2020-01-13 05:50:00,3.38
2020-01-13 06:00:00,3.35
2020-01-13 06:10:00,3.24
2020-01-13 06:20:00,3.2
2020-01-13 06:30:00,3.2
2020-01-13 06:40:00,3.18
2020-01-13 06:50:00,3.19
2020-01-13 07:00:00,3.06
2020-01-13 07:10:00,3.04
2020-01-13 07:20:00,3.15
2020-01-13 07:30:00,3.32
2020-01-13 07:40:00,3.33
2020-01-13 07:50:00,3.34
2020-01-13 08:00:00,3.35
2020-01-13 08:10:00,3.17
2020-01-13 08:20:00,3.14
2020-01-13 08:30:00,3.2
2020-01-13 08:40:00,3.26
2020-01-13 08:50:00,3.42
2020-01-13 09:00:00,3.95
2020-01-13 09:10:00,4.26
2020-01-13 09:20:00,4.33
2020-01-13 09:30:00,4.27
2020-01-13 09:40:00,4.19
2020-01-13 09:50:00,3.88
2020-01-13 10:00:00,3.86
2020-01-13 10:10:00,3.92
2020-01-13 10:20:00,4.06
2020-01-13 10:30:00,4.15
2020-01-13 10:40:00,4.31
2020-01-13 10:50:00,4.56
2020-01-13 11:00:00,4.82
2020-01-13 11:10:00,4.99
2020-01-13 11:20:00,5.0
2020-01-13 11:30:00,4.96
2020-01-13 11:40:00,5.03
2020-01-13 11:50:00,5.15
2020-01-13 12:00:00,5.18
2020-01-13 12:10:00,5.24
2020-01-13 12:20:00,5.26
2020-01-13 12:30:00,5.27
2020-01-13 12:40:00,5.28
2020-01-13 12:50:00,5.22
2020-01-13 13:00:00,5.25
2020-01-13 13:10:00,5.24
2020-01-13 13:20:00,5.26
2020-01-13 13:30:00,5.26
2020-01-13 13:40:00,5.39
2020-01-13 13:50:00,5.34
2020-01-13 14:00:00,5.27
2020-01-13 14:10:00,5.33
2020-01-13 14:20:00,5.28
2020-01-13 14:30:00,5.11
2020-01-13 14:40:00,5.02
2020-01-13 14:50:00,4.9
2020-01-13 15:00:00,4.83
2020-01-13 15:10:00,4.72
2020-01-13 15:20:00,4.56
2020-01-13 15:30:00,4.49
2020-01-13 15:40:00,4.41
2020-01-13 15:50:00,4.33
2020-01-13 16:00:00,4.26
2020-01-13 16:10:00,4.21
2020-01-13 16:20:00,4.14
2020-01-13 16:30:00,4.13
2020-01-13 16:40:00,4.13
2020-01-13 16:50:00,4.19
2020-01-13 17:00:00,4.19
2020-01-13 17:10:00,4.27
2020-01-13 17:20:00,4.33
2020-01-13 17:30:00,4.34
2020-01-13 17:40:00,4.43
2020-01-13 17:50:00,4.47
2020-01-13 18:00:00,4.48
2020-01-13 18:10:00,4.54
2020-01-13 18:20:00,4.59
2020-01-13 18:30:00,4.61
2020-01-13 18:40:00,4.69
2020-01-13 18:50:00,4.64
2020-01-13 19:00:00,4.6
2020-01-13 19:10:00,4.6
2020-01-13 19:20:00,4.6
2020-01-13 19:30:00,4.57
2020-01-13 19:40:00,4.46
2020-01-13 19:50:00,4.4
2020-01-13 20:00:00,4.41
2020-01-13 20:10:00,4.46
2020-01-13 20:20:00,4.38
2020-01-13 20:30:00,4.34
2020-01-13 20:40:00,4.27
2020-01-13 20:50:00,4.21
2020-01-13 21:00:00,4.18
2020-01-13 21:10:00,4.05
2020-01-13 21:20:00,4.06
2020-01-13 21:30:00,3.97
2020-01-13 21:40:00,3.82
2020-01-13 21:50:00,3.71
2020-01-13 22:00:00,3.59
2020-01-13 22:10:00,3.57
2020-01-13 22:20:00,3.73
2020-01-13 22:30:00,3.9
2020-01-13 22:40:00,3.98
2020-01-13 22:50:00,4.03
2020-01-13 23:00:00,3.95
2020-01-13 23:10:00,3.78
2020-01-13 23:20:00,3.91
2020-01-13 23:30:00,4.07
2020-01-13 23:40:00,4.07
2020-01-13 23:50:00,4.22
2020-01-14 00:00:00,4.38
2020-01-14 00:10:00,4.47
2020-01-14 00:20:00,4.54
2020-01-14 00:30:00,4.45
2020-01-14 00:40:00,4.29
2020-01-14 00:50:00,4.07
2020-01-14 01:00:00,3.89
2020-01-14 01:10:00,3.89
2020-01-14 01:20:00,3.87
2020-01-14 01:30:00,3.9
2020-01-14 01:40:00,4.12
2020-01-14 01:50:00,4.13
2020-01-14 02:00:00,4.15
2020-01-14 02:10:00,4.21
2020-01-14 02:20:00,4.22
2020-01-14 02:30:00,4.43
2020-01-14 02:40:00,4.65
2020-01-14 02:50:00,4.64
2020-01-14 03:00:00,4.6
2020-01-14 03:10:00,4.92
2020-01-14 03:20:00,4.97
2020-01-14 03:30:00,4.69
2020-01-14 03:40:00,4.49
2020-01-14 03:50:00,4.67
2020-01-14 04:00:00,4.74
2020-01-14 04:10:00,4.47
2020-01-14 04:20:00,4.47
2020-01-14 04:30:00,4.22
2020-01-14 04:40:00,3.98
2020-01-14 04:50:00,3.97
2020-01-14 05:00:00,4.13
2020-01-14 05:10:00,4.02
2020-01-14 05:20:00,4.13
2020-01-14 05:30:00,4.47
2020-01-14 05:40:00,4.67
2020-01-14 05:50:00,4.97
2020-01-14 06:00:00,5.03
2020-01-14 06:10:00,5.22
2020-01-14 06:20:00,5.43
2020-01-14 06:30:00,5.75
2020-01-14 06:40:00,6.0
2020-01-14 06:50:00,6.01
2020-01-14 07:00:00,6.13
2020-01-14 07:10:00,6.18
2020-01-14 07:20:00,6.07
2020-01-14 07:30:00,6.07
2020-01-14 07:40:00,5.92
2020-01-14 07:50:00,5.81
2020-01-14 08:00:00,5.74
2020-01-14 08:10:00,5.65
2020-01-14 08:20:00,5.6
2020-01-14 08:30:00,5.49
2020-01-14 08:40:00,5.42
2020-01-14 08:50:00,5.32
2020-01-14 09:00:00,5.3
2020-01-14 09:10:00,5.34
2020-01-14 09:20:00,5.43
2020-01-14 09:30:00,5.64
2020-01-14 09:40:00,5.87
2020-01-14 09:50:00,6.19
2020-01-14 10:00:00,6.42
2020-01-14 10:10:00,6.58
2020-01-14 10:20:00,6.78
2020-01-14 10:30:00,7.08
2020-01-14 10:40:00,7.16
2020-01-14 10:50:00,7.32
2020-01-14 11:00:00,7.24
2020-01-14 11:10:00,7.08
2020-01-14 11:20:00,7.01
2020-01-14 11:30:00,7.04
2020-01-14 11:40:00,7.18
2020-01-14 11:50:00,7.38
2020-01-14 12:00:00,7.63
2020-01-14 12:10:00,7.99
2020-01-14 12:20:00,8.69
2020-01-14 12:30:00,9.84
2020-01-14 12:40:00,10.34
2020-01-14 12:50:00,10.49
2020-01-14 13:00:00,10.71
2020-01-14 13:10:00,10.81
2020-01-14 13:20:00,10.69
2020-01-14 13:30:00,10.49
2020-01-14 13:40:00,10.58
2020-01-14 13:50:00,10.72
2020-01-14 14:00:00,10.74
2020-01-14 14:10:00,10.47
2020-01-14 14:20:00,10.15
2020-01-14 14:30:00,10.01
2020-01-14 14:40:00,9.95
2020-01-14 14:50:00,9.93
2020-01-14 15:00:00,9.76
2020-01-14 15:10:00,9.49
2020-01-14 15:20:00,9.13
2020-01-14 15:30:00,8.75
2020-01-14 15:40:00,8.58
2020-01-14 15:50:00,8.54
2020-01-14 16:00:00,8.54
2020-01-14 16:10:00,8.5
2020-01-14 16:20:00,8.47
2020-01-14 16:30:00,8.47
2020-01-14 16:40:00,8.53
2020-01-14 16:50:00,8.74
2020-01-14 17:00:00,8.78
2020-01-14 17:10:00,8.83
2020-01-14 17:20:00,8.86
2020-01-14 17:30:00,8.87
2020-01-14 17:40:00,8.83
2020-01-14 17:50:00,8.81
2020-01-14 18:00:00,8.85
2020-01-14 18:10:00,8.92
2020-01-14 18:20:00,8.9
2020-01-14 18:30:00,8.87
2020-01-14 18:40:00,8.94
2020-01-14 18:50:00,8.94
2020-01-14 19:00:00,8.96
2020-01-14 19:10:00,9.0
2020-01-14 19:20:00,8.92
2020-01-14 19:30:00,8.84
2020-01-14 19:40:00,8.79
2020-01-14 19:50:00,8.73
2020-01-14 20:00:00,8.69
2020-01-14 20:10:00,8.68
2020-01-14 20:20:00,8.88
2020-01-14 20:30:00,8.97
2020-01-14 20:40:00,9.23
2020-01-14 20:50:00,9.43
2020-01-14 21:00:00,9.57
2020-01-14 21:10:00,9.61
2020-01-14 21:20:00,9.68
2020-01-14 21:30:00,9.73
2020-01-14 21:40:00,9.77
2020-01-14 21:50:00,9.85
2020-01-14 22:00:00,9.85
2020-01-14 22:10:00,9.93
2020-01-14 22:20:00,9.92
2020-01-14 22:30:00,9.89
2020-01-14 22:40:00,9.8
2020-01-14 22:50:00,9.77
2020-01-14 23:00:00,9.61
2020-01-14 23:10:00,9.32
2020-01-14 23:20:00,9.34
2020-01-14 23:30:00,9.14
2020-01-14 23:40:00,8.98
2020-01-14 23:50:00,8.93
2020-01-15 00:00:00,9.23
2020-01-15 00:10:00,9.53
2020-01-15 00:20:00,9.53
2020-01-15 00:30:00,9.12
2020-01-15 00:40:00,8.97
2020-01-15 00:50:00,8.96
2020-01-15 01:00:00,8.93
2020-01-15 01:10:00,8.85
2020-01-15 01:20:00,8.75
2020-01-15 01:30:00,8.96
2020-01-15 01:40:00,9.15
2020-01-15 01:50:00,9.01
2020-01-15 02:00:00,8.86
2020-01-15 02:10:00,8.58
2020-01-15 02:20:00,8.74
2020-01-15 02:30:00,8.82
2020-01-15 02:40:00,9.35
2020-01-15 02:50:00,9.27
2020-01-15 03:00:00,9.27
2020-01-15 03:10:00,9.19
2020-01-15 03:20:00,9.32
2020-01-15 03:30:00,9.28
2020-01-15 03:40:00,9.07
2020-01-15 03:50:00,8.99
2020-01-15 04:00:00,8.81
2020-01-15 04:10:00,8.64
2020-01-15 04:20:00,8.71
2020-01-15 04:30:00,8.9
2020-01-15 04:40:00,9.17
2020-01-15 04:50:00,9.8
2020-01-15 05:00:00,10.14
2020-01-15 05:10:00,10.34
2020-01-15 05:20:00,10.46
2020-01-15 05:30:00,10.66
2020-01-15 05:40:00,10.84
2020-01-15 05:50:00,10.99
2020-01-15 06:00:00,11.05
2020-01-15 06:10:00,11.05
2020-01-15 06:20:00,11.03
2020-01-15 06:30:00,10.95
2020-01-15 06:40:00,10.78
2020-01-15 06:50:00,10.71
2020-01-15 07:00:00,10.76
2020-01-15 07:10:00,10.64
2020-01-15 07:20:00,10.46
2020-01-15 07:30:00,10.17
2020-01-15 07:40:00,10.22
2020-01-15 07:50:00,10.09
2020-01-15 08:00:00,9.91
2020-01-15 08:10:00,9.64
2020-01-15 08:20:00,9.36
2020-01-15 08:30:00,9.33
2020-01-15 08:40:00,9.16
2020-01-15 08:50:00,9.0
2020-01-15 09:00:00,8.74
2020-01-15 09:10:00,8.62
2020-01-15 09:20:00,8.47
2020-01-15 09:30:00,8.62
2020-01-15 09:40:00,8.85
2020-01-15 09:50:00,8.89
2020-01-15 10:00:00,8.99
2020-01-15 10:10:00,8.99
2020-01-15 10:20:00,9.07
2020-01-15 10:30:00,9.38
2020-01-15 10:40:00,9.74
2020-01-15 10:50:00,9.68
2020-01-15 11:00:00,9.44
2020-01-15 11:10:00,9.33
2020-01-15 11:20:00,9.38
2020-01-15 11:30:00,9.54
2020-01-15 11:40:00,9.86
2020-01-15 11:50:00,10.34
2020-01-15 12:00:00,11.11
2020-01-15 12:10:00,11.86
2020-01-15 12:20:00,12.15
2020-01-15 12:30:00,12.45
2020-01-15 12:40:00,12.66
2020-01-15 12:50:00,12.91
2020-01-15 13:00:00,12.9
2020-01-15 13:10:00,12.98
2020-01-15 13:20:00,12.84
2020-01-15 13:30:00,13.13
2020-01-15 13:40:00,13.48
2020-01-15 13:50:00,13.58
2020-01-15 14:00:00,13.24
2020-01-15 14:10:00,13.09
2020-01-15 14:20:00,13.15
2020-01-15 14:30:00,13.2
2020-01-15 14:40:00,13.17
2020-01-15 14:50:00,13.07
2020-01-15 15:00:00,13.16
2020-01-15 15:10:00,12.93
2020-01-15 15:20:00,12.59
2020-01-15 15:30:00,12.36
2020-01-15 15:40:00,12.01
2020-01-15 15:50:00,11.82
2020-01-15 16:00:00,11.53
2020-01-15 16:10:00,11.17
2020-01-15 16:20:00,10.68
2020-01-15 16:30:00,10.37
2020-01-15 16:40:00,10.13
2020-01-15 16:50:00,9.59
2020-01-15 17:00:00,9.11
2020-01-15 17:10:00,8.93
2020-01-15 17:20:00,8.97
2020-01-15 17:30:00,8.93
2020-01-15 17:40:00,9.15
2020-01-15 17:50:00,9.17
2020-01-15 18:00:00,8.98
2020-01-15 18:10:00,8.96
2020-01-15 18:20:00,9.05
2020-01-15 18:30:00,9.15
2020-01-15 18:40:00,9.28
2020-01-15 18:50:00,9.26
2020-01-15 19:00:00,9.22
2020-01-15 19:10:00,9.19
2020-01-15 19:20:00,8.97
2020-01-15 19:30:00,8.69
2020-01-15 19:40:00,8.41
2020-01-15 19:50:00,8.46
2020-01-15 20:00:00,8.29
2020-01-15 20:10:00,8.22
2020-01-15 20:20:00,7.82
2020-01-15 20:30:00,7.68
2020-01-15 20:40:00,8.15
2020-01-15 20:50:00,8.51
2020-01-15 21:00:00,8.71
2020-01-15 21:10:00,8.66
2020-01-15 21:20:00,8.45
2020-01-15 21:30:00,8.61
2020-01-15 21:40:00,8.69
2020-01-15 21:50:00,8.48
2020-01-15 22:00:00,7.96
2020-01-15 22:10:00,7.89
2020-01-15 22:20:00,8.15
2020-01-15 22:30:00,8.63
2020-01-15 22:40:00,8.82
2020-01-15 22:50:00,9.05
2020-01-15 23:00:00,9.48
2020-01-15 23:10:00,9.41
2020-01-15 23:20:00,9.54
2020-01-15 23:30:00,9.83
2020-01-15 23:40:00,9.87
2020-01-15 23:50:00,9.92
2020-01-16 00:00:00,10.03
2020-01-16 00:10:00,10.11
2020-01-16 00:20:00,10.03
2020-01-16 00:30:00,10.08
2020-01-16 00:40:00,10.27
2020-01-16 00:50:00,10.45
2020-01-16 01:00:00,10.51
2020-01-16 01:10:00,10.52
2020-01-16 01:20:00,10.53
2020-01-16 01:30:00,10.48
2020-01-16 01:40:00,10.39
2020-01-16 01:50:00,10.2
2020-01-16 02:00:00,10.14
2020-01-16 02:10:00,10.11
2020-01-16 02:20:00,10.04
2020-01-16 02:30:00,10.03
2020-01-16 02:40:00,10.09
2020-01-16 02:50:00,9.83
2020-01-16 03:00:00,9.45
2020-01-16 03:10:00,9.36
2020-01-16 03:20:00,9.15
2020-01-16 03:30:00,9.17
2020-01-16 03:40:00,9.2
2020-01-16 03:50:00,9.08
2020-01-16 04:00:00,9.04
2020-01-16 04:10:00,8.97
2020-01-16 04:20:00,9.19
2020-01-16 04:30:00,9.32
2020-01-16 04:40:00,9.51
2020-01-16 04:50:00,9.31
2020-01-16 05:00:00,9.0
2020-01-16 05:10:00,8.46
2020-01-16 05:20:00,8.16
2020-01-16 05:30:00,8.01
2020-01-16 05:40:00,7.99
2020-01-16 05:50:00,7.83
2020-01-16 06:00:00,7.74
2020-01-16 06:10:00,7.55
2020-01-16 06:20:00,7.46
2020-01-16 06:30:00,7.2
2020-01-16 06:40:00,7.05
2020-01-16 06:50:00,6.97
2020-01-16 07:00:00,6.71
2020-01-16 07:10:00,6.6
2020-01-16 07:20:00,6.67
2020-01-16 07:30:00,6.59
2020-01-16 07:40:00,6.39
2020-01-16 07:50:00,6.41
2020-01-16 08:00:00,6.26
2020-01-16 08:10:00,5.95
2020-01-16 08:20:00,5.78
2020-01-16 08:30:00,5.52
2020-01-16 08:40:00,5.7
2020-01-16 08:50:00,5.66
2020-01-16 09:00:00,5.72
2020-01-16 09:10:00,5.99
2020-01-16 09:20:00,6.14
2020-01-16 09:30:00,6.11
2020-01-16 09:40:00,5.93
2020-01-16 09:50:00,6.19
2020-01-16 10:00:00,6.23
2020-01-16 10:10:00,6.26
2020-01-16 10:20:00,6.44
2020-01-16 10:30:00,6.73
2020-01-16 10:40:00,6.89
2020-01-16 10:50:00,7.06
2020-01-16 11:00:00,7.39
2020-01-16 11:10:00,8.33
2020-01-16 11:20:00,8.83
2020-01-16 11:30:00,9.04
2020-01-16 11:40:00,9.46
2020-01-16 11:50:00,9.64
2020-01-16 12:00:00,9.63
2020-01-16 12:10:00,9.67
2020-01-16 12:20:00,10.2
2020-01-16 12:30:00,10.78
2020-01-16 12:40:00,11.42
2020-01-16 12:50:00,11.84
2020-01-16 13:00:00,12.18
2020-01-16 13:10:00,12.5
2020-01-16 13:20:00,12.22
2020-01-16 13:30:00,12.32
2020-01-16 13:40:00,12.81
2020-01-16 13:50:00,12.85
2020-01-16 14:00:00,12.6
2020-01-16 14:10:00,12.48
2020-01-16 14:20:00,12.41
2020-01-16 14:30:00,12.33
2020-01-16 14:40:00,12.22
2020-01-16 14:50:00,12.22
2020-01-16 15:00:00,12.26
2020-01-16 15:10:00,12.19
2020-01-16 15:20:00,11.9
2020-01-16 15:30:00,11.86
2020-01-16 15:40:00,12.04
2020-01-16 15:50:00,12.02
2020-01-16 16:00:00,11.95
2020-01-16 16:10:00,11.48
2020-01-16 16:20:00,10.97
2020-01-16 16:30:00,10.89
2020-01-16 16:40:00,10.83
2020-01-16 16:50:00,10.62
2020-01-16 17:00:00,10.29
2020-01-16 17:10:00,10.08
2020-01-16 17:20:00,9.9
2020-01-16 17:30:00,9.73
2020-01-16 17:40:00,9.57
2020-01-16 17:50:00,9.44
2020-01-16 18:00:00,9.28
2020-01-16 18:10:00,9.05
2020-01-16 18:20:00,8.92
2020-01-16 18:30:00,8.77
2020-01-16 18:40:00,8.53
2020-01-16 18:50:00,8.14
2020-01-16 19:00:00,7.94
2020-01-16 19:10:00,7.85
2020-01-16 19:20:00,7.87
2020-01-16 19:30:00,7.95
2020-01-16 19:40:00,7.57
2020-01-16 19:50:00,6.99
2020-01-16 20:00:00,6.33
2020-01-16 20:10:00,5.91
2020-01-16 20:20:00,6.22
2020-01-16 20:30:00,6.3
2020-01-16 20:40:00,6.26
2020-01-16 20:50:00,6.37
2020-01-16 21:00:00,6.21
2020-01-16 21:10:00,6.16
2020-01-16 21:20:00,6.17
2020-01-16 21:30:00,5.78
2020-01-16 21:40:00,5.39
2020-01-16 21:50:00,5.06
2020-01-16 22:00:00,4.74
2020-01-16 22:10:00,4.86
2020-01-16 22:20:00,5.0
2020-01-16 22:30:00,5.24
2020-01-16 22:40:00,5.31
2020-01-16 22:50:00,5.02
2020-01-16 23:00:00,4.72
2020-01-16 23:10:00,4.53
2020-01-16 23:20:00,4.55
2020-01-16 23:30:00,4.61
2020-01-16 23:40:00,4.5
2020-01-16 23:50:00,4.57
2020-01-17 00:00:00,4.73
2020-01-17 00:10:00,4.82
2020-01-17 00:20:00,4.95
2020-01-17 00:30:00,4.97
2020-01-17 00:40:00,4.76
2020-01-17 00:50:00,4.74
2020-01-17 01:00:00,4.59
2020-01-17 01:10:00,4.37
2020-01-17 01:20:00,4.38
2020-01-17 01:30:00,4.45
2020-01-17 01:40:00,4.63
2020-01-17 01:50:00,3.16
2020-01-17 02:00:00,2.19
2020-01-17 02:10:00,2.94
2020-01-17 02:20:00,3.4
2020-01-17 02:30:00,3.59
2020-01-17 02:40:00,3.49
2020-01-17 02:50:00,3.23
2020-01-17 03:00:00,3.13
2020-01-17 03:10:00,3.26
2020-01-17 03:20:00,3.53
2020-01-17 03:30:00,3.71
2020-01-17 03:40:00,3.73
2020-01-17 03:50:00,3.87
2020-01-17 04:00:00,4.05
2020-01-17 04:10:00,4.21
2020-01-17 04:20:00,3.98
2020-01-17 04:30:00,3.65
2020-01-17 04:40:00,3.65
2020-01-17 04:50:00,3.55
2020-01-17 05:00:00,3.93
2020-01-17 05:10:00,4.0
2020-01-17 05:20:00,3.88
2020-01-17 05:30:00,3.68
2020-01-17 05:40:00,3.5
2020-01-17 05:50:00,3.02
2020-01-17 06:00:00,2.91
2020-01-17 06:10:00,2.97
2020-01-17 06:20:00,3.08
2020-01-17 06:30:00,3.24
2020-01-17 06:40:00,3.2
2020-01-17 06:50:00,3.09
2020-01-17 07:00:00,3.15
2020-01-17 07:10:00,3.05
2020-01-17 07:20:00,2.84
2020-01-17 07:30:00,2.66
2020-01-17 07:40:00,2.77
2020-01-17 07:50:00,3.06
2020-01-17 08:00:00,3.46
2020-01-17 08:10:00,3.46
2020-01-17 08:20:00,3.11
2020-01-17 08:30:00,2.86
2020-01-17 08:40:00,3.15
2020-01-17 08:50:00,3.44
2020-01-17 09:00:00,3.55
2020-01-17 09:10:00,3.46
2020-01-17 09:20:00,2.97
2020-01-17 09:30:00,2.59
2020-01-17 09:40:00,1.95
2020-01-17 09:50:00,2.01
2020-01-17 10:00:00,2.02
2020-01-17 10:10:00,2.35
2020-01-17 10:20:00,2.61
2020-01-17 10:30:00,3.22
2020-01-17 10:40:00,3.5
2020-01-17 10:50:00,3.84
2020-01-17 11:00:00,3.96
2020-01-17 11:10:00,4.22
2020-01-17 11:20:00,4.7
2020-01-17 11:30:00,4.69
2020-01-17 11:40:00,4.87
2020-01-17 11:50:00,5.32
2020-01-17 12:00:00,5.67
2020-01-17 12:10:00,6.09
2020-01-17 12:20:00,6.29
2020-01-17 12:30:00,6.65
2020-01-17 12:40:00,7.1
2020-01-17 12:50:00,7.66
2020-01-17 13:00:00,8.14
2020-01-17 13:10:00,8.29
2020-01-17 13:20:00,8.19
2020-01-17 13:30:00,8.17
2020-01-17 13:40:00,8.28
2020-01-17 13:50:00,8.48
2020-01-17 14:00:00,8.3
2020-01-17 14:10:00,8.02
2020-01-17 14:20:00,8.07
2020-01-17 14:30:00,8.17
2020-01-17 14:40:00,8.38
2020-01-17 14:50:00,8.29
2020-01-17 15:00:00,8.14
2020-01-17 15:10:00,7.93
2020-01-17 15:20:00,7.64
2020-01-17 15:30:00,7.3
2020-01-17 15:40:00,7.09
2020-01-17 15:50:00,7.0
2020-01-17 16:00:00,6.88
2020-01-17 16:10:00,6.9
2020-01-17 16:20:00,6.59
2020-01-17 16:30:00,6.17
2020-01-17 16:40:00,5.97
2020-01-17 16:50:00,5.78
2020-01-17 17:00:00,5.68
2020-01-17 17:10:00,5.44
2020-01-17 17:20:00,5.34
2020-01-17 17:30:00,5.13
2020-01-17 17:40:00,5.06
2020-01-17 17:50:00,4.97
2020-01-17 18:00:00,4.79
2020-01-17 18:10:00,4.97
2020-01-17 18:20:00,5.05
2020-01-17 18:30:00,5.04
2020-01-17 18:40:00,5.01
2020-01-17 18:50:00,5.1
2020-01-17 19:00:00,6.05
2020-01-17 19:10:00,6.62
2020-01-17 19:20:00,6.25
2020-01-17 19:30:00,5.51
2020-01-17 19:40:00,4.92
2020-01-17 19:50:00,4.79
2020-01-17 20:00:00,4.98
2020-01-17 20:10:00,5.28
2020-01-17 20:20:00,5.29
2020-01-17 20:30:00,5.38
2020-01-17 20:40:00,5.27
2020-01-17 20:50:00,5.1
2020-01-17 21:00:00,5.08
2020-01-17 21:10:00,5.19
2020-01-17 21:20:00,5.29
2020-01-17 21:30:00,5.4
2020-01-17 21:40:00,5.34
2020-01-17 21:50:00,5.36
2020-01-17 22:00:00,5.48
2020-01-17 22:10:00,5.47
2020-01-17 22:20:00,5.4
2020-01-17 22:30:00,5.47
2020-01-17 22:40:00,5.54
2020-01-17 22:50:00,5.62
2020-01-17 23:00:00,5.62
2020-01-17 23:10:00,5.55
2020-01-17 23:20:00,5.61
2020-01-17 23:30:00,5.56
2020-01-17 23:40:00,5.72
2020-01-17 23:50:00,6.15
2020-01-18 00:00:00,6.75
2020-01-18 00:10:00,7.23
2020-01-18 00:20:00,7.31
2020-01-18 00:30:00,7.28
2020-01-18 00:40:00,7.23
2020-01-18 00:50:00,7.08
2020-01-18 01:00:00,6.87
2020-01-18 01:10:00,6.7
2020-01-18 01:20:00,6.57
2020-01-18 01:30:00,6.44
2020-01-18 01:40:00,6.41
2020-01-18 01:50:00,6.29
2020-01-18 02:00:00,6.08
2020-01-18 02:10:00,5.94
2020-01-18 02:20:00,5.88
2020-01-18 02:30:00,5.94
2020-01-18 02:40:00,5.94
2020-01-18 02:50:00,5.85
2020-01-18 03:00:00,5.53
2020-01-18 03:10:00,5.46
2020-01-18 03:20:00,5.23
2020-01-18 03:30:00,5.03
2020-01-18 03:40:00,4.91
2020-01-18 03:50:00,5.0
2020-01-18 04:00:00,5.08
2020-01-18 04:10:00,5.26
2020-01-18 04:20:00,5.28
2020-01-18 04:30:00,5.07
2020-01-18 04:40:00,4.96
2020-01-18 04:50:00,4.83
2020-01-18 05:00:00,4.67
2020-01-18 05:10:00,4.41
2020-01-18 05:20:00,4.17
2020-01-18 05:30:00,4.08
2020-01-18 05:40:00,4.07
2020-01-18 05:50:00,4.01
2020-01-18 06:00:00,4.14
2020-01-18 06:10:00,4.14
2020-01-18 06:20:00,4.08
2020-01-18 06:30:00,3.88
2020-01-18 06:40:00,3.77
2020-01-18 06:50:00,3.69
2020-01-18 07:00:00,3.72
2020-01-18 07:10:00,3.54
2020-01-18 07:20:00,3.39
2020-01-18 07:30:00,3.52
2020-01-18 07:40:00,3.54
2020-01-18 07:50:00,3.6
2020-01-18 08:00:00,3.58
2020-01-18 08:10:00,3.49
2020-01-18 08:20:00,3.33
2020-01-18 08:30:00,3.27
2020-01-18 08:40:00,3.23
2020-01-18 08:50:00,3.26
2020-01-18 09:00:00,3.37
2020-01-18 09:10:00,3.39
2020-01-18 09:20:00,3.18
2020-01-18 09:30:00,3.02
2020-01-18 09:40:00,2.94
2020-01-18 09:50:00,2.79
2020-01-18 10:00:00,2.72
2020-01-18 10:10:00,2.94
2020-01-18 10:20:00,3.35
2020-01-18 10:30:00,3.67
2020-01-18 10:40:00,3.94
2020-01-18 10:50:00,4.3
2020-01-18 11:00:00,4.76
2020-01-18 11:10:00,5.27
2020-01-18 11:20:00,5.63
2020-01-18 11:30:00,5.9
2020-01-18 11:40:00,6.01
2020-01-18 11:50:00,5.98
2020-01-18 12:00:00,5.95
2020-01-18 12:10:00,5.87
2020-01-18 12:20:00,5.81
2020-01-18 12:30:00,5.83
2020-01-18 12:40:00,5.87
2020-01-18 12:50:00,5.87
2020-01-18 13:00:00,5.87
2020-01-18 13:10:00,5.87
2020-01-18 13:20:00,5.87
2020-01-18 13:30:00,5.91
2020-01-18 13:40:00,5.94
2020-01-18 13:50:00,6.02
2020-01-18 14:00:00,6.26
2020-01-18 14:10:00,6.18
2020-01-18 14:20:00,6.07
2020-01-18 14:30:00,6.11
2020-01-18 14:40:00,6.14
2020-01-18 14:50:00,6.07
2020-01-18 15:00:00,5.92
2020-01-18 15:10:00,5.83
2020-01-18 15:20:00,5.72
2020-01-18 15:30:00,5.67
2020-01-18 15:40:00,5.67
2020-01-18 15:50:00,5.6
2020-01-18 16:00:00,5.43
2020-01-18 16:10:00,5.32
2020-01-18 16:20:00,5.25
2020-01-18 16:30:00,5.18
2020-01-18 16:40:00,5.11
2020-01-18 16:50:00,5.02
2020-01-18 17:00:00,4.98
2020-01-18 17:10:00,4.88
2020-01-18 17:20:00,4.82
2020-01-18 17:30:00,4.69
2020-01-18 17:40:00,4.59
2020-01-18 17:50:00,4.49
2020-01-18 18:00:00,4.45
2020-01-18 18:10:00,4.65
2020-01-18 18:20:00,4.49
2020-01-18 18:30:00,4.29
2020-01-18 18:40:00,4.21
2020-01-18 18:50:00,4.15
2020-01-18 19:00:00,4.09
2020-01-18 19:10:00,4.08
2020-01-18 19:20:00,4.13
2020-01-18 19:30:00,4.14
2020-01-18 19:40:00,4.19
2020-01-18 19:50:00,4.16
2020-01-18 20:00:00,4.09
2020-01-18 20:10:00,3.93
2020-01-18 20:20:00,3.69
2020-01-18 20:30:00,3.54
2020-01-18 20:40:00,3.45
2020-01-18 20:50:00,3.44
2020-01-18 21:00:00,3.57
2020-01-18 21:10:00,3.65
2020-01-18 21:20:00,3.67
2020-01-18 21:30:00,3.71
2020-01-18 21:40:00,3.68
2020-01-18 21:50:00,3.58
2020-01-18 22:00:00,3.44
2020-01-18 22:10:00,3.38
2020-01-18 22:20:00,3.35
2020-01-18 22:30:00,3.34
2020-01-18 22:40:00,3.33
2020-01-18 22:50:00,3.3
2020-01-18 23:00:00,3.34
2020-01-18 23:10:00,3.36
2020-01-18 23:20:00,3.29
2020-01-18 23:30:00,3.21
2020-01-18 23:40:00,3.11
2020-01-18 23:50:00,3.01
2020-01-19 00:00:00,2.94
2020-01-19 00:10:00,2.96
2020-01-19 00:20:00,2.91
2020-01-19 00:30:00,2.78
2020-01-19 00:40:00,2.62
2020-01-19 00:50:00,2.48
2020-01-19 01:00:00,2.32
2020-01-19 01:10:00,2.24
2020-01-19 01:20:00,2.26
2020-01-19 01:30:00,2.24
2020-01-19 01:40:00,2.15
2020-01-19 01:50:00,2.02
2020-01-19 02:00:00,1.9
2020-01-19 02:10:00,1.86
2020-01-19 02:20:00,1.8
2020-01-19 02:30:00,1.68
2020-01-19 02:40:00,1.46
2020-01-19 02:50:00,1.24
2020-01-19 03:00:00,1.17
2020-01-19 03:10:00,1.15
2020-01-19 03:20:00,1.06
2020-01-19 03:30:00,1.01
2020-01-19 03:40:00,0.86
2020-01-19 03:50:00,0.86
2020-01-19 04:00:00,1.12
2020-01-19 04:10:00,1.22
2020-01-19 04:20:00,1.34
2020-01-19 04:30:00,1.43
2020-01-19 04:40:00,1.48
2020-01-19 04:50:00,1.57
2020-01-19 05:00:00,1.66
2020-01-19 05:10:00,1.54
2020-01-19 05:20:00,1.59
2020-01-19 05:30:00,1.66
2020-01-19 05:40:00,1.66
2020-01-19 05:50:00,1.76
2020-01-19 06:00:00,1.74
2020-01-19 06:10:00,1.65
2020-01-19 06:20:00,1.55
2020-01-19 06:30:00,1.55
2020-01-19 06:40:00,1.36
2020-01-19 06:50:00,1.24
2020-01-19 07:00:00,1.16
2020-01-19 07:10:00,0.94
2020-01-19 07:20:00,0.72
2020-01-19 07:30:00,0.73
2020-01-19 07:40:00,0.69
2020-01-19 07:50:00,0.55
2020-01-19 08:00:00,0.58
2020-01-19 08:10:00,0.67
2020-01-19 08:20:00,0.54
2020-01-19 08:30:00,0.49
2020-01-19 08:40:00,0.52
2020-01-19 08:50:00,0.63
2020-01-19 09:00:00,0.75
2020-01-19 09:10:00,1.16
2020-01-19 09:20:00,1.44
2020-01-19 09:30:00,1.64
2020-01-19 09:40:00,1.81
2020-01-19 09:50:00,1.88
2020-01-19 10:00:00,1.94
2020-01-19 10:10:00,2.04
2020-01-19 10:20:00,2.17
2020-01-19 10:30:00,2.31
2020-01-19 10:40:00,2.5
2020-01-19 10:50:00,2.69
2020-01-19 11:00:00,2.9
2020-01-19 11:10:00,2.92
2020-01-19 11:20:00,2.9
2020-01-19 11:30:00,3.08
2020-01-19 11:40:00,3.27
2020-01-19 11:50:00,3.28
2020-01-19 12:00:00,3.25
2020-01-19 12:10:00,3.38
2020-01-19 12:20:00,3.6
2020-01-19 12:30:00,3.62
2020-01-19 12:40:00,3.84
2020-01-19 12:50:00,3.88
2020-01-19 13:00:00,3.99
2020-01-19 13:10:00,4.1
2020-01-19 13:20:00,4.07
2020-01-19 13:30:00,4.03
2020-01-19 13:40:00,4.05
2020-01-19 13:50:00,3.97
2020-01-19 14:00:00,3.8
2020-01-19 14:10:00,3.71
2020-01-19 14:20:00,3.74
2020-01-19 14:30:00,3.88
2020-01-19 14:40:00,3.97
2020-01-19 14:50:00,4.0
2020-01-19 15:00:00,4.02
2020-01-19 15:10:00,4.03
2020-01-19 15:20:00,4.08
2020-01-19 15:30:00,4.03
2020-01-19 15:40:00,4.0
2020-01-19 15:50:00,3.96
2020-01-19 16:00:00,3.94
2020-01-19 16:10:00,3.88
2020-01-19 16:20:00,3.77
2020-01-19 16:30:00,3.7
2020-01-19 16:40:00,3.56
2020-01-19 16:50:00,3.42
2020-01-19 17:00:00,3.33
2020-01-19 17:10:00,3.32
2020-01-19 17:20:00,3.25
2020-01-19 17:30:00,3.25
2020-01-19 17:40:00,3.22
2020-01-19 17:50:00,3.15
2020-01-19 18:00:00,3.06
2020-01-19 18:10:00,2.91
2020-01-19 18:20:00,2.76
2020-01-19 18:30:00,2.7
2020-01-19 18:40:00,2.78
2020-01-19 18:50:00,2.84
2020-01-19 19:00:00,2.92
2020-01-19 19:10:00,3.02
2020-01-19 19:20:00,3.06
2020-01-19 19:30:00,2.98
2020-01-19 19:40:00,2.89
2020-01-19 19:50:00,2.89
2020-01-19 20:00:00,2.89
2020-01-19 20:10:00,2.92
2020-01-19 20:20:00,2.87
2020-01-19 20:30:00,2.86
2020-01-19 20:40:00,2.8
2020-01-19 20:50:00,2.81
2020-01-19 21:00:00,2.91
2020-01-19 21:10:00,2.92
2020-01-19 21:20:00,2.93
2020-01-19 21:30:00,2.94
2020-01-19 21:40:00,2.93
2020-01-19 21:50:00,2.94
2020-01-19 22:00:00,2.92
2020-01-19 22:10:00,2.9
2020-01-19 22:20:00,2.98
2020-01-19 22:30:00,2.95
2020-01-19 22:40:00,2.89
2020-01-19 22:50:00,2.91
2020-01-19 23:00:00,2.97
2020-01-19 23:10:00,2.97
2020-01-19 23:20:00,2.94
2020-01-19 23:30:00,2.87
2020-01-19 23:40:00,2.87
2020-01-19 23:50:00,2.87
2020-01-20 00:00:00,2.83
2020-01-20 00:10:00,2.87
2020-01-20 00:20:00,2.88
2020-01-20 00:30:00,2.88
2020-01-20 00:40:00,2.93
2020-01-20 00:50:00,2.96
2020-01-20 01:00:00,2.87
2020-01-20 01:10:00,2.87
2020-01-20 01:20:00,2.87
2020-01-20 01:30:00,2.87
2020-01-20 01:40:00,2.72
2020-01-20 01:50:00,2.77
2020-01-20 02:00:00,2.74
2020-01-20 02:10:00,2.65
2020-01-20 02:20:00,2.65
2020-01-20 02:30:00,2.7
2020-01-20 02:40:00,2.71
2020-01-20 02:50:00,2.73
2020-01-20 03:00:00,2.76
2020-01-20 03:10:00,2.64
2020-01-20 03:20:00,2.61
2020-01-20 03:30:00,2.53
2020-01-20 03:40:00,2.55
2020-01-20 03:50:00,2.63
2020-01-20 04:00:00,2.58
2020-01-20 04:10:00,2.49
2020-01-20 04:20:00,2.54
2020-01-20 04:30:00,2.45
2020-01-20 04:40:00,2.38
2020-01-20 04:50:00,2.32
2020-01-20 05:00:00,2.25
2020-01-20 05:10:00,2.41
2020-01-20 05:20:00,2.32
2020-01-20 05:30:00,2.25
2020-01-20 05:40:00,2.23
2020-01-20 05:50:00,2.25
2020-01-20 06:00:00,2.26
2020-01-20 06:10:00,2.24
2020-01-20 06:20:00,2.3
2020-01-20 06:30:00,2.39
2020-01-20 06:40:00,2.39
2020-01-20 06:50:00,2.33
2020-01-20 07:00:00,2.41
2020-01-20 07:10:00,2.57
2020-01-20 07:20:00,2.29
2020-01-20 07:30:00,2.0
2020-01-20 07:40:00,2.12
2020-01-20 07:50:00,2.06
2020-01-20 08:00:00,1.95
2020-01-20 08:10:00,1.93
2020-01-20 08:20:00,1.88
2020-01-20 08:30:00,1.79
2020-01-20 08:40:00,1.8
2020-01-20 08:50:00,2.11
2020-01-20 09:00:00,2.13
2020-01-20 09:10:00,2.05
2020-01-20 09:20:00,2.09
2020-01-20 09:30:00,2.26
2020-01-20 09:40:00,2.48
2020-01-20 09:50:00,2.47
2020-01-20 10:00:00,2.59
2020-01-20 10:10:00,2.77
2020-01-20 10:20:00,2.85
2020-01-20 10:30:00,2.83
2020-01-20 10:40:00,2.92
2020-01-20 10:50:00,3.08
2020-01-20 11:00:00,3.08
2020-01-20 11:10:00,3.29
2020-01-20 11:20:00,3.56
2020-01-20 11:30:00,3.73
2020-01-20 11:40:00,3.77
2020-01-20 11:50:00,3.73
2020-01-20 12:00:00,3.79
2020-01-20 12:10:00,3.63
2020-01-20 12:20:00,3.61
2020-01-20 12:30:00,3.67
2020-01-20 12:40:00,3.71
2020-01-20 12:50:00,3.89
2020-01-20 13:00:00,3.99
2020-01-20 13:10:00,3.8
2020-01-20 13:20:00,3.87
2020-01-20 13:30:00,3.88
2020-01-20 13:40:00,3.88
2020-01-20 13:50:00,3.86
2020-01-20 14:00:00,3.77
2020-01-20 14:10:00,4.06
2020-01-20 14:20:00,4.28
2020-01-20 14:30:00,4.42
2020-01-20 14:40:00,4.86
2020-01-20 14:50:00,4.52
2020-01-20 15:00:00,4.48
2020-01-20 15:10:00,4.4
2020-01-20 15:20:00,4.79
2020-01-20 15:30:00,4.6
2020-01-20 15:40:00,4.08
2020-01-20 15:50:00,3.89
2020-01-20 16:00:00,3.84
2020-01-20 16:10:00,3.82
2020-01-20 16:20:00,3.83
2020-01-20 16:30:00,3.84
2020-01-20 16:40:00,3.75
2020-01-20 16:50:00,3.63
2020-01-20 17:00:00,3.56
2020-01-20 17:10:00,3.52
2020-01-20 17:20:00,3.46
2020-01-20 17:30:00,3.45
2020-01-20 17:40:00,3.46
2020-01-20 17:50:00,3.24
2020-01-20 18:00:00,3.02
2020-01-20 18:10:00,3.12
2020-01-20 18:20:00,3.2
2020-01-20 18:30:00,3.08
2020-01-20 18:40:00,2.89
2020-01-20 18:50:00,2.69
2020-01-20 19:00:00,2.48
2020-01-20 19:10:00,2.35
2020-01-20 19:20:00,2.15
2020-01-20 19:30:00,1.91
2020-01-20 19:40:00,1.74
2020-01-20 19:50:00,1.59
2020-01-20 20:00:00,1.34
2020-01-20 20:10:00,1.15
2020-01-20 20:20:00,1.06
2020-01-20 20:30:00,0.99
2020-01-20 20:40:00,0.73
2020-01-20 20:50:00,0.47
2020-01-20 21:00:00,0.33
2020-01-20 21:10:00,0.06
2020-01-20 21:20:00,-0.19
2020-01-20 21:30:00,-0.35
2020-01-20 21:40:00,-0.52
2020-01-20 21:50:00,-0.72
2020-01-20 22:00:00,-0.93
2020-01-20 22:10:00,-1.05
2020-01-20 22:20:00,-1.31
2020-01-20 22:30:00,-1.46
2020-01-20 22:40:00,-1.55
2020-01-20 22:50:00,-1.68
2020-01-20 23:00:00,-1.73
2020-01-20 23:10:00,-1.67
2020-01-20 23:20:00,-1.58
2020-01-20 23:30:00,-1.46
2020-01-20 23:40:00,-1.6
2020-01-20 23:50:00,-1.72
2020-01-21 00:00:00,-1.65
2020-01-21 00:10:00,-1.53
2020-01-21 00:20:00,-1.84
2020-01-21 00:30:00,-2.17
2020-01-21 00:40:00,-2.43
2020-01-21 00:50:00,-2.39
2020-01-21 01:00:00,-2.4
2020-01-21 01:10:00,-2.5
2020-01-21 01:20:00,-2.7
2020-01-21 01:30:00,-2.8
2020-01-21 01:40:00,-3.1
2020-01-21 01:50:00,-3.31
2020-01-21 02:00:00,-3.41
2020-01-21 02:10:00,-3.57
2020-01-21 02:20:00,-3.67
2020-01-21 02:30:00,-3.64
2020-01-21 02:40:00,-3.71
2020-01-21 02:50:00,-3.76
2020-01-21 03:00:00,-3.63
2020-01-21 03:10:00,-3.63
2020-01-21 03:20:00,-3.72
2020-01-21 03:30:00,-3.85
2020-01-21 03:40:00,-4.0
2020-01-21 03:50:00,-4.08
2020-01-21 04:00:00,-4.1
2020-01-21 04:10:00,-4.16
2020-01-21 04:20:00,-4.13
2020-01-21 04:30:00,-3.95
2020-01-21 04:40:00,-4.11
2020-01-21 04:50:00,-4.42
2020-01-21 05:00:00,-4.35
2020-01-21 05:10:00,-4.22
2020-01-21 05:20:00,-4.18
2020-01-21 05:30:00,-4.01
2020-01-21 05:40:00,-4.32
2020-01-21 05:50:00,-4.28
2020-01-21 06:00:00,-4.49
2020-01-21 06:10:00,-4.66
2020-01-21 06:20:00,-4.72
2020-01-21 06:30:00,-4.8
2020-01-21 06:40:00,-4.79
2020-01-21 06:50:00,-4.81
2020-01-21 07:00:00,-4.96
2020-01-21 07:10:00,-5.11
2020-01-21 07:20:00,-5.01
2020-01-21 07:30:00,-4.95
2020-01-21 07:40:00,-5.01
2020-01-21 07:50:00,-5.06
2020-01-21 08:00:00,-5.11
2020-01-21 08:10:00,-5.19
2020-01-21 08:20:00,-5.15
2020-01-21 08:30:00,-5.08
2020-01-21 08:40:00,-5.15
2020-01-21 08:50:00,-5.2
2020-01-21 09:00:00,-5.12
2020-01-21 09:10:00,-5.07
2020-01-21 09:20:00,-4.87
2020-01-21 09:30:00,-4.46
2020-01-21 09:40:00,-4.26
2020-01-21 09:50:00,-3.84
2020-01-21 10:00:00,-3.49
2020-01-21 10:10:00,-3.19
2020-01-21 10:20:00,-2.77
2020-01-21 10:30:00,-2.76
2020-01-21 10:40:00,-2.5
2020-01-21 10:50:00,-2.21
2020-01-21 11:00:00,-1.88
2020-01-21 11:10:00,-1.43
2020-01-21 11:20:00,-1.27
2020-01-21 11:30:00,-0.85
2020-01-21 11:40:00,-0.39
2020-01-21 11:50:00,0.14
2020-01-21 12:00:00,0.56
2020-01-21 12:10:00,0.63
2020-01-21 12:20:00,0.88
2020-01-21 12:30:00,1.3
2020-01-21 12:40:00,1.92
2020-01-21 12:50:00,2.45
2020-01-21 13:00:00,2.9
2020-01-21 13:10:00,3.43
2020-01-21 13:20:00,3.57
2020-01-21 13:30:00,3.9
2020-01-21 13:40:00,4.31
2020-01-21 13:50:00,4.7
2020-01-21 14:00:00,5.06
2020-01-21 14:10:00,4.6
2020-01-21 14:20:00,4.55
2020-01-21 14:30:00,4.87
2020-01-21 14:40:00,5.2
2020-01-21 14:50:00,5.73
2020-01-21 15:00:00,5.81
2020-01-21 15:10:00,5.58
2020-01-21 15:20:00,5.5
2020-01-21 15:30:00,5.75
2020-01-21 15:40:00,5.91
2020-01-21 15:50:00,5.56
2020-01-21 16:00:00,5.07
2020-01-21 16:10:00,5.04
2020-01-21 16:20:00,4.68
2020-01-21 16:30:00,3.93
2020-01-21 16:40:00,3.46
2020-01-21 16:50:00,3.32
2020-01-21 17:00:00,3.21
2020-01-21 17:10:00,2.8
2020-01-21 17:20:00,2.56
2020-01-21 17:30:00,2.22
2020-01-21 17:40:00,2.07
2020-01-21 17:50:00,1.73
2020-01-21 18:00:00,1.51
2020-01-21 18:10:00,1.25
2020-01-21 18:20:00,0.85
2020-01-21 18:30:00,0.57
2020-01-21 18:40:00,0.32
2020-01-21 18:50:00,-0.03
2020-01-21 19:00:00,-0.25
2020-01-21 19:10:00,-0.55
2020-01-21 19:20:00,-0.61
2020-01-21 19:30:00,-0.67
2020-01-21 19:40:00,-0.89
2020-01-21 19:50:00,-0.71
2020-01-21 20:00:00,-0.91
2020-01-21 20:10:00,-1.22
2020-01-21 20:20:00,-1.67
2020-01-21 20:30:00,-1.67
2020-01-21 20:40:00,-1.79
2020-01-21 20:50:00,-1.93
2020-01-21 21:00:00,-1.75
2020-01-21 21:10:00,-1.78
2020-01-21 21:20:00,-1.99
2020-01-21 21:30:00,-2.35
2020-01-21 21:40:00,-2.72
2020-01-21 21:50:00,-2.91
2020-01-21 22:00:00,-3.13
2020-01-21 22:10:00,-3.34
2020-01-21 22:20:00,-3.41
2020-01-21 22:30:00,-3.51
2020-01-21 22:40:00,-3.67
2020-01-21 22:50:00,-3.81
2020-01-21 23:00:00,-3.8
2020-01-21 23:10:00,-3.68
2020-01-21 23:20:00,-3.43
2020-01-21 23:30:00,-3.29
2020-01-21 23:40:00,-2.99
2020-01-21 23:50:00,-2.91
2020-01-22 00:00:00,-3.06
2020-01-22 00:10:00,-3.24
2020-01-22 00:20:00,-3.28
2020-01-22 00:30:00,-3.08
2020-01-22 00:40:00,-3.28
2020-01-22 00:50:00,-3.48
2020-01-22 01:00:00,-3.55
2020-01-22 01:10:00,-3.53
2020-01-22 01:20:00,-3.62
2020-01-22 01:30:00,-3.73
2020-01-22 01:40:00,-3.87
2020-01-22 01:50:00,-4.38
2020-01-22 02:00:00,-4.37
2020-01-22 02:10:00,-4.37
2020-01-22 02:20:00,-4.38
2020-01-22 02:30:00,-4.43
2020-01-22 02:40:00,-4.69
2020-01-22 02:50:00,-4.54
2020-01-22 03:00:00,-4.31
2020-01-22 03:10:00,-4.35
2020-01-22 03:20:00,-4.4
2020-01-22 03:30:00,-4.58
2020-01-22 03:40:00,-5.0
2020-01-22 03:50:00,-5.22
2020-01-22 04:00:00,-5.36
2020-01-22 04:10:00,-5.56
2020-01-22 04:20:00,-5.64
2020-01-22 04:30:00,-5.77
2020-01-22 04:40:00,-5.8
2020-01-22 04:50:00,-5.7
2020-01-22 05:00:00,-5.79
2020-01-22 05:10:00,-6.09
2020-01-22 05:20:00,-6.06
2020-01-22 05:30:00,-5.69
2020-01-22 05:40:00,-5.5
2020-01-22 05:50:00,-5.47
2020-01-22 06:00:00,-5.55
2020-01-22 06:10:00,-6.05
2020-01-22 06:20:00,-6.04
2020-01-22 06:30:00,-6.14
2020-01-22 06:40:00,-6.2
2020-01-22 06:50:00,-6.44
2020-01-22 07:00:00,-6.37
2020-01-22 07:10:00,-6.29
2020-01-22 07:20:00,-6.25
2020-01-22 07:30:00,-6.14
2020-01-22 07:40:00,-6.02
2020-01-22 07:50:00,-5.99
2020-01-22 08:00:00,-5.77
2020-01-22 08:10:00,-5.71
2020-01-22 08:20:00,-5.4
2020-01-22 08:30:00,-4.84
2020-01-22 08:40:00,-4.43
2020-01-22 08:50:00,-3.89
2020-01-22 09:00:00,-3.85
2020-01-22 09:10:00,-4.07
2020-01-22 09:20:00,-3.71
2020-01-22 09:30:00,-3.68
2020-01-22 09:40:00,-2.95
2020-01-22 09:50:00,-1.75
2020-01-22 10:00:00,-1.15
2020-01-22 10:10:00,-1.73
2020-01-22 10:20:00,-1.65
2020-01-22 10:30:00,-1.59
2020-01-22 10:40:00,-1.36
2020-01-22 10:50:00,-1.43
2020-01-22 11:00:00,-1.17
2020-01-22 11:10:00,-1.05
2020-01-22 11:20:00,-0.85
2020-01-22 11:30:00,-0.74
2020-01-22 11:40:00,-0.34
2020-01-22 11:50:00,-0.17
2020-01-22 12:00:00,0.03
2020-01-22 12:10:00,0.33
2020-01-22 12:20:00,0.52
2020-01-22 12:30:00,0.68
2020-01-22 12:40:00,0.7
2020-01-22 12:50:00,0.86
2020-01-22 13:00:00,1.03
2020-01-22 13:10:00,1.54
2020-01-22 13:20:00,1.49
2020-01-22 13:30:00,1.68
2020-01-22 13:40:00,1.9
2020-01-22 13:50:00,1.94
2020-01-22 14:00:00,1.92
2020-01-22 14:10:00,1.92
2020-01-22 14:20:00,2.17
2020-01-22 14:30:00,2.29
2020-01-22 14:40:00,2.33
2020-01-22 14:50:00,2.23
2020-01-22 15:00:00,2.12
2020-01-22 15:10:00,2.02
2020-01-22 15:20:00,1.91
2020-01-22 15:30:00,1.74
2020-01-22 15:40:00,1.67
2020-01-22 15:50:00,1.73
2020-01-22 16:00:00,1.71
2020-01-22 16:10:00,1.66
2020-01-22 16:20:00,1.54
2020-01-22 16:30:00,1.46
2020-01-22 16:40:00,1.39
2020-01-22 16:50:00,1.45
2020-01-22 17:00:00,1.48
2020-01-22 17:10:00,1.44
2020-01-22 17:20:00,1.4
2020-01-22 17:30:00,1.35
2020-01-22 17:40:00,1.42
2020-01-22 17:50:00,1.4
2020-01-22 18:00:00,1.38
2020-01-22 18:10:00,1.4
2020-01-22 18:20:00,1.35
2020-01-22 18:30:00,1.42
2020-01-22 18:40:00,1.41
2020-01-22 18:50:00,1.3
2020-01-22 19:00:00,1.31
2020-01-22 19:10:00,1.35
2020-01-22 19:20:00,1.55
2020-01-22 19:30:00,1.59
2020-01-22 19:40:00,1.42
2020-01-22 19:50:00,1.5
2020-01-22 20:00:00,1.61
2020-01-22 20:10:00,1.71
2020-01-22 20:20:00,1.65
2020-01-22 20:30:00,1.71
2020-01-22 20:40:00,1.74
2020-01-22 20:50:00,1.57
2020-01-22 21:00:00,1.5
2020-01-22 21:10:00,1.48
2020-01-22 21:20:00,1.51
2020-01-22 21:30:00,1.58
2020-01-22 21:40:00,1.53
2020-01-22 21:50:00,1.46
2020-01-22 22:00:00,1.47
2020-01-22 22:10:00,1.4
2020-01-22 22:20:00,1.4
2020-01-22 22:30:00,1.4
2020-01-22 22:40:00,1.3
2020-01-22 22:50:00,1.37
2020-01-22 23:00:00,1.35
2020-01-22 23:10:00,1.45
2020-01-22 23:20:00,1.36
2020-01-22 23:30:00,1.37
2020-01-22 23:40:00,1.3
2020-01-22 23:50:00,1.38
2020-01-23 00:00:00,1.3
2020-01-23 00:10:00,1.21
2020-01-23 00:20:00,1.44
2020-01-23 00:30:00,1.26
2020-01-23 00:40:00,1.3
2020-01-23 00:50:00,1.26
2020-01-23 01:00:00,1.24
2020-01-23 01:10:00,1.32
2020-01-23 01:20:00,1.29
2020-01-23 01:30:00,1.14
2020-01-23 01:40:00,1.15
2020-01-23 01:50:00,1.2
2020-01-23 02:00:00,1.29
2020-01-23 02:10:00,1.23
2020-01-23 02:20:00,1.08
2020-01-23 02:30:00,1.04
2020-01-23 02:40:00,0.91
2020-01-23 02:50:00,0.87
2020-01-23 03:00:00,0.89
2020-01-23 03:10:00,0.88
2020-01-23 03:20:00,0.98
2020-01-23 03:30:00,0.95
2020-01-23 03:40:00,0.92
2020-01-23 03:50:00,0.82
2020-01-23 04:00:00,0.73
2020-01-23 04:10:00,0.73
2020-01-23 04:20:00,0.71
2020-01-23 04:30:00,0.69
2020-01-23 04:40:00,0.72
2020-01-23 04:50:00,0.73
2020-01-23 05:00:00,0.75
2020-01-23 05:10:00,0.72
2020-01-23 05:20:00,0.71
2020-01-23 05:30:00,0.75
2020-01-23 05:40:00,0.76
2020-01-23 05:50:00,0.67
2020-01-23 06:00:00,0.68
2020-01-23 06:10:00,0.74
2020-01-23 06:20:00,0.82
2020-01-23 06:30:00,0.82
2020-01-23 06:40:00,0.84
2020-01-23 06:50:00,0.86
2020-01-23 07:00:00,0.72
2020-01-23 07:10:00,0.56
2020-01-23 07:20:00,0.52
2020-01-23 07:30:00,0.59
2020-01-23 07:40:00,0.62
2020-01-23 07:50:00,0.68
2020-01-23 08:00:00,0.74
2020-01-23 08:10:00,0.78
2020-01-23 08:20:00,0.88
2020-01-23 08:30:00,0.93
2020-01-23 08:40:00,0.91
2020-01-23 08:50:00,0.79
2020-01-23 09:00:00,0.82
2020-01-23 09:10:00,0.84
2020-01-23 09:20:00,0.8
2020-01-23 09:30:00,0.76
2020-01-23 09:40:00,0.76
2020-01-23 09:50:00,0.89
2020-01-23 10:00:00,1.03
2020-01-23 10:10:00,1.27
2020-01-23 10:20:00,1.37
2020-01-23 10:30:00,1.44
2020-01-23 10:40:00,1.75
2020-01-23 10:50:00,1.89
2020-01-23 11:00:00,1.98
2020-01-23 11:10:00,2.13
2020-01-23 11:20:00,2.2
2020-01-23 11:30:00,2.49
2020-01-23 11:40:00,2.54
2020-01-23 11:50:00,2.7
2020-01-23 12:00:00,2.64
2020-01-23 12:10:00,2.69
2020-01-23 12:20:00,2.69
2020-01-23 12:30:00,2.73
2020-01-23 12:40:00,2.7
2020-01-23 12:50:00,2.65
2020-01-23 13:00:00,2.64
2020-01-23 13:10:00,2.62
2020-01-23 13:20:00,2.75
2020-01-23 13:30:00,2.76
2020-01-23 13:40:00,2.79
2020-01-23 13:50:00,2.75
2020-01-23 14:00:00,2.72
2020-01-23 14:10:00,2.79
2020-01-23 14:20:00,2.7
2020-01-23 14:30:00,2.66
2020-01-23 14:40:00,2.73
2020-01-23 14:50:00,2.59
2020-01-23 15:00:00,2.66
2020-01-23 15:10:00,2.93
2020-01-23 15:20:00,2.9
2020-01-23 15:30:00,3.46
2020-01-23 15:40:00,3.64
2020-01-23 15:50:00,3.62
2020-01-23 16:00:00,3.35
2020-01-23 16:10:00,3.05
2020-01-23 16:20:00,2.67
2020-01-23 16:30:00,2.2
2020-01-23 16:40:00,1.87
2020-01-23 16:50:00,1.72
2020-01-23 17:00:00,1.57
2020-01-23 17:10:00,1.54
2020-01-23 17:20:00,1.44
2020-01-23 17:30:00,1.09
2020-01-23 17:40:00,0.9
2020-01-23 17:50:00,0.84
2020-01-23 18:00:00,0.78
2020-01-23 18:10:00,0.49
2020-01-23 18:20:00,0.17
2020-01-23 18:30:00,0.1
2020-01-23 18:40:00,-0.01
2020-01-23 18:50:00,-0.15
2020-01-23 19:00:00,-0.13
2020-01-23 19:10:00,-0.19
2020-01-23 19:20:00,-0.4
2020-01-23 19:30:00,-0.56
2020-01-23 19:40:00,-0.56
2020-01-23 19:50:00,-0.57
2020-01-23 20:00:00,-0.48
2020-01-23 20:10:00,-0.66
2020-01-23 20:20:00,-1.06
2020-01-23 20:30:00,-1.23
2020-01-23 20:40:00,-1.47
2020-01-23 20:50:00,-1.55
2020-01-23 21:00:00,-1.75
2020-01-23 21:10:00,-2.01
2020-01-23 21:20:00,-2.04
2020-01-23 21:30:00,-2.12
2020-01-23 21:40:00,-2.15
2020-01-23 21:50:00,-2.2
2020-01-23 22:00:00,-2.25
2020-01-23 22:10:00,-2.18
2020-01-23 22:20:00,-2.33
2020-01-23 22:30:00,-2.57
2020-01-23 22:40:00,-2.69
2020-01-23 22:50:00,-2.71
2020-01-23 23:00:00,-2.7
2020-01-23 23:10:00,-2.86
2020-01-23 23:20:00,-3.18
2020-01-23 23:30:00,-3.27
2020-01-23 23:40:00,-3.38
2020-01-23 23:50:00,-3.52
2020-01-24 00:00:00,-3.52
2020-01-24 00:10:00,-3.49
2020-01-24 00:20:00,-3.56
2020-01-24 00:30:00,-3.51
2020-01-24 00:40:00,-3.64
2020-01-24 00:50:00,-3.58
2020-01-24 01:00:00,-3.68
2020-01-24 01:10:00,-3.75
2020-01-24 01:20:00,-3.64
2020-01-24 01:30:00,-3.5
2020-01-24 01:40:00,-4.05
2020-01-24 01:50:00,-4.13
2020-01-24 02:00:00,-4.15
2020-01-24 02:10:00,-4.18
2020-01-24 02:20:00,-3.98
2020-01-24 02:30:00,-3.97
2020-01-24 02:40:00,-4.01
2020-01-24 02:50:00,-4.22
2020-01-24 03:00:00,-4.57
2020-01-24 03:10:00,-4.55
2020-01-24 03:20:00,-4.35
2020-01-24 03:30:00,-4.32
2020-01-24 03:40:00,-4.34
2020-01-24 03:50:00,-4.17
2020-01-24 04:00:00,-4.29
2020-01-24 04:10:00,-4.7
2020-01-24 04:20:00,-4.88
2020-01-24 04:30:00,-4.93
2020-01-24 04:40:00,-4.81
2020-01-24 04:50:00,-4.99
2020-01-24 05:00:00,-5.11
2020-01-24 05:10:00,-5.1
2020-01-24 05:20:00,-5.13
2020-01-24 05:30:00,-5.16
2020-01-24 05:40:00,-5.05
2020-01-24 05:50:00,-5.24
2020-01-24 06:00:00,-5.32
2020-01-24 06:10:00,-5.43
2020-01-24 06:20:00,-5.39
2020-01-24 06:30:00,-5.39
2020-01-24 06:40:00,-5.47
2020-01-24 06:50:00,-5.52
2020-01-24 07:00:00,-5.21
2020-01-24 07:10:00,-5.18
2020-01-24 07:20:00,-5.15
2020-01-24 07:30:00,-5.02
2020-01-24 07:40:00,-4.78
2020-01-24 07:50:00,-4.46
2020-01-24 08:00:00,-4.35
2020-01-24 08:10:00,-4.84
2020-01-24 08:20:00,-5.28
2020-01-24 08:30:00,-5.22
2020-01-24 08:40:00,-5.06
2020-01-24 08:50:00,-4.79
2020-01-24 09:00:00,-4.6
2020-01-24 09:10:00,-4.57
2020-01-24 09:20:00,-4.35
2020-01-24 09:30:00,-4.15
2020-01-24 09:40:00,-3.96
2020-01-24 09:50:00,-3.54
2020-01-24 10:00:00,-2.82
2020-01-24 10:10:00,-2.45
2020-01-24 10:20:00,-2.63
2020-01-24 10:30:00,-2.31
2020-01-24 10:40:00,-1.99
2020-01-24 10:50:00,-1.4
2020-01-24 11:00:00,-1.24
2020-01-24 11:10:00,-1.14
2020-01-24 11:20:00,-0.68
2020-01-24 11:30:00,-0.28
2020-01-24 11:40:00,-0.23
2020-01-24 11:50:00,0.21
2020-01-24 12:00:00,0.53
2020-01-24 12:10:00,1.04
2020-01-24 12:20:00,1.54
2020-01-24 12:30:00,1.96
2020-01-24 12:40:00,2.62
2020-01-24 12:50:00,3.4
2020-01-24 13:00:00,3.94
2020-01-24 13:10:00,4.03
2020-01-24 13:20:00,4.2
2020-01-24 13:30:00,4.51
2020-01-24 13:40:00,4.78
2020-01-24 13:50:00,4.85
2020-01-24 14:00:00,4.79
2020-01-24 14:10:00,4.63
2020-01-24 14:20:00,4.68
2020-01-24 14:30:00,4.76
2020-01-24 14:40:00,4.79
2020-01-24 14:50:00,4.83
2020-01-24 15:00:00,4.8
2020-01-24 15:10:00,4.81
2020-01-24 15:20:00,4.65
2020-01-24 15:30:00,4.27
2020-01-24 15:40:00,3.71
2020-01-24 15:50:00,3.3
2020-01-24 16:00:00,3.12
2020-01-24 16:10:00,2.81
2020-01-24 16:20:00,2.42
2020-01-24 16:30:00,2.04
2020-01-24 16:40:00,1.57
2020-01-24 16:50:00,1.31
2020-01-24 17:00:00,1.02
2020-01-24 17:10:00,0.66
2020-01-24 17:20:00,0.39
2020-01-24 17:30:00,0.23
2020-01-24 17:40:00,0.07
2020-01-24 17:50:00,-0.11
2020-01-24 18:00:00,-0.39
2020-01-24 18:10:00,-0.66
2020-01-24 18:20:00,-0.67
2020-01-24 18:30:00,-0.45
2020-01-24 18:40:00,-0.4
2020-01-24 18:50:00,-0.39
2020-01-24 19:00:00,-0.55
2020-01-24 19:10:00,-0.68
2020-01-24 19:20:00,-0.9
2020-01-24 19:30:00,-1.09
2020-01-24 19:40:00,-1.34
2020-01-24 19:50:00,-1.5
2020-01-24 20:00:00,-1.61
2020-01-24 20:10:00,-1.62
2020-01-24 20:20:00,-1.54
2020-01-24 20:30:00,-1.33
2020-01-24 20:40:00,-1.63
2020-01-24 20:50:00,-1.84
2020-01-24 21:00:00,-1.99
2020-01-24 21:10:00,-2.12
2020-01-24 21:20:00,-2.28
2020-01-24 21:30:00,-2.32
2020-01-24 21:40:00,-2.32
2020-01-24 21:50:00,-2.2
2020-01-24 22:00:00,-2.1
2020-01-24 22:10:00,-2.17
2020-01-24 22:20:00,-2.23
2020-01-24 22:30:00,-2.28
2020-01-24 22:40:00,-2.45
2020-01-24 22:50:00,-2.54
2020-01-24 23:00:00,-2.4
2020-01-24 23:10:00,-2.39
2020-01-24 23:20:00,-2.88
2020-01-24 23:30:00,-2.92
2020-01-24 23:40:00,-2.74
2020-01-24 23:50:00,-2.96
2020-01-25 00:00:00,-2.88
2020-01-25 00:10:00,-2.77
2020-01-25 00:20:00,-2.67
2020-01-25 00:30:00,-2.68
2020-01-25 00:40:00,-2.84
2020-01-25 00:50:00,-3.1
2020-01-25 01:00:00,-2.94
2020-01-25 01:10:00,-3.05
2020-01-25 01:20:00,-3.06
2020-01-25 01:30:00,-2.85
2020-01-25 01:40:00,-2.76
2020-01-25 01:50:00,-2.95
2020-01-25 02:00:00,-2.76
2020-01-25 02:10:00,-2.78
2020-01-25 02:20:00,-2.68
2020-01-25 02:30:00,-2.78
2020-01-25 02:40:00,-2.44
2020-01-25 02:50:00,-2.43
2020-01-25 03:00:00,-2.46
2020-01-25 03:10:00,-2.46
2020-01-25 03:20:00,-2.55
2020-01-25 03:30:00,-2.66
2020-01-25 03:40:00,-2.64
2020-01-25 03:50:00,-2.69
2020-01-25 04:00:00,-2.72
2020-01-25 04:10:00,-2.72
2020-01-25 04:20:00,-2.76
2020-01-25 04:30:00,-2.8
2020-01-25 04:40:00,-2.93
2020-01-25 04:50:00,-2.93
2020-01-25 05:00:00,-3.04
2020-01-25 05:10:00,-3.13
2020-01-25 05:20:00,-3.21
2020-01-25 05:30:00,-3.37
2020-01-25 05:40:00,-3.53
2020-01-25 05:50:00,-3.53
2020-01-25 06:00:00,-3.47
2020-01-25 06:10:00,-3.59
2020-01-25 06:20:00,-3.52
2020-01-25 06:30:00,-3.36
2020-01-25 06:40:00,-3.55
2020-01-25 06:50:00,-3.61
2020-01-25 07:00:00,-3.7
2020-01-25 07:10:00,-3.59
2020-01-25 07:20:00,-3.43
2020-01-25 07:30:00,-3.52
2020-01-25 07:40:00,-3.49
2020-01-25 07:50:00,-3.42
2020-01-25 08:00:00,-3.51
2020-01-25 08:10:00,-3.36
2020-01-25 08:20:00,-3.28
2020-01-25 08:30:00,-3.07
2020-01-25 08:40:00,-3.15
2020-01-25 08:50:00,-3.12
2020-01-25 09:00:00,-3.13
2020-01-25 09:10:00,-3.13
2020-01-25 09:20:00,-3.11
2020-01-25 09:30:00,-3.07
2020-01-25 09:40:00,-3.04
2020-01-25 09:50:00,-2.97
2020-01-25 10:00:00,-2.85
2020-01-25 10:10:00,-2.87
2020-01-25 10:20:00,-2.72
2020-01-25 10:30:00,-2.67
2020-01-25 10:40:00,-2.77
2020-01-25 10:50:00,-2.68
2020-01-25 11:00:00,-2.58
2020-01-25 11:10:00,-2.52
2020-01-25 11:20:00,-2.46
2020-01-25 11:30:00,-2.58
2020-01-25 11:40:00,-2.61
2020-01-25 11:50:00,-2.52
2020-01-25 12:00:00,-2.39
2020-01-25 12:10:00,-2.44
2020-01-25 12:20:00,-2.5
2020-01-25 12:30:00,-2.32
2020-01-25 12:40:00,-2.19
2020-01-25 12:50:00,-2.09
2020-01-25 13:00:00,-2.02
2020-01-25 13:10:00,-2.05
2020-01-25 13:20:00,-1.77
2020-01-25 13:30:00,-1.86
2020-01-25 13:40:00,-1.87
2020-01-25 13:50:00,-1.7
2020-01-25 14:00:00,-1.28
2020-01-25 14:10:00,-1.3
2020-01-25 14:20:00,-1.12
2020-01-25 14:30:00,-0.91
2020-01-25 14:40:00,-0.38
2020-01-25 14:50:00,-0.28
2020-01-25 15:00:00,-0.21
2020-01-25 15:10:00,-0.12
2020-01-25 15:20:00,-0.55
2020-01-25 15:30:00,-0.87
2020-01-25 15:40:00,-0.97
2020-01-25 15:50:00,-1.04
2020-01-25 16:00:00,-1.01
2020-01-25 16:10:00,-1.09
2020-01-25 16:20:00,-1.37
2020-01-25 16:30:00,-1.62
2020-01-25 16:40:00,-1.74
2020-01-25 16:50:00,-1.56
2020-01-25 17:00:00,-1.68
2020-01-25 17:10:00,-1.81
2020-01-25 17:20:00,-1.91
2020-01-25 17:30:00,-2.02
2020-01-25 17:40:00,-1.97
2020-01-25 17:50:00,-1.78
2020-01-25 18:00:00,-1.84
2020-01-25 18:10:00,-2.05
2020-01-25 18:20:00,-2.23
2020-01-25 18:30:00,-2.4
2020-01-25 18:40:00,-2.34
2020-01-25 18:50:00,-2.25
2020-01-25 19:00:00,-2.21
2020-01-25 19:10:00,-2.48
2020-01-25 19:20:00,-2.47
2020-01-25 19:30:00,-2.76
2020-01-25 19:40:00,-2.94
2020-01-25 19:50:00,-3.0
2020-01-25 20:00:00,-3.2
2020-01-25 20:10:00,-3.32
2020-01-25 20:20:00,-3.52
2020-01-25 20:30:00,-3.54
2020-01-25 20:40:00,-3.42
2020-01-25 20:50:00,-3.4
2020-01-25 21:00:00,-3.47
2020-01-25 21:10:00,-3.51
2020-01-25 21:20:00,-3.49
2020-01-25 21:30:00,-3.58
2020-01-25 21:40:00,-3.67
2020-01-25 21:50:00,-3.73
2020-01-25 22:00:00,-3.8
2020-01-25 22:10:00,-3.93
2020-01-25 22:20:00,-4.07
2020-01-25 22:30:00,-4.16
2020-01-25 22:40:00,-4.23
2020-01-25 22:50:00,-4.22
2020-01-25 23:00:00,-4.18
2020-01-25 23:10:00,-3.84
2020-01-25 23:20:00,-4.16
2020-01-25 23:30:00,-4.65
2020-01-25 23:40:00,-4.58
2020-01-25 23:50:00,-4.58
2020-01-26 00:00:00,-4.51
2020-01-26 00:10:00,-4.62
2020-01-26 00:20:00,-4.61
2020-01-26 00:30:00,-4.6
2020-01-26 00:40:00,-4.67
2020-01-26 00:50:00,-4.61
2020-01-26 01:00:00,-4.87
2020-01-26 01:10:00,-4.92
2020-01-26 01:20:00,-4.79
2020-01-26 01:30:00,-4.79
2020-01-26 01:40:00,-4.7
2020-01-26 01:50:00,-4.56
2020-01-26 02:00:00,-4.31
2020-01-26 02:10:00,-4.75
2020-01-26 02:20:00,-4.89
2020-01-26 02:30:00,-4.92
2020-01-26 02:40:00,-5.08
2020-01-26 02:50:00,-5.03
2020-01-26 03:00:00,-5.1
2020-01-26 03:10:00,-5.07
2020-01-26 03:20:00,-5.26
2020-01-26 03:30:00,-5.19
2020-01-26 03:40:00,-5.24
2020-01-26 03:50:00,-5.27
2020-01-26 04:00:00,-5.12
2020-01-26 04:10:00,-5.32
2020-01-26 04:20:00,-5.14
2020-01-26 04:30:00,-5.17
2020-01-26 04:40:00,-5.45
2020-01-26 04:50:00,-5.48
2020-01-26 05:00:00,-5.51
2020-01-26 05:10:00,-5.46
2020-01-26 05:20:00,-5.44
2020-01-26 05:30:00,-5.43
2020-01-26 05:40:00,-5.31
2020-01-26 05:50:00,-5.1
2020-01-26 06:00:00,-4.86
2020-01-26 06:10:00,-4.79
2020-01-26 06:20:00,-4.66
2020-01-26 06:30:00,-4.72
2020-01-26 06:40:00,-4.43
2020-01-26 06:50:00,-4.56
2020-01-26 07:00:00,-4.85
2020-01-26 07:10:00,-5.03
2020-01-26 07:20:00,-5.14
2020-01-26 07:30:00,-5.25
2020-01-26 07:40:00,-5.16
2020-01-26 07:50:00,-5.15
2020-01-26 08:00:00,-5.15
2020-01-26 08:10:00,-4.95
2020-01-26 08:20:00,-4.62
2020-01-26 08:30:00,-4.32
2020-01-26 08:40:00,-4.22
2020-01-26 08:50:00,-4.15
2020-01-26 09:00:00,-3.81
2020-01-26 09:10:00,-3.65
2020-01-26 09:20:00,-3.77
2020-01-26 09:30:00,-3.98
2020-01-26 09:40:00,-3.97
2020-01-26 09:50:00,-3.61
2020-01-26 10:00:00,-3.36
2020-01-26 10:10:00,-3.1
2020-01-26 10:20:00,-2.85
2020-01-26 10:30:00,-2.64
2020-01-26 10:40:00,-2.55
2020-01-26 10:50:00,-2.5
2020-01-26 11:00:00,-2.33
2020-01-26 11:10:00,-2.24
2020-01-26 11:20:00,-1.9
2020-01-26 11:30:00,-1.81
2020-01-26 11:40:00,-1.67
2020-01-26 11:50:00,-1.58
2020-01-26 12:00:00,-1.3
2020-01-26 12:10:00,-0.73
2020-01-26 12:20:00,-0.53
2020-01-26 12:30:00,-0.41
2020-01-26 12:40:00,-0.16
2020-01-26 12:50:00,0.09
2020-01-26 13:00:00,0.43
2020-01-26 13:10:00,0.78
2020-01-26 13:20:00,1.04
2020-01-26 13:30:00,1.17
2020-01-26 13:40:00,1.27
2020-01-26 13:50:00,1.33
2020-01-26 14:00:00,1.65
2020-01-26 14:10:00,1.89
2020-01-26 14:20:00,2.23
2020-01-26 14:30:00,2.29
2020-01-26 14:40:00,2.43
2020-01-26 14:50:00,2.59
2020-01-26 15:00:00,2.73
2020-01-26 15:10:00,2.89
2020-01-26 15:20:00,3.07
2020-01-26 15:30:00,3.3
2020-01-26 15:40:00,3.44
2020-01-26 15:50:00,3.43
2020-01-26 16:00:00,3.41
2020-01-26 16:10:00,3.43
2020-01-26 16:20:00,3.06
2020-01-26 16:30:00,2.84
2020-01-26 16:40:00,2.74
2020-01-26 16:50:00,2.95
2020-01-26 17:00:00,3.07
2020-01-26 17:10:00,3.07
2020-01-26 17:20:00,3.08
2020-01-26 17:30:00,3.27
2020-01-26 17:40:00,3.3
2020-01-26 17:50:00,3.15
2020-01-26 18:00:00,3.0
2020-01-26 18:10:00,2.96
2020-01-26 18:20:00,2.9
2020-01-26 18:30:00,2.53
2020-01-26 18:40:00,2.11
2020-01-26 18:50:00,1.68
2020-01-26 19:00:00,1.61
2020-01-26 19:10:00,1.59
2020-01-26 19:20:00,1.63
2020-01-26 19:30:00,1.85
2020-01-26 19:40:00,1.87
2020-01-26 19:50:00,2.05
2020-01-26 20:00:00,2.18
2020-01-26 20:10:00,2.09
2020-01-26 20:20:00,1.99
2020-01-26 20:30:00,1.91
2020-01-26 20:40:00,1.75
2020-01-26 20:50:00,1.75
2020-01-26 21:00:00,1.85
2020-01-26 21:10:00,1.91
2020-01-26 21:20:00,2.1
2020-01-26 21:30:00,2.34
2020-01-26 21:40:00,2.3
2020-01-26 21:50:00,2.2
2020-01-26 22:00:00,2.24
2020-01-26 22:10:00,2.31
2020-01-26 22:20:00,2.38
2020-01-26 22:30:00,2.21
2020-01-26 22:40:00,1.99
2020-01-26 22:50:00,1.92
2020-01-26 23:00:00,1.94
2020-01-26 23:10:00,1.7
2020-01-26 23:20:00,1.52
2020-01-26 23:30:00,1.39
2020-01-26 23:40:00,1.4
2020-01-26 23:50:00,1.44
2020-01-27 00:00:00,1.19
2020-01-27 00:10:00,0.88
2020-01-27 00:20:00,0.53
2020-01-27 00:30:00,0.29
2020-01-27 00:40:00,0.3
2020-01-27 00:50:00,0.65
2020-01-27 01:00:00,0.9
2020-01-27 01:10:00,0.87
2020-01-27 01:20:00,0.86
2020-01-27 01:30:00,0.81
2020-01-27 01:40:00,0.73
2020-01-27 01:50:00,0.61
2020-01-27 02:00:00,0.99
2020-01-27 02:10:00,1.25
2020-01-27 02:20:00,1.34
2020-01-27 02:30:00,1.13
2020-01-27 02:40:00,0.99
2020-01-27 02:50:00,0.91
2020-01-27 03:00:00,0.98
2020-01-27 03:10:00,0.97
2020-01-27 03:20:00,0.88
2020-01-27 03:30:00,1.02
2020-01-27 03:40:00,1.29
2020-01-27 03:50:00,1.43
2020-01-27 04:00:00,1.53
2020-01-27 04:10:00,1.53
2020-01-27 04:20:00,1.84
2020-01-27 04:30:00,1.88
2020-01-27 04:40:00,1.68
2020-01-27 04:50:00,1.67
2020-01-27 05:00:00,1.79
2020-01-27 05:10:00,2.13
2020-01-27 05:20:00,2.11
2020-01-27 05:30:00,1.88
2020-01-27 05:40:00,1.83
2020-01-27 05:50:00,1.87
2020-01-27 06:00:00,1.85
2020-01-27 06:10:00,1.71
2020-01-27 06:20:00,1.47
2020-01-27 06:30:00,1.47
2020-01-27 06:40:00,1.64
2020-01-27 06:50:00,1.65
2020-01-27 07:00:00,1.68
2020-01-27 07:10:00,1.72
2020-01-27 07:20:00,1.69
2020-01-27 07:30:00,1.56
2020-01-27 07:40:00,1.11
2020-01-27 07:50:00,0.94
2020-01-27 08:00:00,1.04
2020-01-27 08:10:00,1.38
2020-01-27 08:20:00,1.81
2020-01-27 08:30:00,1.65
2020-01-27 08:40:00,1.96
2020-01-27 08:50:00,2.15
2020-01-27 09:00:00,2.56
2020-01-27 09:10:00,3.2
2020-01-27 09:20:00,4.53
2020-01-27 09:30:00,5.54
2020-01-27 09:40:00,5.71
2020-01-27 09:50:00,5.68
2020-01-27 10:00:00,5.83
2020-01-27 10:10:00,5.94
2020-01-27 10:20:00,5.97
2020-01-27 10:30:00,6.13
2020-01-27 10:40:00,6.34
2020-01-27 10:50:00,6.59
2020-01-27 11:00:00,6.68
2020-01-27 11:10:00,6.74
2020-01-27 11:20:00,6.84
2020-01-27 11:30:00,6.9
2020-01-27 11:40:00,6.91
2020-01-27 11:50:00,7.04
2020-01-27 12:00:00,6.99
2020-01-27 12:10:00,6.93
2020-01-27 12:20:00,6.91
2020-01-27 12:30:00,6.99
2020-01-27 12:40:00,7.37
2020-01-27 12:50:00,7.39
2020-01-27 13:00:00,7.58
2020-01-27 13:10:00,7.52
2020-01-27 13:20:00,7.62
2020-01-27 13:30:00,7.54
2020-01-27 13:40:00,7.71
2020-01-27 13:50:00,8.08
2020-01-27 14:00:00,8.33
2020-01-27 14:10:00,8.2
2020-01-27 14:20:00,7.93
2020-01-27 14:30:00,7.77
2020-01-27 14:40:00,7.65
2020-01-27 14:50:00,7.59
2020-01-27 15:00:00,7.56
2020-01-27 15:10:00,7.45
2020-01-27 15:20:00,7.38
2020-01-27 15:30:00,7.34
2020-01-27 15:40:00,7.34
2020-01-27 15:50:00,7.31
2020-01-27 16:00:00,7.27
2020-01-27 16:10:00,7.17
2020-01-27 16:20:00,7.12
2020-01-27 16:30:00,7.05
2020-01-27 16:40:00,6.98
2020-01-27 16:50:00,6.9
2020-01-27 17:00:00,6.81
2020-01-27 17:10:00,6.81
2020-01-27 17:20:00,6.81
2020-01-27 17:30:00,6.8
2020-01-27 17:40:00,6.78
2020-01-27 17:50:00,6.65
2020-01-27 18:00:00,6.55
2020-01-27 18:10:00,6.5
2020-01-27 18:20:00,6.45
2020-01-27 18:30:00,6.47
2020-01-27 18:40:00,6.47
2020-01-27 18:50:00,6.47
2020-01-27 19:00:00,6.54
2020-01-27 19:10:00,6.58
2020-01-27 19:20:00,6.5
2020-01-27 19:30:00,6.42
2020-01-27 19:40:00,6.38
2020-01-27 19:50:00,6.3
2020-01-27 20:00:00,6.19
2020-01-27 20:10:00,6.15
2020-01-27 20:20:00,6.05
2020-01-27 20:30:00,6.02
2020-01-27 20:40:00,6.02
2020-01-27 20:50:00,5.95
2020-01-27 21:00:00,5.92
2020-01-27 21:10:00,6.0
2020-01-27 21:20:00,6.0
2020-01-27 21:30:00,5.94
2020-01-27 21:40:00,5.9
2020-01-27 21:50:00,5.83
2020-01-27 22:00:00,5.88
2020-01-27 22:10:00,6.12
2020-01-27 22:20:00,6.24
2020-01-27 22:30:00,6.32
2020-01-27 22:40:00,6.27
2020-01-27 22:50:00,6.1
2020-01-27 23:00:00,6.03
2020-01-27 23:10:00,5.79
2020-01-27 23:20:00,5.41
2020-01-27 23:30:00,5.34
2020-01-27 23:40:00,5.2
2020-01-27 23:50:00,5.11
2020-01-28 00:00:00,4.87
2020-01-28 00:10:00,4.69
2020-01-28 00:20:00,4.49
2020-01-28 00:30:00,4.63
2020-01-28 00:40:00,4.88
2020-01-28 00:50:00,4.99
2020-01-28 01:00:00,4.9
2020-01-28 01:10:00,4.92
2020-01-28 01:20:00,5.21
2020-01-28 01:30:00,5.41
2020-01-28 01:40:00,5.73
2020-01-28 01:50:00,6.25
2020-01-28 02:00:00,6.49
2020-01-28 02:10:00,6.61
2020-01-28 02:20:00,6.63
2020-01-28 02:30:00,6.65
2020-01-28 02:40:00,6.56
2020-01-28 02:50:00,6.52
2020-01-28 03:00:00,6.42
2020-01-28 03:10:00,6.33
2020-01-28 03:20:00,6.21
2020-01-28 03:30:00,6.04
2020-01-28 03:40:00,5.94
2020-01-28 03:50:00,5.87
2020-01-28 04:00:00,5.86
2020-01-28 04:10:00,5.75
2020-01-28 04:20:00,5.55
2020-01-28 04:30:00,5.42
2020-01-28 04:40:00,5.32
2020-01-28 04:50:00,5.34
2020-01-28 05:00:00,5.38
2020-01-28 05:10:00,5.32
2020-01-28 05:20:00,5.27
2020-01-28 05:30:00,5.27
2020-01-28 05:40:00,5.33
2020-01-28 05:50:00,5.25
2020-01-28 06:00:00,5.09
2020-01-28 06:10:00,5.05
2020-01-28 06:20:00,5.21
2020-01-28 06:30:00,5.27
2020-01-28 06:40:00,5.23
2020-01-28 06:50:00,5.28
2020-01-28 07:00:00,5.41
2020-01-28 07:10:00,5.31
2020-01-28 07:20:00,5.42
2020-01-28 07:30:00,5.51
2020-01-28 07:40:00,5.53
2020-01-28 07:50:00,5.59
2020-01-28 08:00:00,5.57
2020-01-28 08:10:00,5.6
2020-01-28 08:20:00,5.56
2020-01-28 08:30:00,5.66
2020-01-28 08:40:00,5.63
2020-01-28 08:50:00,5.58
2020-01-28 09:00:00,5.62
2020-01-28 09:10:00,5.8
2020-01-28 09:20:00,5.86
2020-01-28 09:30:00,5.74
2020-01-28 09:40:00,5.5
2020-01-28 09:50:00,5.5
2020-01-28 10:00:00,5.72
2020-01-28 10:10:00,5.9
2020-01-28 10:20:00,6.06
2020-01-28 10:30:00,6.15
2020-01-28 10:40:00,6.39
2020-01-28 10:50:00,6.98
2020-01-28 11:00:00,7.28
2020-01-28 11:10:00,7.35
2020-01-28 11:20:00,7.24
2020-01-28 11:30:00,7.31
2020-01-28 11:40:00,7.53
2020-01-28 11:50:00,7.37
2020-01-28 12:00:00,7.06
2020-01-28 12:10:00,6.93
2020-01-28 12:20:00,6.62
2020-01-28 12:30:00,5.11
2020-01-28 12:40:00,4.59
2020-01-28 12:50:00,4.45
2020-01-28 13:00:00,3.91
2020-01-28 13:10:00,3.29
2020-01-28 13:20:00,3.19
2020-01-28 13:30:00,3.95
2020-01-28 13:40:00,4.31
2020-01-28 13:50:00,4.94
2020-01-28 14:00:00,5.06
2020-01-28 14:10:00,4.88
2020-01-28 14:20:00,4.77
2020-01-28 14:30:00,4.5
2020-01-28 14:40:00,4.58
2020-01-28 14:50:00,4.68
2020-01-28 15:00:00,5.14
2020-01-28 15:10:00,5.39
2020-01-28 15:20:00,5.11
2020-01-28 15:30:00,3.6
2020-01-28 15:40:00,3.33
2020-01-28 15:50:00,3.22
2020-01-28 16:00:00,2.98
2020-01-28 16:10:00,3.18
2020-01-28 16:20:00,3.11
2020-01-28 16:30:00,3.02
2020-01-28 16:40:00,3.0
2020-01-28 16:50:00,3.01
2020-01-28 17:00:00,3.0
2020-01-28 17:10:00,2.93
2020-01-28 17:20:00,2.87
2020-01-28 17:30:00,2.94
2020-01-28 17:40:00,3.14
2020-01-28 17:50:00,3.12
2020-01-28 18:00:00,3.2
2020-01-28 18:10:00,3.27
2020-01-28 18:20:00,3.39
2020-01-28 18:30:00,3.46
2020-01-28 18:40:00,3.47
2020-01-28 18:50:00,2.96
2020-01-28 19:00:00,2.61
2020-01-28 19:10:00,2.49
2020-01-28 19:20:00,2.53
2020-01-28 19:30:00,2.57
2020-01-28 19:40:00,2.67
2020-01-28 19:50:00,2.69
2020-01-28 20:00:00,2.61
2020-01-28 20:10:00,2.64
2020-01-28 20:20:00,2.76
2020-01-28 20:30:00,2.75
2020-01-28 20:40:00,2.76
2020-01-28 20:50:00,2.8
2020-01-28 21:00:00,2.9
2020-01-28 21:10:00,2.94
2020-01-28 21:20:00,2.87
2020-01-28 21:30:00,2.79
2020-01-28 21:40:00,2.72
2020-01-28 21:50:00,2.58
2020-01-28 22:00:00,2.49
2020-01-28 22:10:00,2.36
2020-01-28 22:20:00,2.36
2020-01-28 22:30:00,2.27
2020-01-28 22:40:00,2.19
2020-01-28 22:50:00,2.17
2020-01-28 23:00:00,2.23
2020-01-28 23:10:00,2.4
2020-01-28 23:20:00,2.53
2020-01-28 23:30:00,2.68
2020-01-28 23:40:00,2.72
2020-01-28 23:50:00,2.63
2020-01-29 00:00:00,2.52
2020-01-29 00:10:00,2.51
2020-01-29 00:20:00,2.48
2020-01-29 00:30:00,2.51
2020-01-29 00:40:00,2.52
2020-01-29 00:50:00,2.43
2020-01-29 01:00:00,2.36
2020-01-29 01:10:00,2.18
2020-01-29 01:20:00,2.01
2020-01-29 01:30:00,1.89
2020-01-29 01:40:00,1.67
2020-01-29 01:50:00,1.56
2020-01-29 02:00:00,1.66
2020-01-29 02:10:00,1.92
2020-01-29 02:20:00,2.0
2020-01-29 02:30:00,1.94
2020-01-29 02:40:00,1.82
2020-01-29 02:50:00,1.76
2020-01-29 03:00:00,1.58
2020-01-29 03:10:00,1.45
2020-01-29 03:20:00,1.32
2020-01-29 03:30:00,1.27
2020-01-29 03:40:00,1.31
2020-01-29 03:50:00,1.54
2020-01-29 04:00:00,1.8
2020-01-29 04:10:00,1.88
2020-01-29 04:20:00,1.91
2020-01-29 04:30:00,1.87
2020-01-29 04:40:00,1.88
2020-01-29 04:50:00,1.98
2020-01-29 05:00:00,2.13
2020-01-29 05:10:00,1.91
2020-01-29 05:20:00,1.89
2020-01-29 05:30:00,1.86
2020-01-29 05:40:00,1.87
2020-01-29 05:50:00,1.99
2020-01-29 06:00:00,1.97
2020-01-29 06:10:00,1.96
2020-01-29 06:20:00,1.93
2020-01-29 06:30:00,1.88
2020-01-29 06:40:00,1.83
2020-01-29 06:50:00,1.83
2020-01-29 07:00:00,2.06
2020-01-29 07:10:00,2.27
2020-01-29 07:20:00,2.27
2020-01-29 07:30:00,2.37
2020-01-29 07:40:00,2.45
2020-01-29 07:50:00,2.47
2020-01-29 08:00:00,2.54
2020-01-29 08:10:00,2.72
2020-01-29 08:20:00,2.81
2020-01-29 08:30:00,2.86
2020-01-29 08:40:00,2.91
2020-01-29 08:50:00,2.94
2020-01-29 09:00:00,2.94
2020-01-29 09:10:00,3.03
2020-01-29 09:20:00,3.09
2020-01-29 09:30:00,3.18
2020-01-29 09:40:00,3.21
2020-01-29 09:50:00,3.22
2020-01-29 10:00:00,3.23
2020-01-29 10:10:00,3.37
2020-01-29 10:20:00,3.44
2020-01-29 10:30:00,3.46
2020-01-29 10:40:00,3.5
2020-01-29 10:50:00,3.6
2020-01-29 11:00:00,3.75
2020-01-29 11:10:00,3.85
2020-01-29 11:20:00,3.76
2020-01-29 11:30:00,3.86
2020-01-29 11:40:00,4.13
2020-01-29 11:50:00,4.2
2020-01-29 12:00:00,4.24
2020-01-29 12:10:00,4.25
2020-01-29 12:20:00,4.26
2020-01-29 12:30:00,4.33
2020-01-29 12:40:00,4.4
2020-01-29 12:50:00,4.41
2020-01-29 13:00:00,4.35
2020-01-29 13:10:00,4.36
2020-01-29 13:20:00,4.44
2020-01-29 13:30:00,4.47
2020-01-29 13:40:00,4.53
2020-01-29 13:50:00,4.54
2020-01-29 14:00:00,4.54
2020-01-29 14:10:00,4.55
2020-01-29 14:20:00,4.64
2020-01-29 14:30:00,4.74
2020-01-29 14:40:00,4.91
2020-01-29 14:50:00,5.04
2020-01-29 15:00:00,5.08
2020-01-29 15:10:00,5.1
2020-01-29 15:20:00,4.96
2020-01-29 15:30:00,4.87
2020-01-29 15:40:00,4.86
2020-01-29 15:50:00,5.28
2020-01-29 16:00:00,5.14
2020-01-29 16:10:00,5.06
2020-01-29 16:20:00,4.77
2020-01-29 16:30:00,4.65
2020-01-29 16:40:00,4.52
2020-01-29 16:50:00,4.34
2020-01-29 17:00:00,4.22
2020-01-29 17:10:00,4.04
2020-01-29 17:20:00,3.88
2020-01-29 17:30:00,3.76
2020-01-29 17:40:00,3.69
2020-01-29 17:50:00,3.66
2020-01-29 18:00:00,3.63
2020-01-29 18:10:00,3.64
2020-01-29 18:20:00,3.61
2020-01-29 18:30:00,3.68
2020-01-29 18:40:00,3.75
2020-01-29 18:50:00,3.74
2020-01-29 19:00:00,3.73
2020-01-29 19:10:00,3.71
2020-01-29 19:20:00,3.74
2020-01-29 19:30:00,3.82
2020-01-29 19:40:00,3.83
2020-01-29 19:50:00,3.69
2020-01-29 20:00:00,3.59
2020-01-29 20:10:00,3.56
2020-01-29 20:20:00,3.58
2020-01-29 20:30:00,3.57
2020-01-29 20:40:00,3.55
2020-01-29 20:50:00,3.66
2020-01-29 21:00:00,3.73
2020-01-29 21:10:00,3.7
2020-01-29 21:20:00,3.55
2020-01-29 21:30:00,3.36
2020-01-29 21:40:00,3.25
2020-01-29 21:50:00,3.17
2020-01-29 22:00:00,3.11
2020-01-29 22:10:00,3.01
2020-01-29 22:20:00,2.94
2020-01-29 22:30:00,2.93
2020-01-29 22:40:00,3.0
2020-01-29 22:50:00,2.98
2020-01-29 23:00:00,3.04
2020-01-29 23:10:00,3.01
2020-01-29 23:20:00,2.98
2020-01-29 23:30:00,2.96
2020-01-29 23:40:00,3.02
2020-01-29 23:50:00,3.04
2020-01-30 00:00:00,3.03
2020-01-30 00:10:00,3.11
2020-01-30 00:20:00,3.24
2020-01-30 00:30:00,3.2
2020-01-30 00:40:00,3.22
2020-01-30 00:50:00,3.18
2020-01-30 01:00:00,3.13
2020-01-30 01:10:00,3.06
2020-01-30 01:20:00,2.91
2020-01-30 01:30:00,2.88
2020-01-30 01:40:00,2.78
2020-01-30 01:50:00,2.65
2020-01-30 02:00:00,2.66
2020-01-30 02:10:00,2.78
2020-01-30 02:20:00,2.76
2020-01-30 02:30:00,2.64
2020-01-30 02:40:00,2.53
2020-01-30 02:50:00,2.46
2020-01-30 03:00:00,2.49
2020-01-30 03:10:00,2.54
2020-01-30 03:20:00,2.69
2020-01-30 03:30:00,2.9
2020-01-30 03:40:00,3.03
2020-01-30 03:50:00,3.14
2020-01-30 04:00:00,3.21
2020-01-30 04:10:00,3.32
2020-01-30 04:20:00,3.42
2020-01-30 04:30:00,3.48
2020-01-30 04:40:00,3.5
2020-01-30 04:50:00,3.54
2020-01-30 05:00:00,3.48
2020-01-30 05:10:00,3.58
2020-01-30 05:20:00,3.65
2020-01-30 05:30:00,3.64
2020-01-30 05:40:00,3.69
2020-01-30 05:50:00,3.77
2020-01-30 06:00:00,3.82
2020-01-30 06:10:00,3.83
2020-01-30 06:20:00,3.8
2020-01-30 06:30:00,3.89
2020-01-30 06:40:00,4.05
2020-01-30 06:50:00,4.14
2020-01-30 07:00:00,4.01
2020-01-30 07:10:00,3.92
2020-01-30 07:20:00,3.97
2020-01-30 07:30:00,4.0
2020-01-30 07:40:00,4.01
2020-01-30 07:50:00,4.08
2020-01-30 08:00:00,4.14
2020-01-30 08:10:00,4.31
2020-01-30 08:20:00,4.54
2020-01-30 08:30:00,4.68
2020-01-30 08:40:00,4.75
2020-01-30 08:50:00,4.83
2020-01-30 09:00:00,4.87
2020-01-30 09:10:00,4.94
2020-01-30 09:20:00,5.04
2020-01-30 09:30:00,5.16
2020-01-30 09:40:00,5.29
2020-01-30 09:50:00,5.44
2020-01-30 10:00:00,5.54
2020-01-30 10:10:00,5.59
2020-01-30 10:20:00,5.71
2020-01-30 10:30:00,5.82
2020-01-30 10:40:00,6.07
2020-01-30 10:50:00,6.26
2020-01-30 11:00:00,6.26
2020-01-30 11:10:00,6.1
2020-01-30 11:20:00,6.18
2020-01-30 11:30:00,6.28
2020-01-30 11:40:00,6.19
2020-01-30 11:50:00,6.2
2020-01-30 12:00:00,6.23
2020-01-30 12:10:00,6.34
2020-01-30 12:20:00,6.52
2020-01-30 12:30:00,6.68
2020-01-30 12:40:00,6.86
2020-01-30 12:50:00,6.96
2020-01-30 13:00:00,7.01
2020-01-30 13:10:00,7.07
2020-01-30 13:20:00,7.09
2020-01-30 13:30:00,7.2
2020-01-30 13:40:00,7.34
2020-01-30 13:50:00,7.4
2020-01-30 14:00:00,7.44
2020-01-30 14:10:00,7.48
2020-01-30 14:20:00,7.56
2020-01-30 14:30:00,7.69
2020-01-30 14:40:00,7.78
2020-01-30 14:50:00,7.76
2020-01-30 15:00:00,7.71
2020-01-30 15:10:00,7.93
2020-01-30 15:20:00,7.86
2020-01-30 15:30:00,7.65
2020-01-30 15:40:00,7.61
2020-01-30 15:50:00,7.61
2020-01-30 16:00:00,7.53
2020-01-30 16:10:00,7.42
2020-01-30 16:20:00,7.39
2020-01-30 16:30:00,7.36
2020-01-30 16:40:00,7.3
2020-01-30 16:50:00,7.19
2020-01-30 17:00:00,7.12
2020-01-30 17:10:00,7.0
2020-01-30 17:20:00,6.85
2020-01-30 17:30:00,6.78
2020-01-30 17:40:00,6.73
2020-01-30 17:50:00,6.81
2020-01-30 18:00:00,6.84
2020-01-30 18:10:00,6.7
2020-01-30 18:20:00,6.5
2020-01-30 18:30:00,6.46
2020-01-30 18:40:00,6.32
2020-01-30 18:50:00,6.16
2020-01-30 19:00:00,6.32
2020-01-30 19:10:00,6.32
2020-01-30 19:20:00,6.16
2020-01-30 19:30:00,5.85
2020-01-30 19:40:00,5.81
2020-01-30 19:50:00,5.86
2020-01-30 20:00:00,5.8
2020-01-30 20:10:00,5.37
2020-01-30 20:20:00,5.34
2020-01-30 20:30:00,5.24
2020-01-30 20:40:00,5.45
2020-01-30 20:50:00,5.58
2020-01-30 21:00:00,5.8
2020-01-30 21:10:00,6.71
2020-01-30 21:20:00,7.6
2020-01-30 21:30:00,8.03
2020-01-30 21:40:00,8.45
2020-01-30 21:50:00,8.6
2020-01-30 22:00:00,8.67
2020-01-30 22:10:00,8.69
2020-01-30 22:20:00,8.83
2020-01-30 22:30:00,8.95
2020-01-30 22:40:00,9.01
2020-01-30 22:50:00,9.02
2020-01-30 23:00:00,8.94
2020-01-30 23:10:00,8.68
2020-01-30 23:20:00,8.45
2020-01-30 23:30:00,8.33
2020-01-30 23:40:00,8.15
2020-01-30 23:50:00,8.03
2020-01-31 00:00:00,8.01
2020-01-31 00:10:00,8.07
2020-01-31 00:20:00,8.16
2020-01-31 00:30:00,8.29
2020-01-31 00:40:00,8.42
2020-01-31 00:50:00,8.49
2020-01-31 01:00:00,8.58
2020-01-31 01:10:00,8.66
2020-01-31 01:20:00,8.77
2020-01-31 01:30:00,8.85
2020-01-31 01:40:00,9.14
2020-01-31 01:50:00,9.31
2020-01-31 02:00:00,9.42
2020-01-31 02:10:00,9.48
2020-01-31 02:20:00,9.48
2020-01-31 02:30:00,9.49
2020-01-31 02:40:00,9.54
2020-01-31 02:50:00,9.6
2020-01-31 03:00:00,9.68
2020-01-31 03:10:00,9.74
2020-01-31 03:20:00,9.87
2020-01-31 03:30:00,10.15
2020-01-31 03:40:00,10.41
2020-01-31 03:50:00,10.48
2020-01-31 04:00:00,10.48
2020-01-31 04:10:00,10.53
2020-01-31 04:20:00,10.54
2020-01-31 04:30:00,10.54
2020-01-31 04:40:00,10.48
2020-01-31 04:50:00,10.47
2020-01-31 05:00:00,10.43
2020-01-31 05:10:00,10.65
2020-01-31 05:20:00,11.13
2020-01-31 05:30:00,11.62
2020-01-31 05:40:00,11.99
2020-01-31 05:50:00,12.04
2020-01-31 06:00:00,11.93
2020-01-31 06:10:00,12.11
2020-01-31 06:20:00,12.2
2020-01-31 06:30:00,11.81
2020-01-31 06:40:00,11.42
2020-01-31 06:50:00,11.36
2020-01-31 07:00:00,11.38
2020-01-31 07:10:00,11.48
2020-01-31 07:20:00,11.57
2020-01-31 07:30:00,11.63
2020-01-31 07:40:00,11.68
2020-01-31 07:50:00,11.74
2020-01-31 08:00:00,11.81
2020-01-31 08:10:00,11.83
2020-01-31 08:20:00,11.84
2020-01-31 08:30:00,11.88
2020-01-31 08:40:00,11.88
2020-01-31 08:50:00,11.88
2020-01-31 09:00:00,11.86
2020-01-31 09:10:00,11.82
2020-01-31 09:20:00,11.85
2020-01-31 09:30:00,11.91
2020-01-31 09:40:00,11.91
2020-01-31 09:50:00,11.83
2020-01-31 10:00:00,11.76
2020-01-31 10:10:00,11.68
2020-01-31 10:20:00,11.67
2020-01-31 10:30:00,11.67
2020-01-31 10:40:00,11.79
2020-01-31 10:50:00,11.91
2020-01-31 11:00:00,11.97
2020-01-31 11:10:00,11.98
2020-01-31 11:20:00,12.07
2020-01-31 11:30:00,12.13
2020-01-31 11:40:00,12.24
2020-01-31 11:50:00,12.53
2020-01-31 12:00:00,12.73
2020-01-31 12:10:00,12.82
2020-01-31 12:20:00,13.08
2020-01-31 12:30:00,13.31
2020-01-31 12:40:00,13.48
2020-01-31 12:50:00,13.56
2020-01-31 13:00:00,13.73
2020-01-31 13:10:00,13.76
2020-01-31 13:20:00,13.75
2020-01-31 13:30:00,13.99
2020-01-31 13:40:00,13.88
2020-01-31 13:50:00,13.98
2020-01-31 14:00:00,13.97
2020-01-31 14:10:00,13.82
2020-01-31 14:20:00,13.76
2020-01-31 14:30:00,13.75
2020-01-31 14:40:00,13.92
2020-01-31 14:50:00,14.02
2020-01-31 15:00:00,13.9
2020-01-31 15:10:00,13.82
2020-01-31 15:20:00,13.67
2020-01-31 15:30:00,13.57
2020-01-31 15:40:00,13.45
2020-01-31 15:50:00,13.34
2020-01-31 16:00:00,13.26
2020-01-31 16:10:00,13.2
2020-01-31 16:20:00,13.14
2020-01-31 16:30:00,13.05
2020-01-31 16:40:00,12.83
2020-01-31 16:50:00,12.62
2020-01-31 17:00:00,12.55
2020-01-31 17:10:00,12.5
2020-01-31 17:20:00,12.28
2020-01-31 17:30:00,12.13
2020-01-31 17:40:00,11.99
2020-01-31 17:50:00,11.86
2020-01-31 18:00:00,11.81
2020-01-31 18:10:00,11.65
2020-01-31 18:20:00,11.54
2020-01-31 18:30:00,11.33
2020-01-31 18:40:00,11.19
2020-01-31 18:50:00,11.11
2020-01-31 19:00:00,11.01
2020-01-31 19:10:00,10.71
2020-01-31 19:20:00,10.78
2020-01-31 19:30:00,10.69
2020-01-31 19:40:00,10.69
2020-01-31 19:50:00,10.68
2020-01-31 20:00:00,10.79
2020-01-31 20:10:00,10.82
2020-01-31 20:20:00,11.07
2020-01-31 20:30:00,11.15
2020-01-31 20:40:00,10.97
2020-01-31 20:50:00,10.59
2020-01-31 21:00:00,10.45
2020-01-31 21:10:00,10.55
2020-01-31 21:20:00,10.64
2020-01-31 21:30:00,10.55
2020-01-31 21:40:00,10.37
2020-01-31 21:50:00,10.14
2020-01-31 22:00:00,10.18
2020-01-31 22:10:00,10.27
2020-01-31 22:20:00,10.21
2020-01-31 22:30:00,10.43
2020-01-31 22:40:00,10.51
2020-01-31 22:50:00,10.77
2020-01-31 23:00:00,10.89
2020-01-31 23:10:00,10.91
2020-01-31 23:20:00,10.74
2020-01-31 23:30:00,10.54
2020-01-31 23:40:00,10.44
2020-01-31 23:50:00,10.54
2020-02-01 00:00:00,10.62
2020-02-01 00:10:00,10.55
2020-02-01 00:20:00,10.38
2020-02-01 00:30:00,10.51
2020-02-01 00:40:00,10.34
2020-02-01 00:50:00,10.2
2020-02-01 01:00:00,10.14
2020-02-01 01:10:00,10.0
2020-02-01 01:20:00,9.9
2020-02-01 01:30:00,9.97
2020-02-01 01:40:00,9.75
2020-02-01 01:50:00,9.76
2020-02-01 02:00:00,9.95
2020-02-01 02:10:00,10.05
2020-02-01 02:20:00,9.98
2020-02-01 02:30:00,10.19
2020-02-01 02:40:00,10.64
2020-02-01 02:50:00,11.08
2020-02-01 03:00:00,11.38
2020-02-01 03:10:00,11.41
2020-02-01 03:20:00,11.33
2020-02-01 03:30:00,11.25
2020-02-01 03:40:00,11.07
2020-02-01 03:50:00,11.21
2020-02-01 04:00:00,11.21
2020-02-01 04:10:00,11.21
2020-02-01 04:20:00,11.44
2020-02-01 04:30:00,11.58
2020-02-01 04:40:00,11.56
2020-02-01 04:50:00,11.42
2020-02-01 05:00:00,11.29
2020-02-01 05:10:00,11.4
2020-02-01 05:20:00,11.46
2020-02-01 05:30:00,11.23
2020-02-01 05:40:00,11.22
2020-02-01 05:50:00,11.41
2020-02-01 06:00:00,11.53
2020-02-01 06:10:00,11.53
2020-02-01 06:20:00,11.44
2020-02-01 06:30:00,11.37
2020-02-01 06:40:00,11.22
2020-02-01 06:50:00,11.11
2020-02-01 07:00:00,11.06
2020-02-01 07:10:00,11.17
2020-02-01 07:20:00,11.22
2020-02-01 07:30:00,11.22
2020-02-01 07:40:00,11.17
2020-02-01 07:50:00,11.25
2020-02-01 08:00:00,11.42
2020-02-01 08:10:00,11.57
2020-02-01 08:20:00,11.71
2020-02-01 08:30:00,11.83
2020-02-01 08:40:00,11.9
2020-02-01 08:50:00,11.97
2020-02-01 09:00:00,12.04
2020-02-01 09:10:00,12.13
2020-02-01 09:20:00,12.21
2020-02-01 09:30:00,12.24
2020-02-01 09:40:00,12.28
2020-02-01 09:50:00,12.33
2020-02-01 10:00:00,12.34
2020-02-01 10:10:00,12.36
2020-02-01 10:20:00,12.42
2020-02-01 10:30:00,12.55
2020-02-01 10:40:00,12.72
2020-02-01 10:50:00,12.67
2020-02-01 11:00:00,12.67
2020-02-01 11:10:00,12.75
2020-02-01 11:20:00,12.87
2020-02-01 11:30:00,12.9
2020-02-01 11:40:00,13.02
2020-02-01 11:50:00,13.07
2020-02-01 12:00:00,13.08
2020-02-01 12:10:00,13.11
2020-02-01 12:20:00,13.11
2020-02-01 12:30:00,12.99
2020-02-01 12:40:00,12.92
2020-02-01 12:50:00,12.88
2020-02-01 13:00:00,12.8
2020-02-01 13:10:00,12.74
2020-02-01 13:20:00,12.66
2020-02-01 13:30:00,12.64
2020-02-01 13:40:00,12.6
2020-02-01 13:50:00,12.6
2020-02-01 14:00:00,12.66
2020-02-01 14:10:00,12.73
2020-02-01 14:20:00,12.8
2020-02-01 14:30:00,12.73
2020-02-01 14:40:00,12.5
2020-02-01 14:50:00,12.12
2020-02-01 15:00:00,11.78
2020-02-01 15:10:00,11.58
2020-02-01 15:20:00,11.38
2020-02-01 15:30:00,11.26
2020-02-01 15:40:00,11.13
2020-02-01 15:50:00,11.0
2020-02-01 16:00:00,10.96
2020-02-01 16:10:00,10.85
2020-02-01 16:20:00,10.76
2020-02-01 16:30:00,10.61
2020-02-01 16:40:00,10.53
2020-02-01 16:50:00,10.46
2020-02-01 17:00:00,10.4
2020-02-01 17:10:00,10.45
2020-02-01 17:20:00,10.49
2020-02-01 17:30:00,10.47
2020-02-01 17:40:00,10.45
2020-02-01 17:50:00,10.36
2020-02-01 18:00:00,10.28
2020-02-01 18:10:00,10.27
2020-02-01 18:20:00,10.23
2020-02-01 18:30:00,10.17
2020-02-01 18:40:00,10.13
2020-02-01 18:50:00,10.07
2020-02-01 19:00:00,10.1
2020-02-01 19:10:00,10.14
2020-02-01 19:20:00,10.17
2020-02-01 19:30:00,10.19
2020-02-01 19:40:00,10.21
2020-02-01 19:50:00,10.17
2020-02-01 20:00:00,10.15
2020-02-01 20:10:00,10.2
2020-02-01 20:20:00,10.27
2020-02-01 20:30:00,10.16
2020-02-01 20:40:00,10.04
2020-02-01 20:50:00,9.84
2020-02-01 21:00:00,9.72
2020-02-01 21:10:00,9.83
2020-02-01 21:20:00,10.01
2020-02-01 21:30:00,9.99
2020-02-01 21:40:00,9.85
2020-02-01 21:50:00,9.75
2020-02-01 22:00:00,9.78
2020-02-01 22:10:00,9.88
2020-02-01 22:20:00,10.01
2020-02-01 22:30:00,10.04
2020-02-01 22:40:00,9.95
2020-02-01 22:50:00,9.72
2020-02-01 23:00:00,9.6
2020-02-01 23:10:00,9.44
2020-02-01 23:20:00,9.33
2020-02-01 23:30:00,9.24
2020-02-01 23:40:00,9.25
2020-02-01 23:50:00,8.92
2020-02-02 00:00:00,8.06
2020-02-02 00:10:00,7.38
2020-02-02 00:20:00,6.98
2020-02-02 00:30:00,6.67
2020-02-02 00:40:00,6.54
2020-02-02 00:50:00,6.45
2020-02-02 01:00:00,6.36
2020-02-02 01:10:00,6.27
2020-02-02 01:20:00,6.27
2020-02-02 01:30:00,6.26
2020-02-02 01:40:00,6.3
2020-02-02 01:50:00,6.4
2020-02-02 02:00:00,6.49
2020-02-02 02:10:00,6.86
2020-02-02 02:20:00,7.14
2020-02-02 02:30:00,7.31
2020-02-02 02:40:00,7.43
2020-02-02 02:50:00,7.38
2020-02-02 03:00:00,7.21
2020-02-02 03:10:00,7.14
2020-02-02 03:20:00,7.15
2020-02-02 03:30:00,7.08
2020-02-02 03:40:00,7.09
2020-02-02 03:50:00,7.19
2020-02-02 04:00:00,7.28
2020-02-02 04:10:00,7.34
2020-02-02 04:20:00,7.28
2020-02-02 04:30:00,7.22
2020-02-02 04:40:00,7.15
2020-02-02 04:50:00,6.99
2020-02-02 05:00:00,6.92
2020-02-02 05:10:00,6.82
2020-02-02 05:20:00,6.74
2020-02-02 05:30:00,6.75
2020-02-02 05:40:00,6.81
2020-02-02 05:50:00,6.82
2020-02-02 06:00:00,6.95
2020-02-02 06:10:00,7.03
2020-02-02 06:20:00,7.07
2020-02-02 06:30:00,7.12
2020-02-02 06:40:00,7.15
2020-02-02 06:50:00,7.21
2020-02-02 07:00:00,7.2
2020-02-02 07:10:00,7.18
2020-02-02 07:20:00,7.22
2020-02-02 07:30:00,7.25
2020-02-02 07:40:00,7.21
2020-02-02 07:50:00,7.23
2020-02-02 08:00:00,7.27
2020-02-02 08:10:00,7.21
2020-02-02 08:20:00,7.21
2020-02-02 08:30:00,7.15
2020-02-02 08:40:00,7.14
2020-02-02 08:50:00,7.14
2020-02-02 09:00:00,7.14
2020-02-02 09:10:00,7.11
2020-02-02 09:20:00,7.07
2020-02-02 09:30:00,7.07
2020-02-02 09:40:00,7.05
2020-02-02 09:50:00,6.99
2020-02-02 10:00:00,6.91
2020-02-02 10:10:00,6.92
2020-02-02 10:20:00,7.03
2020-02-02 10:30:00,7.07
2020-02-02 10:40:00,7.09
2020-02-02 10:50:00,7.17
2020-02-02 11:00:00,7.25
2020-02-02 11:10:00,7.33
2020-02-02 11:20:00,7.47
2020-02-02 11:30:00,7.64
2020-02-02 11:40:00,7.7
2020-02-02 11:50:00,7.78
2020-02-02 12:00:00,7.85
2020-02-02 12:10:00,7.85
2020-02-02 12:20:00,7.59
2020-02-02 12:30:00,7.45
2020-02-02 12:40:00,7.37
2020-02-02 12:50:00,7.09
2020-02-02 13:00:00,6.95
2020-02-02 13:10:00,6.7
2020-02-02 13:20:00,6.58
2020-02-02 13:30:00,6.48
2020-02-02 13:40:00,6.39
2020-02-02 13:50:00,6.22
2020-02-02 14:00:00,6.13
2020-02-02 14:10:00,6.07
2020-02-02 14:20:00,6.13
2020-02-02 14:30:00,6.19
2020-02-02 14:40:00,6.17
2020-02-02 14:50:00,6.21
2020-02-02 15:00:00,6.28
2020-02-02 15:10:00,6.05
2020-02-02 15:20:00,5.94
2020-02-02 15:30:00,5.91
2020-02-02 15:40:00,5.89
2020-02-02 15:50:00,5.88
2020-02-02 16:00:00,5.95
2020-02-02 16:10:00,6.09
2020-02-02 16:20:00,6.16
2020-02-02 16:30:00,6.14
2020-02-02 16:40:00,6.14
2020-02-02 16:50:00,6.21
2020-02-02 17:00:00,6.4
2020-02-02 17:10:00,6.36
2020-02-02 17:20:00,6.24
2020-02-02 17:30:00,6.37
2020-02-02 17:40:00,6.42
2020-02-02 17:50:00,6.61
2020-02-02 18:00:00,7.4
2020-02-02 18:10:00,8.06
2020-02-02 18:20:00,8.64
2020-02-02 18:30:00,9.41
2020-02-02 18:40:00,9.8
2020-02-02 18:50:00,10.34
2020-02-02 19:00:00,10.8
2020-02-02 19:10:00,11.0
2020-02-02 19:20:00,11.14
2020-02-02 19:30:00,10.95
2020-02-02 19:40:00,10.34
2020-02-02 19:50:00,9.95
2020-02-02 20:00:00,9.74
2020-02-02 20:10:00,9.64
2020-02-02 20:20:00,9.55
2020-02-02 20:30:00,9.56
2020-02-02 20:40:00,9.71
2020-02-02 20:50:00,10.18
2020-02-02 21:00:00,10.69
2020-02-02 21:10:00,10.92
2020-02-02 21:20:00,11.07
2020-02-02 21:30:00,11.12
2020-02-02 21:40:00,11.07
2020-02-02 21:50:00,10.98
2020-02-02 22:00:00,11.04
2020-02-02 22:10:00,11.11
2020-02-02 22:20:00,11.13
2020-02-02 22:30:00,11.2
2020-02-02 22:40:00,11.06
2020-02-02 22:50:00,10.86
2020-02-02 23:00:00,10.78
2020-02-02 23:10:00,10.72
2020-02-02 23:20:00,10.73
2020-02-02 23:30:00,10.68
2020-02-02 23:40:00,10.62
2020-02-02 23:50:00,10.58
2020-02-03 00:00:00,10.54
2020-02-03 00:10:00,10.52
2020-02-03 00:20:00,10.41
2020-02-03 00:30:00,10.06
2020-02-03 00:40:00,9.74
2020-02-03 00:50:00,9.21
2020-02-03 01:00:00,9.16
2020-02-03 01:10:00,9.59
2020-02-03 01:20:00,10.07
2020-02-03 01:30:00,10.21
2020-02-03 01:40:00,10.21
2020-02-03 01:50:00,10.19
2020-02-03 02:00:00,10.17
2020-02-03 02:10:00,10.14
2020-02-03 02:20:00,10.09
2020-02-03 02:30:00,10.13
2020-02-03 02:40:00,10.12
2020-02-03 02:50:00,10.03
2020-02-03 03:00:00,10.01
2020-02-03 03:10:00,10.01
2020-02-03 03:20:00,10.07
2020-02-03 03:30:00,10.01
2020-02-03 03:40:00,9.91
2020-02-03 03:50:00,9.79
2020-02-03 04:00:00,9.76
2020-02-03 04:10:00,9.87
2020-02-03 04:20:00,9.86
2020-02-03 04:30:00,9.81
2020-02-03 04:40:00,9.82
2020-02-03 04:50:00,9.83
2020-02-03 05:00:00,9.84
2020-02-03 05:10:00,9.84
2020-02-03 05:20:00,9.81
2020-02-03 05:30:00,9.73
2020-02-03 05:40:00,9.72
2020-02-03 05:50:00,9.63
2020-02-03 06:00:00,9.57
2020-02-03 06:10:00,9.59
2020-02-03 06:20:00,9.48
2020-02-03 06:30:00,9.42
2020-02-03 06:40:00,9.38
2020-02-03 06:50:00,9.39
2020-02-03 07:00:00,9.34
2020-02-03 07:10:00,9.29
2020-02-03 07:20:00,9.27
2020-02-03 07:30:00,9.24
2020-02-03 07:40:00,9.09
2020-02-03 07:50:00,8.96
2020-02-03 08:00:00,9.0
2020-02-03 08:10:00,9.03
2020-02-03 08:20:00,9.04
2020-02-03 08:30:00,9.01
2020-02-03 08:40:00,9.04
2020-02-03 08:50:00,9.11
2020-02-03 09:00:00,9.14
2020-02-03 09:10:00,9.19
2020-02-03 09:20:00,9.33
2020-02-03 09:30:00,9.51
2020-02-03 09:40:00,9.76
2020-02-03 09:50:00,9.88
2020-02-03 10:00:00,10.12
2020-02-03 10:10:00,10.34
2020-02-03 10:20:00,10.51
2020-02-03 10:30:00,10.71
2020-02-03 10:40:00,10.74
2020-02-03 10:50:00,10.89
2020-02-03 11:00:00,10.84
2020-02-03 11:10:00,10.8
2020-02-03 11:20:00,10.8
2020-02-03 11:30:00,10.79
2020-02-03 11:40:00,10.83
2020-02-03 11:50:00,10.83
2020-02-03 12:00:00,10.95
2020-02-03 12:10:00,11.06
2020-02-03 12:20:00,11.01
2020-02-03 12:30:00,11.38
2020-02-03 12:40:00,12.04
2020-02-03 12:50:00,12.11
2020-02-03 13:00:00,11.8
2020-02-03 13:10:00,11.53
2020-02-03 13:20:00,11.29
2020-02-03 13:30:00,11.18
2020-02-03 13:40:00,11.09
2020-02-03 13:50:00,10.98
2020-02-03 14:00:00,10.95
2020-02-03 14:10:00,10.9
2020-02-03 14:20:00,10.82
2020-02-03 14:30:00,10.58
2020-02-03 14:40:00,10.39
2020-02-03 14:50:00,10.11
2020-02-03 15:00:00,10.34
2020-02-03 15:10:00,10.13
2020-02-03 15:20:00,8.06
2020-02-03 15:30:00,7.95
2020-02-03 15:40:00,9.22
2020-02-03 15:50:00,9.61
2020-02-03 16:00:00,9.37
2020-02-03 16:10:00,9.46
2020-02-03 16:20:00,9.61
2020-02-03 16:30:00,9.78
2020-02-03 16:40:00,9.82
2020-02-03 16:50:00,9.82
2020-02-03 17:00:00,9.74
2020-02-03 17:10:00,9.52
2020-02-03 17:20:00,9.28
2020-02-03 17:30:00,9.05
2020-02-03 17:40:00,8.89
2020-02-03 17:50:00,8.84
2020-02-03 18:00:00,8.77
2020-02-03 18:10:00,8.78
2020-02-03 18:20:00,8.81
2020-02-03 18:30:00,8.81
2020-02-03 18:40:00,8.75
2020-02-03 18:50:00,8.69
2020-02-03 19:00:00,8.67
2020-02-03 19:10:00,8.67
2020-02-03 19:20:00,8.61
2020-02-03 19:30:00,8.61
2020-02-03 19:40:00,8.6
2020-02-03 19:50:00,8.61
2020-02-03 20:00:00,8.61
2020-02-03 20:10:00,8.67
2020-02-03 20:20:00,8.67
2020-02-03 20:30:00,8.63
2020-02-03 20:40:00,8.58
2020-02-03 20:50:00,8.5
2020-02-03 21:00:00,8.39
2020-02-03 21:10:00,8.3
2020-02-03 21:20:00,8.19
2020-02-03 21:30:00,8.09
2020-02-03 21:40:00,7.97
2020-02-03 21:50:00,7.8
2020-02-03 22:00:00,7.76
2020-02-03 22:10:00,7.67
2020-02-03 22:20:00,7.67
2020-02-03 22:30:00,7.62
2020-02-03 22:40:00,7.71
2020-02-03 22:50:00,7.61
2020-02-03 23:00:00,7.55
2020-02-03 23:10:00,7.42
2020-02-03 23:20:00,7.3
2020-02-03 23:30:00,7.24
2020-02-03 23:40:00,7.02
2020-02-03 23:50:00,6.97
2020-02-04 00:00:00,6.89
2020-02-04 00:10:00,6.72
2020-02-04 00:20:00,6.34
2020-02-04 00:30:00,6.17
2020-02-04 00:40:00,6.06
2020-02-04 00:50:00,5.99
2020-02-04 01:00:00,5.98
2020-02-04 01:10:00,5.94
2020-02-04 01:20:00,5.83
2020-02-04 01:30:00,5.85
2020-02-04 01:40:00,5.71
2020-02-04 01:50:00,5.52
2020-02-04 02:00:00,5.42
2020-02-04 02:10:00,5.27
2020-02-04 02:20:00,5.1
2020-02-04 02:30:00,4.9
2020-02-04 02:40:00,4.79
2020-02-04 02:50:00,4.72
2020-02-04 03:00:00,4.59
2020-02-04 03:10:00,4.52
2020-02-04 03:20:00,4.4
2020-02-04 03:30:00,4.25
2020-02-04 03:40:00,4.06
2020-02-04 03:50:00,3.86
2020-02-04 04:00:00,3.7
2020-02-04 04:10:00,3.64
2020-02-04 04:20:00,3.45
2020-02-04 04:30:00,3.36
2020-02-04 04:40:00,3.35
2020-02-04 04:50:00,3.19
2020-02-04 05:00:00,2.89
2020-02-04 05:10:00,2.64
2020-02-04 05:20:00,2.38
2020-02-04 05:30:00,2.09
2020-02-04 05:40:00,1.95
2020-02-04 05:50:00,1.94
2020-02-04 06:00:00,2.09
2020-02-04 06:10:00,1.98
2020-02-04 06:20:00,1.71
2020-02-04 06:30:00,1.91
2020-02-04 06:40:00,2.2
2020-02-04 06:50:00,2.43
2020-02-04 07:00:00,2.62
2020-02-04 07:10:00,2.72
2020-02-04 07:20:00,2.74
2020-02-04 07:30:00,2.77
2020-02-04 07:40:00,2.38
2020-02-04 07:50:00,2.28
2020-02-04 08:00:00,2.51
2020-02-04 08:10:00,2.74
2020-02-04 08:20:00,2.87
2020-02-04 08:30:00,2.87
2020-02-04 08:40:00,2.76
2020-02-04 08:50:00,2.64
2020-02-04 09:00:00,2.52
2020-02-04 09:10:00,2.69
2020-02-04 09:20:00,2.74
2020-02-04 09:30:00,2.74
2020-02-04 09:40:00,2.8
2020-02-04 09:50:00,3.3
2020-02-04 10:00:00,3.68
2020-02-04 10:10:00,3.99
2020-02-04 10:20:00,4.12
2020-02-04 10:30:00,4.14
2020-02-04 10:40:00,4.4
2020-02-04 10:50:00,4.06
2020-02-04 11:00:00,3.53
2020-02-04 11:10:00,3.32
2020-02-04 11:20:00,3.35
2020-02-04 11:30:00,3.54
2020-02-04 11:40:00,3.95
2020-02-04 11:50:00,4.44
2020-02-04 12:00:00,4.99
2020-02-04 12:10:00,5.26
2020-02-04 12:20:00,5.05
2020-02-04 12:30:00,4.39
2020-02-04 12:40:00,3.34
2020-02-04 12:50:00,2.58
2020-02-04 13:00:00,2.83
2020-02-04 13:10:00,3.34
2020-02-04 13:20:00,4.02
2020-02-04 13:30:00,4.64
2020-02-04 13:40:00,4.48
2020-02-04 13:50:00,4.45
2020-02-04 14:00:00,4.39
2020-02-04 14:10:00,4.43
2020-02-04 14:20:00,4.73
2020-02-04 14:30:00,5.01
2020-02-04 14:40:00,5.09
2020-02-04 14:50:00,4.71
2020-02-04 15:00:00,4.38
2020-02-04 15:10:00,4.6
2020-02-04 15:20:00,5.0
2020-02-04 15:30:00,4.64
2020-02-04 15:40:00,4.43
2020-02-04 15:50:00,4.82
2020-02-04 16:00:00,4.95
2020-02-04 16:10:00,4.58
2020-02-04 16:20:00,4.07
2020-02-04 16:30:00,3.77
2020-02-04 16:40:00,3.49
2020-02-04 16:50:00,3.28
2020-02-04 17:00:00,3.2
2020-02-04 17:10:00,3.18
2020-02-04 17:20:00,3.14
2020-02-04 17:30:00,3.13
2020-02-04 17:40:00,3.0
2020-02-04 17:50:00,2.72
2020-02-04 18:00:00,2.52
2020-02-04 18:10:00,2.36
2020-02-04 18:20:00,2.42
2020-02-04 18:30:00,2.51
2020-02-04 18:40:00,2.49
2020-02-04 18:50:00,2.43
2020-02-04 19:00:00,2.46
2020-02-04 19:10:00,2.52
2020-02-04 19:20:00,2.54
2020-02-04 19:30:00,2.54
2020-02-04 19:40:00,2.6
2020-02-04 19:50:00,2.75
2020-02-04 20:00:00,2.81
2020-02-04 20:10:00,2.85
2020-02-04 20:20:00,2.88
2020-02-04 20:30:00,2.86
2020-02-04 20:40:00,2.92
2020-02-04 20:50:00,2.99
2020-02-04 21:00:00,3.0
2020-02-04 21:10:00,2.99
2020-02-04 21:20:00,3.0
2020-02-04 21:30:00,3.04
2020-02-04 21:40:00,3.14
2020-02-04 21:50:00,3.14
2020-02-04 22:00:00,3.14
2020-02-04 22:10:00,3.14
2020-02-04 22:20:00,3.13
2020-02-04 22:30:00,3.14
2020-02-04 22:40:00,3.19
2020-02-04 22:50:00,3.16
2020-02-04 23:00:00,3.08
2020-02-04 23:10:00,2.95
2020-02-04 23:20:00,2.74
2020-02-04 23:30:00,2.72
2020-02-04 23:40:00,2.79
2020-02-04 23:50:00,2.85
2020-02-05 00:00:00,2.91
2020-02-05 00:10:00,3.06
2020-02-05 00:20:00,3.16
2020-02-05 00:30:00,3.21
2020-02-05 00:40:00,3.18
2020-02-05 00:50:00,3.16
2020-02-05 01:00:00,3.3
2020-02-05 01:10:00,3.43
2020-02-05 01:20:00,3.41
2020-02-05 01:30:00,3.35
2020-02-05 01:40:00,3.27
2020-02-05 01:50:00,3.27
2020-02-05 02:00:00,3.27
2020-02-05 02:10:00,3.29
2020-02-05 02:20:00,3.27
2020-02-05 02:30:00,3.26
2020-02-05 02:40:00,3.22
2020-02-05 02:50:00,3.15
2020-02-05 03:00:00,3.03
2020-02-05 03:10:00,2.91
2020-02-05 03:20:00,2.83
2020-02-05 03:30:00,2.76
2020-02-05 03:40:00,2.68
2020-02-05 03:50:00,2.64
2020-02-05 04:00:00,2.59
2020-02-05 04:10:00,2.51
2020-02-05 04:20:00,2.47
2020-02-05 04:30:00,2.47
2020-02-05 04:40:00,2.43
2020-02-05 04:50:00,2.35
2020-02-05 05:00:00,2.23
2020-02-05 05:10:00,2.14
2020-02-05 05:20:00,2.09
2020-02-05 05:30:00,2.08
2020-02-05 05:40:00,2.06
2020-02-05 05:50:00,2.0
2020-02-05 06:00:00,1.95
2020-02-05 06:10:00,1.94
2020-02-05 06:20:00,1.9
2020-02-05 06:30:00,1.87
2020-02-05 06:40:00,1.88
2020-02-05 06:50:00,1.84
2020-02-05 07:00:00,1.83
2020-02-05 07:10:00,1.81
2020-02-05 07:20:00,1.8
2020-02-05 07:30:00,1.8
2020-02-05 07:40:00,1.81
2020-02-05 07:50:00,1.82
2020-02-05 08:00:00,1.82
2020-02-05 08:10:00,1.85
2020-02-05 08:20:00,1.8
2020-02-05 08:30:00,1.78
2020-02-05 08:40:00,1.8
2020-02-05 08:50:00,1.81
2020-02-05 09:00:00,1.81
2020-02-05 09:10:00,1.82
2020-02-05 09:20:00,1.86
2020-02-05 09:30:00,1.89
2020-02-05 09:40:00,1.94
2020-02-05 09:50:00,1.96
2020-02-05 10:00:00,2.05
2020-02-05 10:10:00,1.99
2020-02-05 10:20:00,1.86
2020-02-05 10:30:00,1.82
2020-02-05 10:40:00,2.01
2020-02-05 10:50:00,2.13
2020-02-05 11:00:00,2.23
2020-02-05 11:10:00,2.25
2020-02-05 11:20:00,2.42
2020-02-05 11:30:00,2.45
2020-02-05 11:40:00,2.69
2020-02-05 11:50:00,2.46
2020-02-05 12:00:00,2.34
2020-02-05 12:10:00,2.61
2020-02-05 12:20:00,2.78
2020-02-05 12:30:00,2.66
2020-02-05 12:40:00,2.58
2020-02-05 12:50:00,2.64
2020-02-05 13:00:00,2.71
2020-02-05 13:10:00,3.02
2020-02-05 13:20:00,2.69
2020-02-05 13:30:00,2.86
2020-02-05 13:40:00,2.81
2020-02-05 13:50:00,2.97
2020-02-05 14:00:00,3.08
2020-02-05 14:10:00,3.52
2020-02-05 14:20:00,3.47
2020-02-05 14:30:00,3.89
2020-02-05 14:40:00,4.3
2020-02-05 14:50:00,4.2
2020-02-05 15:00:00,4.32
2020-02-05 15:10:00,4.75
2020-02-05 15:20:00,4.59
2020-02-05 15:30:00,4.47
2020-02-05 15:40:00,4.49
2020-02-05 15:50:00,4.62
2020-02-05 16:00:00,4.74
2020-02-05 16:10:00,4.46
2020-02-05 16:20:00,4.09
2020-02-05 16:30:00,3.91
2020-02-05 16:40:00,3.48
2020-02-05 16:50:00,3.03
2020-02-05 17:00:00,2.69
2020-02-05 17:10:00,2.46
2020-02-05 17:20:00,2.26
2020-02-05 17:30:00,2.15
2020-02-05 17:40:00,1.9
2020-02-05 17:50:00,1.91
2020-02-05 18:00:00,1.61
2020-02-05 18:10:00,1.65
2020-02-05 18:20:00,1.5
2020-02-05 18:30:00,1.58
2020-02-05 18:40:00,1.22
2020-02-05 18:50:00,0.9
2020-02-05 19:00:00,1.08
2020-02-05 19:10:00,0.81
2020-02-05 19:20:00,0.44
2020-02-05 19:30:00,0.38
2020-02-05 19:40:00,-0.03
2020-02-05 19:50:00,-0.23
2020-02-05 20:00:00,-0.22
2020-02-05 20:10:00,-0.28
2020-02-05 20:20:00,-0.46
2020-02-05 20:30:00,-0.91
2020-02-05 20:40:00,-0.77
2020-02-05 20:50:00,-1.08
2020-02-05 21:00:00,-1.13
2020-02-05 21:10:00,-1.02
2020-02-05 21:20:00,-0.85
2020-02-05 21:30:00,-1.13
2020-02-05 21:40:00,-1.35
2020-02-05 21:50:00,-1.35
2020-02-05 22:00:00,-1.39
2020-02-05 22:10:00,-1.33
2020-02-05 22:20:00,-1.36
2020-02-05 22:30:00,-1.45
2020-02-05 22:40:00,-1.49
2020-02-05 22:50:00,-1.59
2020-02-05 23:00:00,-1.56
2020-02-05 23:10:00,-1.43
2020-02-05 23:20:00,-1.43
2020-02-05 23:30:00,-1.39
2020-02-05 23:40:00,-1.39
2020-02-05 23:50:00,-1.46
2020-02-06 00:00:00,-1.46
2020-02-06 00:10:00,-1.43
2020-02-06 00:20:00,-1.39
2020-02-06 00:30:00,-1.37
2020-02-06 00:40:00,-1.33
2020-02-06 00:50:00,-1.32
2020-02-06 01:00:00,-1.26
2020-02-06 01:10:00,-1.23
2020-02-06 01:20:00,-1.12
2020-02-06 01:30:00,-1.05
2020-02-06 01:40:00,-0.97
2020-02-06 01:50:00,-0.93
2020-02-06 02:00:00,-1.01
2020-02-06 02:10:00,-1.05
2020-02-06 02:20:00,-1.02
2020-02-06 02:30:00,-0.92
2020-02-06 02:40:00,-0.49
2020-02-06 02:50:00,-0.43
2020-02-06 03:00:00,-0.69
2020-02-06 03:10:00,-0.78
2020-02-06 03:20:00,-0.9
2020-02-06 03:30:00,-0.96
2020-02-06 03:40:00,-0.88
2020-02-06 03:50:00,-0.93
2020-02-06 04:00:00,-0.91
2020-02-06 04:10:00,-0.86
2020-02-06 04:20:00,-0.89
2020-02-06 04:30:00,-0.84
2020-02-06 04:40:00,-0.73
2020-02-06 04:50:00,-0.59
2020-02-06 05:00:00,-0.41
2020-02-06 05:10:00,-0.29
2020-02-06 05:20:00,-0.14
2020-02-06 05:30:00,-0.49
2020-02-06 05:40:00,-0.73
2020-02-06 05:50:00,-0.78
2020-02-06 06:00:00,-0.69
2020-02-06 06:10:00,-0.67
2020-02-06 06:20:00,0.18
2020-02-06 06:30:00,0.92
2020-02-06 06:40:00,1.42
2020-02-06 06:50:00,1.6
2020-02-06 07:00:00,1.55
2020-02-06 07:10:00,1.49
2020-02-06 07:20:00,1.44
2020-02-06 07:30:00,1.35
2020-02-06 07:40:00,1.31
2020-02-06 07:50:00,1.32
2020-02-06 08:00:00,1.37
2020-02-06 08:10:00,1.38
2020-02-06 08:20:00,1.44
2020-02-06 08:30:00,1.55
2020-02-06 08:40:00,1.66
2020-02-06 08:50:00,1.69
2020-02-06 09:00:00,1.76
2020-02-06 09:10:00,1.94
2020-02-06 09:20:00,2.26
2020-02-06 09:30:00,2.55
2020-02-06 09:40:00,2.57
2020-02-06 09:50:00,2.6
2020-02-06 10:00:00,2.78
2020-02-06 10:10:00,2.89
2020-02-06 10:20:00,2.81
2020-02-06 10:30:00,2.9
2020-02-06 10:40:00,3.07
2020-02-06 10:50:00,3.15
2020-02-06 11:00:00,3.2
2020-02-06 11:10:00,3.26
2020-02-06 11:20:00,3.31
2020-02-06 11:30:00,3.34
2020-02-06 11:40:00,3.35
2020-02-06 11:50:00,3.42
2020-02-06 12:00:00,3.48
2020-02-06 12:10:00,3.49
2020-02-06 12:20:00,3.61
2020-02-06 12:30:00,3.72
2020-02-06 12:40:00,3.77
2020-02-06 12:50:00,3.81
2020-02-06 13:00:00,3.84
2020-02-06 13:10:00,3.86
2020-02-06 13:20:00,3.88
2020-02-06 13:30:00,3.83
2020-02-06 13:40:00,3.81
2020-02-06 13:50:00,3.81
2020-02-06 14:00:00,3.79
2020-02-06 14:10:00,3.81
2020-02-06 14:20:00,3.87
2020-02-06 14:30:00,3.93
2020-02-06 14:40:00,3.95
2020-02-06 14:50:00,3.94
2020-02-06 15:00:00,3.97
2020-02-06 15:10:00,4.02
2020-02-06 15:20:00,4.06
2020-02-06 15:30:00,4.07
2020-02-06 15:40:00,4.09
2020-02-06 15:50:00,4.04
2020-02-06 16:00:00,4.0
2020-02-06 16:10:00,4.04
2020-02-06 16:20:00,4.13
2020-02-06 16:30:00,4.09
2020-02-06 16:40:00,4.02
2020-02-06 16:50:00,4.06
2020-02-06 17:00:00,4.03
2020-02-06 17:10:00,3.99
2020-02-06 17:20:00,3.98
2020-02-06 17:30:00,3.97
2020-02-06 17:40:00,3.94
2020-02-06 17:50:00,3.89
2020-02-06 18:00:00,3.83
2020-02-06 18:10:00,3.81
2020-02-06 18:20:00,3.88
2020-02-06 18:30:00,3.84
2020-02-06 18:40:00,3.76
2020-02-06 18:50:00,3.71
2020-02-06 19:00:00,3.7
2020-02-06 19:10:00,3.71
2020-02-06 19:20:00,3.74
2020-02-06 19:30:00,3.74
2020-02-06 19:40:00,3.71
2020-02-06 19:50:00,3.72
2020-02-06 20:00:00,3.78
2020-02-06 20:10:00,3.76
2020-02-06 20:20:00,3.73
2020-02-06 20:30:00,3.72
2020-02-06 20:40:00,3.62
2020-02-06 20:50:00,3.57
2020-02-06 21:00:00,3.6
2020-02-06 21:10:00,3.6
2020-02-06 21:20:00,3.6
2020-02-06 21:30:00,3.6
2020-02-06 21:40:00,3.54
2020-02-06 21:50:00,3.57
2020-02-06 22:00:00,3.53
2020-02-06 22:10:00,3.56
2020-02-06 22:20:00,3.53
2020-02-06 22:30:00,3.5
2020-02-06 22:40:00,3.49
2020-02-06 22:50:00,3.48
2020-02-06 23:00:00,3.45
2020-02-06 23:10:00,3.35
2020-02-06 23:20:00,3.33
2020-02-06 23:30:00,3.39
2020-02-06 23:40:00,3.38
2020-02-06 23:50:00,3.37
2020-02-07 00:00:00,3.34
2020-02-07 00:10:00,3.24
2020-02-07 00:20:00,3.15
2020-02-07 00:30:00,3.13
2020-02-07 00:40:00,3.13
2020-02-07 00:50:00,3.14
2020-02-07 01:00:00,3.14
2020-02-07 01:10:00,3.22
2020-02-07 01:20:00,3.26
2020-02-07 01:30:00,3.23
2020-02-07 01:40:00,3.2
2020-02-07 01:50:00,3.15
2020-02-07 02:00:00,3.13
2020-02-07 02:10:00,3.14
2020-02-07 02:20:00,3.18
2020-02-07 02:30:00,3.2
2020-02-07 02:40:00,3.25
2020-02-07 02:50:00,3.27
2020-02-07 03:00:00,3.27
2020-02-07 03:10:00,3.27
2020-02-07 03:20:00,3.25
2020-02-07 03:30:00,3.28
2020-02-07 03:40:00,3.24
2020-02-07 03:50:00,3.23
2020-02-07 04:00:00,3.3
2020-02-07 04:10:00,3.23
2020-02-07 04:20:00,3.07
2020-02-07 04:30:00,3.07
2020-02-07 04:40:00,3.11
2020-02-07 04:50:00,3.21
2020-02-07 05:00:00,3.18
2020-02-07 05:10:00,2.98
2020-02-07 05:20:00,2.89
2020-02-07 05:30:00,2.99
2020-02-07 05:40:00,2.93
2020-02-07 05:50:00,2.79
2020-02-07 06:00:00,2.78
2020-02-07 06:10:00,2.81
2020-02-07 06:20:00,2.84
2020-02-07 06:30:00,2.8
2020-02-07 06:40:00,2.97
2020-02-07 06:50:00,2.83
2020-02-07 07:00:00,2.73
2020-02-07 07:10:00,2.67
2020-02-07 07:20:00,2.83
2020-02-07 07:30:00,2.81
2020-02-07 07:40:00,2.85
2020-02-07 07:50:00,2.7
2020-02-07 08:00:00,2.58
2020-02-07 08:10:00,2.54
2020-02-07 08:20:00,2.53
2020-02-07 08:30:00,2.58
2020-02-07 08:40:00,2.61
2020-02-07 08:50:00,2.55
2020-02-07 09:00:00,2.45
2020-02-07 09:10:00,2.43
2020-02-07 09:20:00,2.61
2020-02-07 09:30:00,2.79
2020-02-07 09:40:00,2.79
2020-02-07 09:50:00,2.82
2020-02-07 10:00:00,2.97
2020-02-07 10:10:00,3.14
2020-02-07 10:20:00,3.31
2020-02-07 10:30:00,3.25
2020-02-07 10:40:00,3.51
2020-02-07 10:50:00,3.48
2020-02-07 11:00:00,3.48
2020-02-07 11:10:00,3.54
2020-02-07 11:20:00,3.66
2020-02-07 11:30:00,3.83
2020-02-07 11:40:00,3.95
2020-02-07 11:50:00,4.1
2020-02-07 12:00:00,4.3
2020-02-07 12:10:00,4.39
2020-02-07 12:20:00,4.54
2020-02-07 12:30:00,4.71
2020-02-07 12:40:00,4.68
2020-02-07 12:50:00,4.75
2020-02-07 13:00:00,4.7
2020-02-07 13:10:00,4.7
2020-02-07 13:20:00,4.75
2020-02-07 13:30:00,4.81
2020-02-07 13:40:00,4.83
2020-02-07 13:50:00,4.93
2020-02-07 14:00:00,4.94
2020-02-07 14:10:00,4.93
2020-02-07 14:20:00,4.87
2020-02-07 14:30:00,4.82
2020-02-07 14:40:00,4.97
2020-02-07 14:50:00,4.92
2020-02-07 15:00:00,4.87
2020-02-07 15:10:00,4.87
2020-02-07 15:20:00,4.83
2020-02-07 15:30:00,4.77
2020-02-07 15:40:00,4.73
2020-02-07 15:50:00,4.68
2020-02-07 16:00:00,4.65
2020-02-07 16:10:00,4.61
2020-02-07 16:20:00,4.63
2020-02-07 16:30:00,4.61
2020-02-07 16:40:00,4.62
2020-02-07 16:50:00,4.64
2020-02-07 17:00:00,4.66
2020-02-07 17:10:00,4.58
2020-02-07 17:20:00,4.52
2020-02-07 17:30:00,4.41
2020-02-07 17:40:00,4.39
2020-02-07 17:50:00,4.32
2020-02-07 18:00:00,4.33
2020-02-07 18:10:00,4.31
2020-02-07 18:20:00,4.27
2020-02-07 18:30:00,4.27
2020-02-07 18:40:00,4.26
2020-02-07 18:50:00,4.22
2020-02-07 19:00:00,4.2
2020-02-07 19:10:00,4.18
2020-02-07 19:20:00,4.13
2020-02-07 19:30:00,4.07
2020-02-07 19:40:00,4.07
2020-02-07 19:50:00,4.07
2020-02-07 20:00:00,4.06
2020-02-07 20:10:00,4.02
2020-02-07 20:20:00,3.97
2020-02-07 20:30:00,3.87
2020-02-07 20:40:00,3.79
2020-02-07 20:50:00,3.62
2020-02-07 21:00:00,3.4
2020-02-07 21:10:00,3.25
2020-02-07 21:20:00,3.15
2020-02-07 21:30:00,3.1
2020-02-07 21:40:00,3.05
2020-02-07 21:50:00,2.88
2020-02-07 22:00:00,2.68
2020-02-07 22:10:00,2.58
2020-02-07 22:20:00,2.48
2020-02-07 22:30:00,2.46
2020-02-07 22:40:00,2.33
2020-02-07 22:50:00,2.18
2020-02-07 23:00:00,2.09
2020-02-07 23:10:00,2.01
2020-02-07 23:20:00,2.05
2020-02-07 23:30:00,1.95
2020-02-07 23:40:00,1.81
2020-02-07 23:50:00,1.72
2020-02-08 00:00:00,1.58
2020-02-08 00:10:00,1.52
2020-02-08 00:20:00,1.47
2020-02-08 00:30:00,1.3
2020-02-08 00:40:00,1.25
2020-02-08 00:50:00,1.31
2020-02-08 01:00:00,1.26
2020-02-08 01:10:00,1.28
2020-02-08 01:20:00,1.23
2020-02-08 01:30:00,1.01
2020-02-08 01:40:00,0.81
2020-02-08 01:50:00,0.63
2020-02-08 02:00:00,0.75
2020-02-08 02:10:00,0.74
2020-02-08 02:20:00,0.56
2020-02-08 02:30:00,0.61
2020-02-08 02:40:00,0.61
2020-02-08 02:50:00,0.38
2020-02-08 03:00:00,0.05
2020-02-08 03:10:00,-0.35
2020-02-08 03:20:00,-0.61
2020-02-08 03:30:00,-0.77
2020-02-08 03:40:00,-0.85
2020-02-08 03:50:00,-1.07
2020-02-08 04:00:00,-0.75
2020-02-08 04:10:00,-0.52
2020-02-08 04:20:00,-0.65
2020-02-08 04:30:00,-0.74
2020-02-08 04:40:00,-0.77
2020-02-08 04:50:00,-0.75
2020-02-08 05:00:00,-0.62
2020-02-08 05:10:00,-0.95
2020-02-08 05:20:00,-0.85
2020-02-08 05:30:00,-0.6
2020-02-08 05:40:00,-0.44
2020-02-08 05:50:00,-0.34
2020-02-08 06:00:00,-0.35
2020-02-08 06:10:00,-0.64
2020-02-08 06:20:00,-0.69
2020-02-08 06:30:00,-0.72
2020-02-08 06:40:00,-0.65
2020-02-08 06:50:00,-0.53
2020-02-08 07:00:00,-0.51
2020-02-08 07:10:00,-0.45
2020-02-08 07:20:00,-0.55
2020-02-08 07:30:00,-0.77
2020-02-08 07:40:00,-0.75
2020-02-08 07:50:00,-0.7
2020-02-08 08:00:00,-0.51
2020-02-08 08:10:00,-0.16
2020-02-08 08:20:00,0.27
2020-02-08 08:30:00,0.81
2020-02-08 08:40:00,1.17
2020-02-08 08:50:00,1.13
2020-02-08 09:00:00,1.47
2020-02-08 09:10:00,1.91
2020-02-08 09:20:00,1.98
2020-02-08 09:30:00,2.33
2020-02-08 09:40:00,2.32
2020-02-08 09:50:00,2.56
2020-02-08 10:00:00,3.05
2020-02-08 10:10:00,3.43
2020-02-08 10:20:00,3.76
2020-02-08 10:30:00,4.17
2020-02-08 10:40:00,4.7
2020-02-08 10:50:00,5.13
2020-02-08 11:00:00,5.45
2020-02-08 11:10:00,5.74
2020-02-08 11:20:00,5.88
2020-02-08 11:30:00,6.06
2020-02-08 11:40:00,6.2
2020-02-08 11:50:00,6.4
2020-02-08 12:00:00,6.54
2020-02-08 12:10:00,6.82
2020-02-08 12:20:00,7.14
2020-02-08 12:30:00,7.3
2020-02-08 12:40:00,7.38
2020-02-08 12:50:00,7.78
2020-02-08 13:00:00,8.04
2020-02-08 13:10:00,8.43
2020-02-08 13:20:00,8.66
2020-02-08 13:30:00,8.66
2020-02-08 13:40:00,8.71
2020-02-08 13:50:00,8.85
2020-02-08 14:00:00,8.79
2020-02-08 14:10:00,8.84
2020-02-08 14:20:00,8.82
2020-02-08 14:30:00,8.78
2020-02-08 14:40:00,8.9
2020-02-08 14:50:00,8.84
2020-02-08 15:00:00,8.75
2020-02-08 15:10:00,8.82
2020-02-08 15:20:00,8.87
2020-02-08 15:30:00,8.91
2020-02-08 15:40:00,8.92
2020-02-08 15:50:00,8.78
2020-02-08 16:00:00,8.71
2020-02-08 16:10:00,8.61
2020-02-08 16:20:00,8.57
2020-02-08 16:30:00,8.42
2020-02-08 16:40:00,8.23
2020-02-08 16:50:00,7.91
2020-02-08 17:00:00,7.82
2020-02-08 17:10:00,7.6
2020-02-08 17:20:00,7.17
2020-02-08 17:30:00,6.96
2020-02-08 17:40:00,6.72
2020-02-08 17:50:00,6.45
2020-02-08 18:00:00,6.19
2020-02-08 18:10:00,6.02
2020-02-08 18:20:00,5.86
2020-02-08 18:30:00,5.67
2020-02-08 18:40:00,5.49
2020-02-08 18:50:00,5.33
2020-02-08 19:00:00,5.14
2020-02-08 19:10:00,5.07
2020-02-08 19:20:00,4.91
2020-02-08 19:30:00,4.6
2020-02-08 19:40:00,4.5
2020-02-08 19:50:00,4.35
2020-02-08 20:00:00,4.3
2020-02-08 20:10:00,4.37
2020-02-08 20:20:00,4.39
2020-02-08 20:30:00,4.46
2020-02-08 20:40:00,4.54
2020-02-08 20:50:00,4.6
2020-02-08 21:00:00,4.59
2020-02-08 21:10:00,4.57
2020-02-08 21:20:00,4.63
2020-02-08 21:30:00,4.69
2020-02-08 21:40:00,4.74
2020-02-08 21:50:00,4.75
2020-02-08 22:00:00,4.77
2020-02-08 22:10:00,4.81
2020-02-08 22:20:00,4.7
2020-02-08 22:30:00,4.64
2020-02-08 22:40:00,4.65
2020-02-08 22:50:00,4.7
2020-02-08 23:00:00,4.79
2020-02-08 23:10:00,4.74
2020-02-08 23:20:00,4.71
2020-02-08 23:30:00,4.68
2020-02-08 23:40:00,4.66
2020-02-08 23:50:00,4.57
2020-02-09 00:00:00,4.52
2020-02-09 00:10:00,4.5
2020-02-09 00:20:00,4.58
2020-02-09 00:30:00,4.6
2020-02-09 00:40:00,4.54
2020-02-09 00:50:00,4.41
2020-02-09 01:00:00,4.4
2020-02-09 01:10:00,4.4
2020-02-09 01:20:00,4.42
2020-02-09 01:30:00,4.47
2020-02-09 01:40:00,4.56
2020-02-09 01:50:00,4.78
2020-02-09 02:00:00,4.81
2020-02-09 02:10:00,4.86
2020-02-09 02:20:00,4.99
2020-02-09 02:30:00,5.02
2020-02-09 02:40:00,4.97
2020-02-09 02:50:00,4.91
2020-02-09 03:00:00,4.88
2020-02-09 03:10:00,4.84
2020-02-09 03:20:00,4.92
2020-02-09 03:30:00,5.07
2020-02-09 03:40:00,5.16
2020-02-09 03:50:00,5.09
2020-02-09 04:00:00,5.19
2020-02-09 04:10:00,5.09
2020-02-09 04:20:00,4.85
2020-02-09 04:30:00,4.67
2020-02-09 04:40:00,4.72
2020-02-09 04:50:00,4.72
2020-02-09 05:00:00,4.55
2020-02-09 05:10:00,4.37
2020-02-09 05:20:00,4.21
2020-02-09 05:30:00,4.25
2020-02-09 05:40:00,4.09
2020-02-09 05:50:00,4.04
2020-02-09 06:00:00,4.04
2020-02-09 06:10:00,3.86
2020-02-09 06:20:00,4.44
2020-02-09 06:30:00,4.9
2020-02-09 06:40:00,4.95
2020-02-09 06:50:00,4.99
2020-02-09 07:00:00,4.95
2020-02-09 07:10:00,4.9
2020-02-09 07:20:00,4.77
2020-02-09 07:30:00,4.51
2020-02-09 07:40:00,4.29
2020-02-09 07:50:00,4.09
2020-02-09 08:00:00,4.07
2020-02-09 08:10:00,4.29
2020-02-09 08:20:00,4.54
2020-02-09 08:30:00,4.96
2020-02-09 08:40:00,5.34
2020-02-09 08:50:00,5.95
2020-02-09 09:00:00,6.26
2020-02-09 09:10:00,6.32
2020-02-09 09:20:00,6.31
2020-02-09 09:30:00,6.5
2020-02-09 09:40:00,6.65
2020-02-09 09:50:00,6.88
2020-02-09 10:00:00,7.22
2020-02-09 10:10:00,7.37
2020-02-09 10:20:00,7.48
2020-02-09 10:30:00,7.66
2020-02-09 10:40:00,7.84
2020-02-09 10:50:00,8.06
2020-02-09 11:00:00,8.23
2020-02-09 11:10:00,8.4
2020-02-09 11:20:00,8.44
2020-02-09 11:30:00,8.76
2020-02-09 11:40:00,9.11
2020-02-09 11:50:00,9.45
2020-02-09 12:00:00,9.85
2020-02-09 12:10:00,10.08
2020-02-09 12:20:00,10.23
2020-02-09 12:30:00,10.41
2020-02-09 12:40:00,11.2
2020-02-09 12:50:00,11.43
2020-02-09 13:00:00,11.27
2020-02-09 13:10:00,11.13
2020-02-09 13:20:00,10.99
2020-02-09 13:30:00,11.06
2020-02-09 13:40:00,11.17
2020-02-09 13:50:00,11.49
2020-02-09 14:00:00,11.38
2020-02-09 14:10:00,11.25
2020-02-09 14:20:00,11.23
2020-02-09 14:30:00,11.34
2020-02-09 14:40:00,11.27
2020-02-09 14:50:00,11.3
2020-02-09 15:00:00,11.6
2020-02-09 15:10:00,11.68
2020-02-09 15:20:00,11.52
2020-02-09 15:30:00,11.51
2020-02-09 15:40:00,11.56
2020-02-09 15:50:00,11.66
2020-02-09 16:00:00,11.73
2020-02-09 16:10:00,11.9
2020-02-09 16:20:00,11.96
2020-02-09 16:30:00,12.09
2020-02-09 16:40:00,12.17
2020-02-09 16:50:00,12.17
2020-02-09 17:00:00,12.14
2020-02-09 17:10:00,12.11
2020-02-09 17:20:00,12.06
2020-02-09 17:30:00,11.95
2020-02-09 17:40:00,11.87
2020-02-09 17:50:00,11.76
2020-02-09 18:00:00,11.71
2020-02-09 18:10:00,11.74
2020-02-09 18:20:00,11.8
2020-02-09 18:30:00,11.87
2020-02-09 18:40:00,11.94
2020-02-09 18:50:00,12.04
2020-02-09 19:00:00,12.1
2020-02-09 19:10:00,12.16
2020-02-09 19:20:00,12.2
2020-02-09 19:30:00,12.19
2020-02-09 19:40:00,12.21
2020-02-09 19:50:00,12.12
2020-02-09 20:00:00,12.15
2020-02-09 20:10:00,12.23
2020-02-09 20:20:00,12.16
2020-02-09 20:30:00,12.26
2020-02-09 20:40:00,12.25
2020-02-09 20:50:00,12.35
2020-02-09 21:00:00,12.41
2020-02-09 21:10:00,12.31
2020-02-09 21:20:00,12.24
2020-02-09 21:30:00,12.19
2020-02-09 21:40:00,12.11
2020-02-09 21:50:00,12.1
2020-02-09 22:00:00,12.16
2020-02-09 22:10:00,12.15
2020-02-09 22:20:00,12.11
2020-02-09 22:30:00,12.06
2020-02-09 22:40:00,12.08
2020-02-09 22:50:00,12.15
2020-02-09 23:00:00,12.38
2020-02-09 23:10:00,12.59
2020-02-09 23:20:00,12.66
2020-02-09 23:30:00,12.68
2020-02-09 23:40:00,12.66
2020-02-09 23:50:00,12.64
2020-02-10 00:00:00,12.41
2020-02-10 00:10:00,12.23
2020-02-10 00:20:00,12.14
2020-02-10 00:30:00,12.26
2020-02-10 00:40:00,12.32
2020-02-10 00:50:00,12.33
2020-02-10 01:00:00,12.35
2020-02-10 01:10:00,12.31
2020-02-10 01:20:00,12.28
2020-02-10 01:30:00,12.38
2020-02-10 01:40:00,12.37
2020-02-10 01:50:00,12.08
2020-02-10 02:00:00,12.03
2020-02-10 02:10:00,11.98
2020-02-10 02:20:00,11.84
2020-02-10 02:30:00,11.83
2020-02-10 02:40:00,11.7
2020-02-10 02:50:00,11.72
2020-02-10 03:00:00,11.83
2020-02-10 03:10:00,11.8
2020-02-10 03:20:00,11.71
2020-02-10 03:30:00,11.4
2020-02-10 03:40:00,10.75
2020-02-10 03:50:00,10.38
2020-02-10 04:00:00,8.96
2020-02-10 04:10:00,7.28
2020-02-10 04:20:00,6.84
2020-02-10 04:30:00,6.54
2020-02-10 04:40:00,6.49
2020-02-10 04:50:00,6.54
2020-02-10 05:00:00,6.63
2020-02-10 05:10:00,6.75
2020-02-10 05:20:00,7.01
2020-02-10 05:30:00,7.27
2020-02-10 05:40:00,7.59
2020-02-10 05:50:00,7.81
2020-02-10 06:00:00,7.88
2020-02-10 06:10:00,7.84
2020-02-10 06:20:00,7.9
2020-02-10 06:30:00,7.87
2020-02-10 06:40:00,8.05
2020-02-10 06:50:00,8.24
2020-02-10 07:00:00,8.39
2020-02-10 07:10:00,8.36
2020-02-10 07:20:00,8.41
2020-02-10 07:30:00,8.31
2020-02-10 07:40:00,8.33
2020-02-10 07:50:00,8.35
2020-02-10 08:00:00,8.57
2020-02-10 08:10:00,8.72
2020-02-10 08:20:00,8.85
2020-02-10 08:30:00,8.93
2020-02-10 08:40:00,8.91
2020-02-10 08:50:00,8.5
2020-02-10 09:00:00,8.08
2020-02-10 09:10:00,8.24
2020-02-10 09:20:00,7.97
2020-02-10 09:30:00,7.65
2020-02-10 09:40:00,7.59
2020-02-10 09:50:00,8.06
2020-02-10 10:00:00,8.51
2020-02-10 10:10:00,8.35
2020-02-10 10:20:00,6.74
2020-02-10 10:30:00,5.65
2020-02-10 10:40:00,5.63
2020-02-10 10:50:00,6.59
2020-02-10 11:00:00,7.41
2020-02-10 11:10:00,7.63
2020-02-10 11:20:00,7.84
2020-02-10 11:30:00,7.25
2020-02-10 11:40:00,6.9
2020-02-10 11:50:00,6.85
2020-02-10 12:00:00,6.87
2020-02-10 12:10:00,7.14
2020-02-10 12:20:00,7.25
2020-02-10 12:30:00,7.39
2020-02-10 12:40:00,7.79
2020-02-10 12:50:00,7.48
2020-02-10 13:00:00,5.23
2020-02-10 13:10:00,2.04
2020-02-10 13:20:00,1.48
2020-02-10 13:30:00,2.24
2020-02-10 13:40:00,3.21
2020-02-10 13:50:00,3.71
2020-02-10 14:00:00,3.02
2020-02-10 14:10:00,3.31
2020-02-10 14:20:00,3.89
2020-02-10 14:30:00,4.14
2020-02-10 14:40:00,4.81
2020-02-10 14:50:00,5.52
2020-02-10 15:00:00,6.53
2020-02-10 15:10:00,6.69
2020-02-10 15:20:00,7.46
2020-02-10 15:30:00,7.81
2020-02-10 15:40:00,7.97
2020-02-10 15:50:00,7.43
2020-02-10 16:00:00,6.93
2020-02-10 16:10:00,6.86
2020-02-10 16:20:00,6.73
2020-02-10 16:30:00,6.41
2020-02-10 16:40:00,6.3
2020-02-10 16:50:00,6.33
2020-02-10 17:00:00,6.3
2020-02-10 17:10:00,6.12
2020-02-10 17:20:00,5.97
2020-02-10 17:30:00,5.11
2020-02-10 17:40:00,3.39
2020-02-10 17:50:00,3.21
2020-02-10 18:00:00,3.33
2020-02-10 18:10:00,3.34
2020-02-10 18:20:00,3.46
2020-02-10 18:30:00,3.76
2020-02-10 18:40:00,4.13
2020-02-10 18:50:00,4.29
2020-02-10 19:00:00,4.5
2020-02-10 19:10:00,4.88
2020-02-10 19:20:00,5.2
2020-02-10 19:30:00,5.48
2020-02-10 19:40:00,5.63
2020-02-10 19:50:00,5.66
2020-02-10 20:00:00,5.97
2020-02-10 20:10:00,6.19
2020-02-10 20:20:00,6.27
2020-02-10 20:30:00,6.32
2020-02-10 20:40:00,6.31
2020-02-10 20:50:00,6.14
2020-02-10 21:00:00,5.79
2020-02-10 21:10:00,5.59
2020-02-10 21:20:00,5.32
2020-02-10 21:30:00,5.21
2020-02-10 21:40:00,5.11
2020-02-10 21:50:00,5.1
2020-02-10 22:00:00,5.13
2020-02-10 22:10:00,5.16
2020-02-10 22:20:00,5.11
2020-02-10 22:30:00,4.93
2020-02-10 22:40:00,4.49
2020-02-10 22:50:00,4.28
2020-02-10 23:00:00,4.44
2020-02-10 23:10:00,4.57
2020-02-10 23:20:00,4.64
2020-02-10 23:30:00,4.59
2020-02-10 23:40:00,4.43
2020-02-10 23:50:00,4.34
2020-02-11 00:00:00,4.34
2020-02-11 00:10:00,4.56
2020-02-11 00:20:00,4.72
2020-02-11 00:30:00,4.78
2020-02-11 00:40:00,4.83
2020-02-11 00:50:00,4.8
2020-02-11 01:00:00,4.94
2020-02-11 01:10:00,5.07
2020-02-11 01:20:00,5.13
2020-02-11 01:30:00,4.75
2020-02-11 01:40:00,4.49
2020-02-11 01:50:00,4.37
2020-02-11 02:00:00,4.19
2020-02-11 02:10:00,4.22
2020-02-11 02:20:00,4.29
2020-02-11 02:30:00,3.37
2020-02-11 02:40:00,2.82
2020-02-11 02:50:00,2.61
2020-02-11 03:00:00,2.71
2020-02-11 03:10:00,2.74
2020-02-11 03:20:00,2.74
2020-02-11 03:30:00,2.75
2020-02-11 03:40:00,2.8
2020-02-11 03:50:00,3.02
2020-02-11 04:00:00,3.34
2020-02-11 04:10:00,3.46
2020-02-11 04:20:00,3.28
2020-02-11 04:30:00,2.82
2020-02-11 04:40:00,2.91
2020-02-11 04:50:00,2.99
2020-02-11 05:00:00,3.01
2020-02-11 05:10:00,3.02
2020-02-11 05:20:00,3.01
2020-02-11 05:30:00,2.99
2020-02-11 05:40:00,2.97
2020-02-11 05:50:00,3.03
2020-02-11 06:00:00,2.96
2020-02-11 06:10:00,2.9
2020-02-11 06:20:00,2.9
2020-02-11 06:30:00,3.14
2020-02-11 06:40:00,3.28
2020-02-11 06:50:00,3.29
2020-02-11 07:00:00,3.43
2020-02-11 07:10:00,3.55
2020-02-11 07:20:00,3.46
2020-02-11 07:30:00,3.34
2020-02-11 07:40:00,3.28
2020-02-11 07:50:00,3.29
2020-02-11 08:00:00,3.4
2020-02-11 08:10:00,3.64
2020-02-11 08:20:00,3.64
2020-02-11 08:30:00,3.39
2020-02-11 08:40:00,3.29
2020-02-11 08:50:00,3.41
2020-02-11 09:00:00,3.66
2020-02-11 09:10:00,3.84
2020-02-11 09:20:00,4.03
2020-02-11 09:30:00,4.11
2020-02-11 09:40:00,4.29
2020-02-11 09:50:00,4.42
2020-02-11 10:00:00,4.43
2020-02-11 10:10:00,4.47
2020-02-11 10:20:00,4.66
2020-02-11 10:30:00,4.79
2020-02-11 10:40:00,4.98
2020-02-11 10:50:00,4.95
2020-02-11 11:00:00,4.86
2020-02-11 11:10:00,4.76
2020-02-11 11:20:00,4.77
2020-02-11 11:30:00,5.26
2020-02-11 11:40:00,5.14
2020-02-11 11:50:00,4.98
2020-02-11 12:00:00,5.35
2020-02-11 12:10:00,5.67
2020-02-11 12:20:00,5.34
2020-02-11 12:30:00,5.33
2020-02-11 12:40:00,5.16
2020-02-11 12:50:00,5.21
2020-02-11 13:00:00,5.49
2020-02-11 13:10:00,5.7
2020-02-11 13:20:00,5.87
2020-02-11 13:30:00,6.15
2020-02-11 13:40:00,5.97
2020-02-11 13:50:00,5.87
2020-02-11 14:00:00,5.79
2020-02-11 14:10:00,5.42
2020-02-11 14:20:00,5.4
2020-02-11 14:30:00,5.49
2020-02-11 14:40:00,5.44
2020-02-11 14:50:00,4.52
2020-02-11 15:00:00,4.77
2020-02-11 15:10:00,5.19
2020-02-11 15:20:00,5.3
2020-02-11 15:30:00,5.36
2020-02-11 15:40:00,5.33
2020-02-11 15:50:00,5.46
2020-02-11 16:00:00,5.46
2020-02-11 16:10:00,5.35
2020-02-11 16:20:00,5.2
2020-02-11 16:30:00,5.12
2020-02-11 16:40:00,4.95
2020-02-11 16:50:00,4.75
2020-02-11 17:00:00,4.54
2020-02-11 17:10:00,4.47
2020-02-11 17:20:00,4.51
2020-02-11 17:30:00,4.37
2020-02-11 17:40:00,4.08
2020-02-11 17:50:00,3.83
2020-02-11 18:00:00,3.69
2020-02-11 18:10:00,3.64
2020-02-11 18:20:00,3.63
2020-02-11 18:30:00,3.6
2020-02-11 18:40:00,3.49
2020-02-11 18:50:00,3.44
2020-02-11 19:00:00,3.44
2020-02-11 19:10:00,3.25
2020-02-11 19:20:00,3.09
2020-02-11 19:30:00,3.0
2020-02-11 19:40:00,2.9
2020-02-11 19:50:00,2.86
2020-02-11 20:00:00,2.81
2020-02-11 20:10:00,2.8
2020-02-11 20:20:00,2.71
2020-02-11 20:30:00,2.58
2020-02-11 20:40:00,2.58
2020-02-11 20:50:00,2.75
2020-02-11 21:00:00,2.76
2020-02-11 21:10:00,2.66
2020-02-11 21:20:00,2.48
2020-02-11 21:30:00,2.41
2020-02-11 21:40:00,2.38
2020-02-11 21:50:00,2.31
2020-02-11 22:00:00,2.29
2020-02-11 22:10:00,2.28
2020-02-11 22:20:00,2.24
2020-02-11 22:30:00,2.16
2020-02-11 22:40:00,2.15
2020-02-11 22:50:00,2.21
2020-02-11 23:00:00,2.15
2020-02-11 23:10:00,2.06
2020-02-11 23:20:00,2.02
2020-02-11 23:30:00,2.06
2020-02-11 23:40:00,2.06
2020-02-11 23:50:00,2.16
2020-02-12 00:00:00,2.2
2020-02-12 00:10:00,2.23
2020-02-12 00:20:00,2.34
2020-02-12 00:30:00,2.35
2020-02-12 00:40:00,2.25
2020-02-12 00:50:00,2.15
2020-02-12 01:00:00,2.15
2020-02-12 01:10:00,2.12
2020-02-12 01:20:00,2.09
2020-02-12 01:30:00,2.08
2020-02-12 01:40:00,2.08
2020-02-12 01:50:00,2.18
2020-02-12 02:00:00,2.48
2020-02-12 02:10:00,2.58
2020-02-12 02:20:00,2.65
2020-02-12 02:30:00,2.8
2020-02-12 02:40:00,2.88
2020-02-12 02:50:00,2.83
2020-02-12 03:00:00,2.8
2020-02-12 03:10:00,2.73
2020-02-12 03:20:00,2.61
2020-02-12 03:30:00,2.62
2020-02-12 03:40:00,2.6
2020-02-12 03:50:00,2.64
2020-02-12 04:00:00,2.6
2020-02-12 04:10:00,2.57
2020-02-12 04:20:00,2.55
2020-02-12 04:30:00,2.6
2020-02-12 04:40:00,2.55
2020-02-12 04:50:00,2.55
2020-02-12 05:00:00,2.54
2020-02-12 05:10:00,2.47
2020-02-12 05:20:00,2.48
2020-02-12 05:30:00,2.49
2020-02-12 05:40:00,2.51
2020-02-12 05:50:00,2.49
2020-02-12 06:00:00,2.41
2020-02-12 06:10:00,2.31
2020-02-12 06:20:00,2.22
2020-02-12 06:30:00,2.23
2020-02-12 06:40:00,2.32
2020-02-12 06:50:00,2.32
2020-02-12 07:00:00,2.41
2020-02-12 07:10:00,2.48
2020-02-12 07:20:00,2.47
2020-02-12 07:30:00,2.35
2020-02-12 07:40:00,2.24
2020-02-12 07:50:00,2.27
2020-02-12 08:00:00,2.33
2020-02-12 08:10:00,2.36
2020-02-12 08:20:00,2.64
2020-02-12 08:30:00,2.92
2020-02-12 08:40:00,2.87
2020-02-12 08:50:00,2.52
2020-02-12 09:00:00,1.85
2020-02-12 09:10:00,2.05
2020-02-12 09:20:00,2.65
2020-02-12 09:30:00,3.23
2020-02-12 09:40:00,3.63
2020-02-12 09:50:00,3.75
2020-02-12 10:00:00,3.7
2020-02-12 10:10:00,3.82
2020-02-12 10:20:00,4.33
2020-02-12 10:30:00,4.67
2020-02-12 10:40:00,4.65
2020-02-12 10:50:00,4.81
2020-02-12 11:00:00,4.88
2020-02-12 11:10:00,4.53
2020-02-12 11:20:00,4.29
2020-02-12 11:30:00,4.54
2020-02-12 11:40:00,4.89
2020-02-12 11:50:00,5.15
2020-02-12 12:00:00,5.25
2020-02-12 12:10:00,4.96
2020-02-12 12:20:00,5.09
2020-02-12 12:30:00,5.39
2020-02-12 12:40:00,5.66
2020-02-12 12:50:00,5.82
2020-02-12 13:00:00,5.5
2020-02-12 13:10:00,5.59
2020-02-12 13:20:00,5.49
2020-02-12 13:30:00,5.34
2020-02-12 13:40:00,5.46
2020-02-12 13:50:00,5.46
2020-02-12 14:00:00,5.57
2020-02-12 14:10:00,5.74
2020-02-12 14:20:00,5.69
2020-02-12 14:30:00,5.68
2020-02-12 14:40:00,5.45
2020-02-12 14:50:00,5.62
2020-02-12 15:00:00,5.68
2020-02-12 15:10:00,5.6
2020-02-12 15:20:00,5.66
2020-02-12 15:30:00,5.82
2020-02-12 15:40:00,5.44
2020-02-12 15:50:00,5.32
2020-02-12 16:00:00,5.44
2020-02-12 16:10:00,5.09
2020-02-12 16:20:00,4.85
2020-02-12 16:30:00,4.76
2020-02-12 16:40:00,4.32
2020-02-12 16:50:00,4.36
2020-02-12 17:00:00,4.44
2020-02-12 17:10:00,4.48
2020-02-12 17:20:00,4.41
2020-02-12 17:30:00,4.28
2020-02-12 17:40:00,4.04
2020-02-12 17:50:00,3.88
2020-02-12 18:00:00,3.81
2020-02-12 18:10:00,3.74
2020-02-12 18:20:00,3.6
2020-02-12 18:30:00,3.56
2020-02-12 18:40:00,3.5
2020-02-12 18:50:00,3.41
2020-02-12 19:00:00,3.32
2020-02-12 19:10:00,3.27
2020-02-12 19:20:00,3.3
2020-02-12 19:30:00,3.38
2020-02-12 19:40:00,3.47
2020-02-12 19:50:00,3.42
2020-02-12 20:00:00,3.19
2020-02-12 20:10:00,2.93
2020-02-12 20:20:00,2.87
2020-02-12 20:30:00,2.82
2020-02-12 20:40:00,2.86
2020-02-12 20:50:00,2.79
2020-02-12 21:00:00,2.79
2020-02-12 21:10:00,2.88
2020-02-12 21:20:00,2.99
2020-02-12 21:30:00,2.95
2020-02-12 21:40:00,3.01
2020-02-12 21:50:00,3.09
2020-02-12 22:00:00,3.2
2020-02-12 22:10:00,3.21
2020-02-12 22:20:00,3.1
2020-02-12 22:30:00,2.97
2020-02-12 22:40:00,2.95
2020-02-12 22:50:00,3.01
2020-02-12 23:00:00,2.96
2020-02-12 23:10:00,2.89
2020-02-12 23:20:00,2.77
2020-02-12 23:30:00,2.64
2020-02-12 23:40:00,2.59
2020-02-12 23:50:00,2.5
2020-02-13 00:00:00,2.41
2020-02-13 00:10:00,2.34
2020-02-13 00:20:00,2.24
2020-02-13 00:30:00,2.13
2020-02-13 00:40:00,1.96
2020-02-13 00:50:00,1.92
2020-02-13 01:00:00,1.81
2020-02-13 01:10:00,1.74
2020-02-13 01:20:00,1.73
2020-02-13 01:30:00,1.74
2020-02-13 01:40:00,1.65
2020-02-13 01:50:00,1.51
2020-02-13 02:00:00,1.39
2020-02-13 02:10:00,1.21
2020-02-13 02:20:00,1.09
2020-02-13 02:30:00,1.02
2020-02-13 02:40:00,0.91
2020-02-13 02:50:00,0.9
2020-02-13 03:00:00,0.98
2020-02-13 03:10:00,0.95
2020-02-13 03:20:00,0.93
2020-02-13 03:30:00,1.29
2020-02-13 03:40:00,1.45
2020-02-13 03:50:00,1.52
2020-02-13 04:00:00,1.43
2020-02-13 04:10:00,1.51
2020-02-13 04:20:00,1.43
2020-02-13 04:30:00,1.39
2020-02-13 04:40:00,1.33
2020-02-13 04:50:00,1.38
2020-02-13 05:00:00,1.31
2020-02-13 05:10:00,1.1
2020-02-13 05:20:00,0.96
2020-02-13 05:30:00,0.88
2020-02-13 05:40:00,0.79
2020-02-13 05:50:00,0.76
2020-02-13 06:00:00,0.77
2020-02-13 06:10:00,0.82
2020-02-13 06:20:00,0.76
2020-02-13 06:30:00,0.96
2020-02-13 06:40:00,1.09
2020-02-13 06:50:00,0.71
2020-02-13 07:00:00,0.87
2020-02-13 07:10:00,1.06
2020-02-13 07:20:00,1.0
2020-02-13 07:30:00,0.71
2020-02-13 07:40:00,0.77
2020-02-13 07:50:00,0.94
2020-02-13 08:00:00,1.15
2020-02-13 08:10:00,1.05
2020-02-13 08:20:00,1.16
2020-02-13 08:30:00,1.32
2020-02-13 08:40:00,0.89
2020-02-13 08:50:00,0.95
2020-02-13 09:00:00,1.17
2020-02-13 09:10:00,1.06
2020-02-13 09:20:00,1.24
2020-02-13 09:30:00,1.42
2020-02-13 09:40:00,1.69
2020-02-13 09:50:00,2.05
2020-02-13 10:00:00,2.5
2020-02-13 10:10:00,2.95
2020-02-13 10:20:00,3.17
2020-02-13 10:30:00,3.29
2020-02-13 10:40:00,3.42
2020-02-13 10:50:00,3.64
2020-02-13 11:00:00,3.9
2020-02-13 11:10:00,4.06
2020-02-13 11:20:00,4.1
2020-02-13 11:30:00,4.21
2020-02-13 11:40:00,4.2
2020-02-13 11:50:00,4.24
2020-02-13 12:00:00,4.34
2020-02-13 12:10:00,4.34
2020-02-13 12:20:00,4.39
2020-02-13 12:30:00,4.4
2020-02-13 12:40:00,4.41
2020-02-13 12:50:00,4.43
2020-02-13 13:00:00,4.48
2020-02-13 13:10:00,4.56
2020-02-13 13:20:00,4.62
2020-02-13 13:30:00,4.68
2020-02-13 13:40:00,4.74
2020-02-13 13:50:00,4.9
2020-02-13 14:00:00,5.12
2020-02-13 14:10:00,5.28
2020-02-13 14:20:00,5.34
2020-02-13 14:30:00,5.35
2020-02-13 14:40:00,5.41
2020-02-13 14:50:00,5.47
2020-02-13 15:00:00,5.38
2020-02-13 15:10:00,5.34
2020-02-13 15:20:00,5.34
2020-02-13 15:30:00,5.37
2020-02-13 15:40:00,5.42
2020-02-13 15:50:00,5.51
2020-02-13 16:00:00,5.47
2020-02-13 16:10:00,5.19
2020-02-13 16:20:00,4.92
2020-02-13 16:30:00,4.54
2020-02-13 16:40:00,4.34
2020-02-13 16:50:00,4.3
2020-02-13 17:00:00,4.17
2020-02-13 17:10:00,3.94
2020-02-13 17:20:00,3.82
2020-02-13 17:30:00,3.69
2020-02-13 17:40:00,3.59
2020-02-13 17:50:00,3.58
2020-02-13 18:00:00,3.63
2020-02-13 18:10:00,3.73
2020-02-13 18:20:00,3.86
2020-02-13 18:30:00,3.93
2020-02-13 18:40:00,3.99
2020-02-13 18:50:00,4.01
2020-02-13 19:00:00,4.14
2020-02-13 19:10:00,4.28
2020-02-13 19:20:00,4.36
2020-02-13 19:30:00,4.42
2020-02-13 19:40:00,4.47
2020-02-13 19:50:00,4.49
2020-02-13 20:00:00,4.59
2020-02-13 20:10:00,4.64
2020-02-13 20:20:00,4.72
2020-02-13 20:30:00,4.71
2020-02-13 20:40:00,4.75
2020-02-13 20:50:00,4.77
2020-02-13 21:00:00,4.76
2020-02-13 21:10:00,4.55
2020-02-13 21:20:00,4.38
2020-02-13 21:30:00,4.21
2020-02-13 21:40:00,4.0
2020-02-13 21:50:00,3.86
2020-02-13 22:00:00,3.88
2020-02-13 22:10:00,3.75
2020-02-13 22:20:00,3.55
2020-02-13 22:30:00,3.35
2020-02-13 22:40:00,3.19
2020-02-13 22:50:00,3.14
2020-02-13 23:00:00,3.07
2020-02-13 23:10:00,2.85
2020-02-13 23:20:00,2.93
2020-02-13 23:30:00,3.29
2020-02-13 23:40:00,3.27
2020-02-13 23:50:00,3.29
2020-02-14 00:00:00,3.04
2020-02-14 00:10:00,3.05
2020-02-14 00:20:00,3.34
2020-02-14 00:30:00,3.45
2020-02-14 00:40:00,3.6
2020-02-14 00:50:00,3.76
2020-02-14 01:00:00,3.78
2020-02-14 01:10:00,3.85
2020-02-14 01:20:00,3.92
2020-02-14 01:30:00,3.97
2020-02-14 01:40:00,3.77
2020-02-14 01:50:00,3.79
2020-02-14 02:00:00,3.77
2020-02-14 02:10:00,3.67
2020-02-14 02:20:00,3.64
2020-02-14 02:30:00,3.58
2020-02-14 02:40:00,3.47
2020-02-14 02:50:00,3.36
2020-02-14 03:00:00,3.44
2020-02-14 03:10:00,3.55
2020-02-14 03:20:00,3.68
2020-02-14 03:30:00,3.67
2020-02-14 03:40:00,3.52
2020-02-14 03:50:00,3.12
2020-02-14 04:00:00,3.17
2020-02-14 04:10:00,3.29
2020-02-14 04:20:00,3.43
2020-02-14 04:30:00,3.4
2020-02-14 04:40:00,3.36
2020-02-14 04:50:00,3.5
2020-02-14 05:00:00,3.45
2020-02-14 05:10:00,3.3
2020-02-14 05:20:00,3.57
2020-02-14 05:30:00,3.82
2020-02-14 05:40:00,3.66
2020-02-14 05:50:00,3.37
2020-02-14 06:00:00,3.45
2020-02-14 06:10:00,3.72
2020-02-14 06:20:00,3.8
2020-02-14 06:30:00,3.84
2020-02-14 06:40:00,3.99
2020-02-14 06:50:00,4.15
2020-02-14 07:00:00,4.32
2020-02-14 07:10:00,4.5
2020-02-14 07:20:00,4.59
2020-02-14 07:30:00,4.6
2020-02-14 07:40:00,4.68
2020-02-14 07:50:00,4.83
2020-02-14 08:00:00,5.1
2020-02-14 08:10:00,5.14
2020-02-14 08:20:00,5.13
2020-02-14 08:30:00,5.14
2020-02-14 08:40:00,5.24
2020-02-14 08:50:00,5.46
2020-02-14 09:00:00,5.72
2020-02-14 09:10:00,5.85
2020-02-14 09:20:00,5.88
2020-02-14 09:30:00,6.14
2020-02-14 09:40:00,6.3
2020-02-14 09:50:00,6.49
2020-02-14 10:00:00,6.67
2020-02-14 10:10:00,6.81
2020-02-14 10:20:00,6.97
2020-02-14 10:30:00,7.1
2020-02-14 10:40:00,7.18
2020-02-14 10:50:00,7.28
2020-02-14 11:00:00,7.44
2020-02-14 11:10:00,7.42
2020-02-14 11:20:00,7.22
2020-02-14 11:30:00,7.09
2020-02-14 11:40:00,7.12
2020-02-14 11:50:00,7.17
2020-02-14 12:00:00,7.16
2020-02-14 12:10:00,7.19
2020-02-14 12:20:00,7.32
2020-02-14 12:30:00,7.48
2020-02-14 12:40:00,7.58
2020-02-14 12:50:00,7.4
2020-02-14 13:00:00,7.44
2020-02-14 13:10:00,7.45
2020-02-14 13:20:00,7.4
2020-02-14 13:30:00,7.36
2020-02-14 13:40:00,7.29
2020-02-14 13:50:00,7.31
2020-02-14 14:00:00,7.33
2020-02-14 14:10:00,7.13
2020-02-14 14:20:00,7.11
2020-02-14 14:30:00,7.35
2020-02-14 14:40:00,7.33
2020-02-14 14:50:00,7.22
2020-02-14 15:00:00,7.31
2020-02-14 15:10:00,7.36
2020-02-14 15:20:00,7.28
2020-02-14 15:30:00,7.19
2020-02-14 15:40:00,7.28
2020-02-14 15:50:00,6.5
2020-02-14 16:00:00,5.95
2020-02-14 16:10:00,5.94
2020-02-14 16:20:00,5.87
2020-02-14 16:30:00,5.97
2020-02-14 16:40:00,6.01
2020-02-14 16:50:00,6.14
2020-02-14 17:00:00,6.24
2020-02-14 17:10:00,6.29
2020-02-14 17:20:00,6.18
2020-02-14 17:30:00,5.94
2020-02-14 17:40:00,5.75
2020-02-14 17:50:00,5.67
2020-02-14 18:00:00,5.57
2020-02-14 18:10:00,5.43
2020-02-14 18:20:00,5.37
2020-02-14 18:30:00,5.24
2020-02-14 18:40:00,5.2
2020-02-14 18:50:00,5.2
2020-02-14 19:00:00,5.17
2020-02-14 19:10:00,5.08
2020-02-14 19:20:00,5.07
2020-02-14 19:30:00,5.17
2020-02-14 19:40:00,5.15
2020-02-14 19:50:00,5.14
2020-02-14 20:00:00,5.16
2020-02-14 20:10:00,5.08
2020-02-14 20:20:00,5.02
2020-02-14 20:30:00,5.07
2020-02-14 20:40:00,5.06
2020-02-14 20:50:00,5.15
2020-02-14 21:00:00,5.2
2020-02-14 21:10:00,5.2
2020-02-14 21:20:00,5.18
2020-02-14 21:30:00,5.14
2020-02-14 21:40:00,5.09
2020-02-14 21:50:00,5.06
2020-02-14 22:00:00,5.0
2020-02-14 22:10:00,5.02
2020-02-14 22:20:00,5.02
2020-02-14 22:30:00,5.01
2020-02-14 22:40:00,4.95
2020-02-14 22:50:00,4.96
2020-02-14 23:00:00,4.85
2020-02-14 23:10:00,4.77
2020-02-14 23:20:00,4.63
2020-02-14 23:30:00,4.54
2020-02-14 23:40:00,4.53
2020-02-14 23:50:00,4.54
2020-02-15 00:00:00,4.49
2020-02-15 00:10:00,4.42
2020-02-15 00:20:00,4.36
2020-02-15 00:30:00,4.33
2020-02-15 00:40:00,4.27
2020-02-15 00:50:00,4.35
2020-02-15 01:00:00,4.44
2020-02-15 01:10:00,4.44
2020-02-15 01:20:00,4.55
2020-02-15 01:30:00,4.51
2020-02-15 01:40:00,4.21
2020-02-15 01:50:00,4.14
2020-02-15 02:00:00,4.13
2020-02-15 02:10:00,4.04
2020-02-15 02:20:00,4.16
2020-02-15 02:30:00,4.21
2020-02-15 02:40:00,4.15
2020-02-15 02:50:00,4.03
2020-02-15 03:00:00,3.58
2020-02-15 03:10:00,3.33
2020-02-15 03:20:00,3.23
2020-02-15 03:30:00,3.04
2020-02-15 03:40:00,3.08
2020-02-15 03:50:00,2.92
2020-02-15 04:00:00,2.93
2020-02-15 04:10:00,2.85
2020-02-15 04:20:00,2.61
2020-02-15 04:30:00,2.31
2020-02-15 04:40:00,2.23
2020-02-15 04:50:00,2.27
2020-02-15 05:00:00,2.04
2020-02-15 05:10:00,1.96
2020-02-15 05:20:00,2.1
2020-02-15 05:30:00,2.03
2020-02-15 05:40:00,2.07
2020-02-15 05:50:00,2.25
2020-02-15 06:00:00,2.32
2020-02-15 06:10:00,2.29
2020-02-15 06:20:00,2.39
2020-02-15 06:30:00,2.35
2020-02-15 06:40:00,2.35
2020-02-15 06:50:00,2.3
2020-02-15 07:00:00,2.19
2020-02-15 07:10:00,2.1
2020-02-15 07:20:00,2.19
2020-02-15 07:30:00,2.33
2020-02-15 07:40:00,2.34
2020-02-15 07:50:00,2.22
2020-02-15 08:00:00,2.01
2020-02-15 08:10:00,2.0
2020-02-15 08:20:00,2.18
2020-02-15 08:30:00,2.3
2020-02-15 08:40:00,2.53
2020-02-15 08:50:00,2.63
2020-02-15 09:00:00,2.62
2020-02-15 09:10:00,2.68
2020-02-15 09:20:00,2.65
2020-02-15 09:30:00,2.61
2020-02-15 09:40:00,2.6
2020-02-15 09:50:00,2.75
2020-02-15 10:00:00,3.09
2020-02-15 10:10:00,3.18
2020-02-15 10:20:00,3.38
2020-02-15 10:30:00,3.57
2020-02-15 10:40:00,3.81
2020-02-15 10:50:00,4.29
2020-02-15 11:00:00,4.71
2020-02-15 11:10:00,5.16
2020-02-15 11:20:00,5.71
2020-02-15 11:30:00,6.32
2020-02-15 11:40:00,6.61
2020-02-15 11:50:00,6.96
2020-02-15 12:00:00,7.57
2020-02-15 12:10:00,7.94
2020-02-15 12:20:00,8.42
2020-02-15 12:30:00,9.07
2020-02-15 12:40:00,9.33
2020-02-15 12:50:00,9.62
2020-02-15 13:00:00,9.96
2020-02-15 13:10:00,10.12
2020-02-15 13:20:00,10.21
2020-02-15 13:30:00,10.16
2020-02-15 13:40:00,10.02
2020-02-15 13:50:00,9.74
2020-02-15 14:00:00,9.84
2020-02-15 14:10:00,10.04
2020-02-15 14:20:00,9.92
2020-02-15 14:30:00,9.88
2020-02-15 14:40:00,10.06
2020-02-15 14:50:00,10.09
2020-02-15 15:00:00,10.14
2020-02-15 15:10:00,10.18
2020-02-15 15:20:00,9.81
2020-02-15 15:30:00,9.79
2020-02-15 15:40:00,9.92
2020-02-15 15:50:00,9.94
2020-02-15 16:00:00,10.11
2020-02-15 16:10:00,9.98
2020-02-15 16:20:00,9.65
2020-02-15 16:30:00,9.47
2020-02-15 16:40:00,9.39
2020-02-15 16:50:00,9.23
2020-02-15 17:00:00,9.12
2020-02-15 17:10:00,8.99
2020-02-15 17:20:00,8.81
2020-02-15 17:30:00,8.75
2020-02-15 17:40:00,8.69
2020-02-15 17:50:00,8.4
2020-02-15 18:00:00,7.95
2020-02-15 18:10:00,7.51
2020-02-15 18:20:00,7.62
2020-02-15 18:30:00,7.75
2020-02-15 18:40:00,7.69
2020-02-15 18:50:00,7.65
2020-02-15 19:00:00,7.63
2020-02-15 19:10:00,7.57
2020-02-15 19:20:00,7.53
2020-02-15 19:30:00,7.49
2020-02-15 19:40:00,7.31
2020-02-15 19:50:00,7.1
2020-02-15 20:00:00,6.9
2020-02-15 20:10:00,6.67
2020-02-15 20:20:00,6.82
2020-02-15 20:30:00,7.43
2020-02-15 20:40:00,7.61
2020-02-15 20:50:00,7.47
2020-02-15 21:00:00,7.59
2020-02-15 21:10:00,7.63
2020-02-15 21:20:00,7.55
2020-02-15 21:30:00,7.62
2020-02-15 21:40:00,7.64
2020-02-15 21:50:00,7.57
2020-02-15 22:00:00,7.51
2020-02-15 22:10:00,7.72
2020-02-15 22:20:00,7.64
2020-02-15 22:30:00,8.01
2020-02-15 22:40:00,8.26
2020-02-15 22:50:00,8.44
2020-02-15 23:00:00,8.36
2020-02-15 23:10:00,8.32
2020-02-15 23:20:00,8.44
2020-02-15 23:30:00,8.41
2020-02-15 23:40:00,8.38
2020-02-15 23:50:00,8.38
2020-02-16 00:00:00,8.33
2020-02-16 00:10:00,8.28
2020-02-16 00:20:00,8.3
2020-02-16 00:30:00,8.34
2020-02-16 00:40:00,8.23
2020-02-16 00:50:00,8.16
2020-02-16 01:00:00,8.21
2020-02-16 01:10:00,8.29
2020-02-16 01:20:00,8.44
2020-02-16 01:30:00,8.51
2020-02-16 01:40:00,8.51
2020-02-16 01:50:00,8.34
2020-02-16 02:00:00,8.08
2020-02-16 02:10:00,8.22
2020-02-16 02:20:00,8.41
2020-02-16 02:30:00,8.78
2020-02-16 02:40:00,9.33
2020-02-16 02:50:00,9.65
2020-02-16 03:00:00,9.88
2020-02-16 03:10:00,9.83
2020-02-16 03:20:00,9.88
2020-02-16 03:30:00,9.76
2020-02-16 03:40:00,9.52
2020-02-16 03:50:00,9.42
2020-02-16 04:00:00,9.37
2020-02-16 04:10:00,9.38
2020-02-16 04:20:00,9.36
2020-02-16 04:30:00,9.33
2020-02-16 04:40:00,9.36
2020-02-16 04:50:00,9.55
2020-02-16 05:00:00,9.46
2020-02-16 05:10:00,9.39
2020-02-16 05:20:00,9.36
2020-02-16 05:30:00,9.15
2020-02-16 05:40:00,8.86
2020-02-16 05:50:00,8.71
2020-02-16 06:00:00,8.69
2020-02-16 06:10:00,8.82
2020-02-16 06:20:00,8.79
2020-02-16 06:30:00,8.67
2020-02-16 06:40:00,8.56
2020-02-16 06:50:00,8.55
2020-02-16 07:00:00,8.78
2020-02-16 07:10:00,9.06
2020-02-16 07:20:00,9.16
2020-02-16 07:30:00,9.15
2020-02-16 07:40:00,9.22
2020-02-16 07:50:00,9.42
2020-02-16 08:00:00,9.48
2020-02-16 08:10:00,9.81
2020-02-16 08:20:00,10.1
2020-02-16 08:30:00,10.62
2020-02-16 08:40:00,10.86
2020-02-16 08:50:00,10.99
2020-02-16 09:00:00,11.37
2020-02-16 09:10:00,11.52
2020-02-16 09:20:00,11.55
2020-02-16 09:30:00,11.77
2020-02-16 09:40:00,12.08
2020-02-16 09:50:00,12.46
2020-02-16 10:00:00,12.38
2020-02-16 10:10:00,12.16
2020-02-16 10:20:00,12.09
2020-02-16 10:30:00,12.28
2020-02-16 10:40:00,12.81
2020-02-16 10:50:00,13.25
2020-02-16 11:00:00,13.53
2020-02-16 11:10:00,13.77
2020-02-16 11:20:00,13.91
2020-02-16 11:30:00,13.95
2020-02-16 11:40:00,13.95
2020-02-16 11:50:00,14.17
2020-02-16 12:00:00,14.51
2020-02-16 12:10:00,14.41
2020-02-16 12:20:00,14.34
2020-02-16 12:30:00,14.24
2020-02-16 12:40:00,14.48
2020-02-16 12:50:00,14.91
2020-02-16 13:00:00,15.07
2020-02-16 13:10:00,15.16
2020-02-16 13:20:00,15.07
2020-02-16 13:30:00,14.83
2020-02-16 13:40:00,14.61
2020-02-16 13:50:00,14.54
2020-02-16 14:00:00,14.51
2020-02-16 14:10:00,14.39
2020-02-16 14:20:00,14.33
2020-02-16 14:30:00,14.47
2020-02-16 14:40:00,14.6
2020-02-16 14:50:00,14.65
2020-02-16 15:00:00,14.62
2020-02-16 15:10:00,14.49
2020-02-16 15:20:00,14.41
2020-02-16 15:30:00,14.55
2020-02-16 15:40:00,14.69
2020-02-16 15:50:00,14.84
2020-02-16 16:00:00,15.05
2020-02-16 16:10:00,15.26
2020-02-16 16:20:00,15.19
2020-02-16 16:30:00,15.15
2020-02-16 16:40:00,15.06
2020-02-16 16:50:00,15.07
2020-02-16 17:00:00,15.12
2020-02-16 17:10:00,15.17
2020-02-16 17:20:00,15.29
2020-02-16 17:30:00,15.37
2020-02-16 17:40:00,15.4
2020-02-16 17:50:00,15.35
2020-02-16 18:00:00,15.29
2020-02-16 18:10:00,15.34
2020-02-16 18:20:00,15.37
2020-02-16 18:30:00,15.46
2020-02-16 18:40:00,15.54
2020-02-16 18:50:00,15.58
2020-02-16 19:00:00,15.63
2020-02-16 19:10:00,15.67
2020-02-16 19:20:00,15.52
2020-02-16 19:30:00,15.45
2020-02-16 19:40:00,15.46
2020-02-16 19:50:00,15.37
2020-02-16 20:00:00,15.16
2020-02-16 20:10:00,15.01
2020-02-16 20:20:00,14.81
2020-02-16 20:30:00,14.96
2020-02-16 20:40:00,15.1
2020-02-16 20:50:00,14.93
2020-02-16 21:00:00,15.19
2020-02-16 21:10:00,15.43
2020-02-16 21:20:00,16.28
2020-02-16 21:30:00,16.88
2020-02-16 21:40:00,17.1
2020-02-16 21:50:00,17.16
2020-02-16 22:00:00,17.09
2020-02-16 22:10:00,17.14
2020-02-16 22:20:00,17.06
2020-02-16 22:30:00,17.16
2020-02-16 22:40:00,17.12
2020-02-16 22:50:00,17.11
2020-02-16 23:00:00,17.11
2020-02-16 23:10:00,16.95
2020-02-16 23:20:00,16.66
2020-02-16 23:30:00,16.48
2020-02-16 23:40:00,16.44
2020-02-16 23:50:00,16.34
2020-02-17 00:00:00,16.3
2020-02-17 00:10:00,16.21
2020-02-17 00:20:00,16.18
2020-02-17 00:30:00,16.15
2020-02-17 00:40:00,16.12
2020-02-17 00:50:00,16.07
2020-02-17 01:00:00,16.07
2020-02-17 01:10:00,16.01
2020-02-17 01:20:00,15.85
2020-02-17 01:30:00,15.56
2020-02-17 01:40:00,15.22
2020-02-17 01:50:00,12.44
2020-02-17 02:00:00,10.32
2020-02-17 02:10:00,9.81
2020-02-17 02:20:00,10.02
2020-02-17 02:30:00,10.17
2020-02-17 02:40:00,9.93
2020-02-17 02:50:00,9.68
2020-02-17 03:00:00,9.51
2020-02-17 03:10:00,9.31
2020-02-17 03:20:00,9.16
2020-02-17 03:30:00,9.2
2020-02-17 03:40:00,9.21
2020-02-17 03:50:00,9.01
2020-02-17 04:00:00,8.8
2020-02-17 04:10:00,9.0
2020-02-17 04:20:00,9.37
2020-02-17 04:30:00,9.57
2020-02-17 04:40:00,9.65
2020-02-17 04:50:00,9.7
2020-02-17 05:00:00,9.69
2020-02-17 05:10:00,9.7
2020-02-17 05:20:00,9.73
2020-02-17 05:30:00,9.61
2020-02-17 05:40:00,9.51
2020-02-17 05:50:00,9.41
2020-02-17 06:00:00,9.31
2020-02-17 06:10:00,9.19
2020-02-17 06:20:00,9.16
2020-02-17 06:30:00,9.16
2020-02-17 06:40:00,9.18
2020-02-17 06:50:00,9.12
2020-02-17 07:00:00,9.09
2020-02-17 07:10:00,9.0
2020-02-17 07:20:00,8.92
2020-02-17 07:30:00,8.81
2020-02-17 07:40:00,8.7
2020-02-17 07:50:00,8.58
2020-02-17 08:00:00,8.44
2020-02-17 08:10:00,8.34
2020-02-17 08:20:00,8.28
2020-02-17 08:30:00,8.27
2020-02-17 08:40:00,8.34
2020-02-17 08:50:00,8.41
2020-02-17 09:00:00,8.51
2020-02-17 09:10:00,8.72
2020-02-17 09:20:00,8.9
2020-02-17 09:30:00,8.94
2020-02-17 09:40:00,8.93
2020-02-17 09:50:00,8.94
2020-02-17 10:00:00,8.95
2020-02-17 10:10:00,8.93
2020-02-17 10:20:00,8.84
2020-02-17 10:30:00,8.73
2020-02-17 10:40:00,8.71
2020-02-17 10:50:00,8.77
2020-02-17 11:00:00,8.76
2020-02-17 11:10:00,8.81
2020-02-17 11:20:00,8.87
2020-02-17 11:30:00,8.97
2020-02-17 11:40:00,9.02
2020-02-17 11:50:00,9.06
2020-02-17 12:00:00,9.14
2020-02-17 12:10:00,9.21
2020-02-17 12:20:00,9.21
2020-02-17 12:30:00,9.18
2020-02-17 12:40:00,9.11
2020-02-17 12:50:00,8.98
2020-02-17 13:00:00,8.87
2020-02-17 13:10:00,8.86
2020-02-17 13:20:00,8.87
2020-02-17 13:30:00,8.92
2020-02-17 13:40:00,9.03
2020-02-17 13:50:00,9.07
2020-02-17 14:00:00,9.08
2020-02-17 14:10:00,9.02
2020-02-17 14:20:00,8.9
2020-02-17 14:30:00,8.93
2020-02-17 14:40:00,8.95
2020-02-17 14:50:00,9.01
2020-02-17 15:00:00,8.99
2020-02-17 15:10:00,8.93
2020-02-17 15:20:00,8.87
2020-02-17 15:30:00,8.71
2020-02-17 15:40:00,8.54
2020-02-17 15:50:00,8.28
2020-02-17 16:00:00,8.05
2020-02-17 16:10:00,7.94
2020-02-17 16:20:00,7.91
2020-02-17 16:30:00,7.79
2020-02-17 16:40:00,7.74
2020-02-17 16:50:00,7.68
2020-02-17 17:00:00,7.61
2020-02-17 17:10:00,7.54
2020-02-17 17:20:00,7.47
2020-02-17 17:30:00,7.39
2020-02-17 17:40:00,7.34
2020-02-17 17:50:00,7.28
2020-02-17 18:00:00,7.16
2020-02-17 18:10:00,7.06
2020-02-17 18:20:00,7.01
2020-02-17 18:30:00,7.06
2020-02-17 18:40:00,7.03
2020-02-17 18:50:00,7.01
2020-02-17 19:00:00,6.99
2020-02-17 19:10:00,7.0
2020-02-17 19:20:00,7.1
2020-02-17 19:30:00,7.07
2020-02-17 19:40:00,7.06
2020-02-17 19:50:00,7.02
2020-02-17 20:00:00,7.1
2020-02-17 20:10:00,7.18
2020-02-17 20:20:00,7.23
2020-02-17 20:30:00,7.2
2020-02-17 20:40:00,7.26
2020-02-17 20:50:00,7.26
2020-02-17 21:00:00,7.31
2020-02-17 21:10:00,7.57
2020-02-17 21:20:00,7.41
2020-02-17 21:30:00,7.01
2020-02-17 21:40:00,6.76
2020-02-17 21:50:00,6.72
2020-02-17 22:00:00,6.66
2020-02-17 22:10:00,6.6
2020-02-17 22:20:00,6.48
2020-02-17 22:30:00,6.35
2020-02-17 22:40:00,6.38
2020-02-17 22:50:00,6.24
2020-02-17 23:00:00,5.98
2020-02-17 23:10:00,5.79
2020-02-17 23:20:00,5.65
2020-02-17 23:30:00,5.86
2020-02-17 23:40:00,6.16
2020-02-17 23:50:00,6.32
2020-02-18 00:00:00,6.32
2020-02-18 00:10:00,6.41
2020-02-18 00:20:00,6.51
2020-02-18 00:30:00,6.56
2020-02-18 00:40:00,6.57
2020-02-18 00:50:00,6.34
2020-02-18 01:00:00,5.7
2020-02-18 01:10:00,5.69
2020-02-18 01:20:00,5.7
2020-02-18 01:30:00,5.56
2020-02-18 01:40:00,5.82
2020-02-18 01:50:00,6.02
2020-02-18 02:00:00,5.51
2020-02-18 02:10:00,5.27
2020-02-18 02:20:00,5.32
2020-02-18 02:30:00,5.49
2020-02-18 02:40:00,5.65
2020-02-18 02:50:00,5.68
2020-02-18 03:00:00,5.79
2020-02-18 03:10:00,5.71
2020-02-18 03:20:00,5.72
2020-02-18 03:30:00,5.81
2020-02-18 03:40:00,5.78
2020-02-18 03:50:00,5.57
2020-02-18 04:00:00,5.51
2020-02-18 04:10:00,5.39
2020-02-18 04:20:00,5.3
2020-02-18 04:30:00,5.38
2020-02-18 04:40:00,5.63
2020-02-18 04:50:00,5.58
2020-02-18 05:00:00,5.49
2020-02-18 05:10:00,5.46
2020-02-18 05:20:00,5.33
2020-02-18 05:30:00,5.22
2020-02-18 05:40:00,5.24
2020-02-18 05:50:00,5.31
2020-02-18 06:00:00,5.28
2020-02-18 06:10:00,5.3
2020-02-18 06:20:00,5.27
2020-02-18 06:30:00,5.29
2020-02-18 06:40:00,5.14
2020-02-18 06:50:00,5.01
2020-02-18 07:00:00,5.05
2020-02-18 07:10:00,5.02
2020-02-18 07:20:00,5.07
2020-02-18 07:30:00,5.04
2020-02-18 07:40:00,5.18
2020-02-18 07:50:00,5.31
2020-02-18 08:00:00,5.63
2020-02-18 08:10:00,5.96
2020-02-18 08:20:00,6.2
2020-02-18 08:30:00,5.96
2020-02-18 08:40:00,6.02
2020-02-18 08:50:00,6.48
2020-02-18 09:00:00,6.57
2020-02-18 09:10:00,6.51
2020-02-18 09:20:00,6.48
2020-02-18 09:30:00,6.6
2020-02-18 09:40:00,6.87
2020-02-18 09:50:00,7.11
2020-02-18 10:00:00,7.26
2020-02-18 10:10:00,7.52
2020-02-18 10:20:00,7.45
2020-02-18 10:30:00,7.12
2020-02-18 10:40:00,6.83
2020-02-18 10:50:00,6.7
2020-02-18 11:00:00,6.97
2020-02-18 11:10:00,7.12
2020-02-18 11:20:00,6.98
2020-02-18 11:30:00,7.31
2020-02-18 11:40:00,7.26
2020-02-18 11:50:00,7.28
2020-02-18 12:00:00,7.74
2020-02-18 12:10:00,7.96
2020-02-18 12:20:00,7.69
2020-02-18 12:30:00,7.83
2020-02-18 12:40:00,7.29
2020-02-18 12:50:00,7.23
2020-02-18 13:00:00,7.6
2020-02-18 13:10:00,7.83
2020-02-18 13:20:00,7.61
2020-02-18 13:30:00,7.28
2020-02-18 13:40:00,7.18
2020-02-18 13:50:00,7.59
2020-02-18 14:00:00,7.67
2020-02-18 14:10:00,7.48
2020-02-18 14:20:00,7.44
2020-02-18 14:30:00,7.39
2020-02-18 14:40:00,7.33
2020-02-18 14:50:00,7.41
2020-02-18 15:00:00,7.41
2020-02-18 15:10:00,7.47
2020-02-18 15:20:00,7.47
2020-02-18 15:30:00,7.51
2020-02-18 15:40:00,7.4
2020-02-18 15:50:00,7.34
2020-02-18 16:00:00,7.27
2020-02-18 16:10:00,7.11
2020-02-18 16:20:00,7.01
2020-02-18 16:30:00,6.91
2020-02-18 16:40:00,6.87
2020-02-18 16:50:00,6.82
2020-02-18 17:00:00,6.73
2020-02-18 17:10:00,6.58
2020-02-18 17:20:00,6.5
2020-02-18 17:30:00,6.38
2020-02-18 17:40:00,6.25
2020-02-18 17:50:00,6.07
2020-02-18 18:00:00,5.91
2020-02-18 18:10:00,5.94
2020-02-18 18:20:00,5.86
2020-02-18 18:30:00,5.75
2020-02-18 18:40:00,5.65
2020-02-18 18:50:00,5.58
2020-02-18 19:00:00,5.55
2020-02-18 19:10:00,5.58
2020-02-18 19:20:00,5.63
2020-02-18 19:30:00,5.56
2020-02-18 19:40:00,5.58
2020-02-18 19:50:00,5.6
2020-02-18 20:00:00,5.61
2020-02-18 20:10:00,5.65
2020-02-18 20:20:00,5.52
2020-02-18 20:30:00,5.48
2020-02-18 20:40:00,5.41
2020-02-18 20:50:00,5.37
2020-02-18 21:00:00,5.3
2020-02-18 21:10:00,5.27
2020-02-18 21:20:00,5.36
2020-02-18 21:30:00,5.46
2020-02-18 21:40:00,5.53
2020-02-18 21:50:00,5.37
2020-02-18 22:00:00,5.18
2020-02-18 22:10:00,5.01
2020-02-18 22:20:00,4.81
2020-02-18 22:30:00,4.55
2020-02-18 22:40:00,4.39
2020-02-18 22:50:00,4.49
2020-02-18 23:00:00,4.48
2020-02-18 23:10:00,4.42
2020-02-18 23:20:00,4.42
2020-02-18 23:30:00,4.68
2020-02-18 23:40:00,4.67
2020-02-18 23:50:00,4.47
2020-02-19 00:00:00,4.23
2020-02-19 00:10:00,4.13
2020-02-19 00:20:00,4.28
2020-02-19 00:30:00,4.37
2020-02-19 00:40:00,4.54
2020-02-19 00:50:00,4.5
2020-02-19 01:00:00,4.49
2020-02-19 01:10:00,4.58
2020-02-19 01:20:00,4.47
2020-02-19 01:30:00,4.5
2020-02-19 01:40:00,4.79
2020-02-19 01:50:00,4.91
2020-02-19 02:00:00,5.09
2020-02-19 02:10:00,5.15
2020-02-19 02:20:00,5.2
2020-02-19 02:30:00,5.23
2020-02-19 02:40:00,5.21
2020-02-19 02:50:00,5.32
2020-02-19 03:00:00,5.32
2020-02-19 03:10:00,5.36
2020-02-19 03:20:00,5.45
2020-02-19 03:30:00,5.46
2020-02-19 03:40:00,5.51
2020-02-19 03:50:00,5.49
2020-02-19 04:00:00,5.4
2020-02-19 04:10:00,5.26
2020-02-19 04:20:00,5.16
2020-02-19 04:30:00,5.17
2020-02-19 04:40:00,5.1
2020-02-19 04:50:00,5.16
2020-02-19 05:00:00,5.22
2020-02-19 05:10:00,5.27
2020-02-19 05:20:00,5.25
2020-02-19 05:30:00,5.22
2020-02-19 05:40:00,5.31
2020-02-19 05:50:00,5.29
2020-02-19 06:00:00,5.43
2020-02-19 06:10:00,5.55
2020-02-19 06:20:00,5.54
2020-02-19 06:30:00,5.49
2020-02-19 06:40:00,5.4
2020-02-19 06:50:00,5.45
2020-02-19 07:00:00,5.61
2020-02-19 07:10:00,5.69
2020-02-19 07:20:00,5.76
2020-02-19 07:30:00,5.8
2020-02-19 07:40:00,5.76
2020-02-19 07:50:00,5.77
2020-02-19 08:00:00,5.8
2020-02-19 08:10:00,5.81
2020-02-19 08:20:00,5.8
2020-02-19 08:30:00,5.73
2020-02-19 08:40:00,5.65
2020-02-19 08:50:00,5.61
2020-02-19 09:00:00,5.55
2020-02-19 09:10:00,5.48
2020-02-19 09:20:00,5.0
2020-02-19 09:30:00,4.01
2020-02-19 09:40:00,3.37
2020-02-19 09:50:00,3.38
2020-02-19 10:00:00,3.63
2020-02-19 10:10:00,3.96
2020-02-19 10:20:00,4.14
2020-02-19 10:30:00,4.15
2020-02-19 10:40:00,4.08
2020-02-19 10:50:00,3.74
2020-02-19 11:00:00,3.47
2020-02-19 11:10:00,3.25
2020-02-19 11:20:00,3.23
2020-02-19 11:30:00,3.24
2020-02-19 11:40:00,3.45
2020-02-19 11:50:00,3.91
2020-02-19 12:00:00,4.25
2020-02-19 12:10:00,4.2
2020-02-19 12:20:00,4.23
2020-02-19 12:30:00,4.43
2020-02-19 12:40:00,4.5
2020-02-19 12:50:00,4.58
2020-02-19 13:00:00,4.61
2020-02-19 13:10:00,4.79
2020-02-19 13:20:00,5.25
2020-02-19 13:30:00,5.35
2020-02-19 13:40:00,5.46
2020-02-19 13:50:00,5.68
2020-02-19 14:00:00,6.25
2020-02-19 14:10:00,6.25
2020-02-19 14:20:00,6.36
2020-02-19 14:30:00,6.54
2020-02-19 14:40:00,6.21
2020-02-19 14:50:00,6.07
2020-02-19 15:00:00,5.96
2020-02-19 15:10:00,5.54
2020-02-19 15:20:00,5.22
2020-02-19 15:30:00,5.19
2020-02-19 15:40:00,5.25
2020-02-19 15:50:00,5.35
2020-02-19 16:00:00,5.27
2020-02-19 16:10:00,5.35
2020-02-19 16:20:00,5.39
2020-02-19 16:30:00,5.39
2020-02-19 16:40:00,5.25
2020-02-19 16:50:00,5.1
2020-02-19 17:00:00,5.07
2020-02-19 17:10:00,5.1
2020-02-19 17:20:00,5.16
2020-02-19 17:30:00,5.2
2020-02-19 17:40:00,5.15
2020-02-19 17:50:00,4.98
2020-02-19 18:00:00,4.94
2020-02-19 18:10:00,4.97
2020-02-19 18:20:00,5.0
2020-02-19 18:30:00,5.02
2020-02-19 18:40:00,5.07
2020-02-19 18:50:00,5.0
2020-02-19 19:00:00,4.97
2020-02-19 19:10:00,4.94
2020-02-19 19:20:00,4.92
2020-02-19 19:30:00,4.88
2020-02-19 19:40:00,4.91
2020-02-19 19:50:00,4.91
2020-02-19 20:00:00,4.88
2020-02-19 20:10:00,4.84
2020-02-19 20:20:00,4.8
2020-02-19 20:30:00,4.77
2020-02-19 20:40:00,4.73
2020-02-19 20:50:00,4.62
2020-02-19 21:00:00,4.54
2020-02-19 21:10:00,4.41
2020-02-19 21:20:00,4.24
2020-02-19 21:30:00,4.07
2020-02-19 21:40:00,3.95
2020-02-19 21:50:00,3.91
2020-02-19 22:00:00,3.82
2020-02-19 22:10:00,3.86
2020-02-19 22:20:00,3.79
2020-02-19 22:30:00,3.66
2020-02-19 22:40:00,3.39
2020-02-19 22:50:00,2.98
2020-02-19 23:00:00,2.74
2020-02-19 23:10:00,2.61
2020-02-19 23:20:00,2.52
2020-02-19 23:30:00,2.5
2020-02-19 23:40:00,2.35
2020-02-19 23:50:00,2.27
2020-02-20 00:00:00,2.19
2020-02-20 00:10:00,2.08
2020-02-20 00:20:00,2.0
2020-02-20 00:30:00,1.91
2020-02-20 00:40:00,1.92
2020-02-20 00:50:00,1.73
2020-02-20 01:00:00,1.73
2020-02-20 01:10:00,1.63
2020-02-20 01:20:00,1.32
2020-02-20 01:30:00,1.04
2020-02-20 01:40:00,0.99
2020-02-20 01:50:00,0.96
2020-02-20 02:00:00,0.92
2020-02-20 02:10:00,1.17
2020-02-20 02:20:00,1.16
2020-02-20 02:30:00,1.28
2020-02-20 02:40:00,1.31
2020-02-20 02:50:00,1.35
2020-02-20 03:00:00,1.3
2020-02-20 03:10:00,1.1
2020-02-20 03:20:00,0.28
2020-02-20 03:30:00,0.16
2020-02-20 03:40:00,0.05
2020-02-20 03:50:00,0.04
2020-02-20 04:00:00,0.01
2020-02-20 04:10:00,0.01
2020-02-20 04:20:00,0.1
2020-02-20 04:30:00,0.23
2020-02-20 04:40:00,0.43
2020-02-20 04:50:00,0.67
2020-02-20 05:00:00,0.62
2020-02-20 05:10:00,0.76
2020-02-20 05:20:00,0.98
2020-02-20 05:30:00,0.75
2020-02-20 05:40:00,0.6
2020-02-20 05:50:00,0.71
2020-02-20 06:00:00,0.95
2020-02-20 06:10:00,1.43
2020-02-20 06:20:00,1.54
2020-02-20 06:30:00,1.58
2020-02-20 06:40:00,1.72
2020-02-20 06:50:00,1.89
2020-02-20 07:00:00,1.94
2020-02-20 07:10:00,1.95
2020-02-20 07:20:00,2.26
2020-02-20 07:30:00,2.74
2020-02-20 07:40:00,3.07
2020-02-20 07:50:00,3.28
2020-02-20 08:00:00,3.38
2020-02-20 08:10:00,3.44
2020-02-20 08:20:00,3.53
2020-02-20 08:30:00,3.5
2020-02-20 08:40:00,3.44
2020-02-20 08:50:00,3.28
2020-02-20 09:00:00,3.35
2020-02-20 09:10:00,3.51
2020-02-20 09:20:00,3.61
2020-02-20 09:30:00,3.72
2020-02-20 09:40:00,3.97
2020-02-20 09:50:00,4.18
2020-02-20 10:00:00,4.22
2020-02-20 10:10:00,4.34
2020-02-20 10:20:00,4.61
2020-02-20 10:30:00,4.97
2020-02-20 10:40:00,5.12
2020-02-20 10:50:00,5.31
2020-02-20 11:00:00,5.54
2020-02-20 11:10:00,5.52
2020-02-20 11:20:00,5.45
2020-02-20 11:30:00,5.34
2020-02-20 11:40:00,5.33
2020-02-20 11:50:00,5.42
2020-02-20 12:00:00,5.53
2020-02-20 12:10:00,5.67
2020-02-20 12:20:00,5.84
2020-02-20 12:30:00,5.89
2020-02-20 12:40:00,5.99
2020-02-20 12:50:00,6.05
2020-02-20 13:00:00,6.07
2020-02-20 13:10:00,6.13
2020-02-20 13:20:00,6.28
2020-02-20 13:30:00,6.37
2020-02-20 13:40:00,6.34
2020-02-20 13:50:00,6.41
2020-02-20 14:00:00,6.47
2020-02-20 14:10:00,6.42
2020-02-20 14:20:00,6.53
2020-02-20 14:30:00,6.4
2020-02-20 14:40:00,6.22
2020-02-20 14:50:00,6.08
2020-02-20 15:00:00,6.07
2020-02-20 15:10:00,6.2
2020-02-20 15:20:00,6.26
2020-02-20 15:30:00,6.29
2020-02-20 15:40:00,6.34
2020-02-20 15:50:00,6.28
2020-02-20 16:00:00,6.36
2020-02-20 16:10:00,6.48
2020-02-20 16:20:00,6.57
2020-02-20 16:30:00,6.68
2020-02-20 16:40:00,6.72
2020-02-20 16:50:00,6.68
2020-02-20 17:00:00,6.7
2020-02-20 17:10:00,6.67
2020-02-20 17:20:00,6.6
2020-02-20 17:30:00,6.46
2020-02-20 17:40:00,6.39
2020-02-20 17:50:00,6.32
2020-02-20 18:00:00,6.28
2020-02-20 18:10:00,6.38
2020-02-20 18:20:00,6.41
2020-02-20 18:30:00,6.4
2020-02-20 18:40:00,6.33
2020-02-20 18:50:00,6.46
2020-02-20 19:00:00,6.69
2020-02-20 19:10:00,6.86
2020-02-20 19:20:00,6.88
2020-02-20 19:30:00,7.15
2020-02-20 19:40:00,7.22
2020-02-20 19:50:00,7.28
2020-02-20 20:00:00,7.27
2020-02-20 20:10:00,7.21
2020-02-20 20:20:00,7.23
2020-02-20 20:30:00,7.24
2020-02-20 20:40:00,7.27
2020-02-20 20:50:00,7.27
2020-02-20 21:00:00,7.23
2020-02-20 21:10:00,7.2
2020-02-20 21:20:00,7.22
2020-02-20 21:30:00,7.32
2020-02-20 21:40:00,7.34
2020-02-20 21:50:00,7.3
2020-02-20 22:00:00,7.29
2020-02-20 22:10:00,7.16
2020-02-20 22:20:00,7.13
2020-02-20 22:30:00,7.14
2020-02-20 22:40:00,7.21
2020-02-20 22:50:00,7.23
2020-02-20 23:00:00,7.21
2020-02-20 23:10:00,7.22
2020-02-20 23:20:00,7.3
2020-02-20 23:30:00,7.39
2020-02-20 23:40:00,7.44
2020-02-20 23:50:00,7.54
2020-02-21 00:00:00,7.51
2020-02-21 00:10:00,7.13
2020-02-21 00:20:00,6.3
2020-02-21 00:30:00,6.1
2020-02-21 00:40:00,6.17
2020-02-21 00:50:00,6.09
2020-02-21 01:00:00,5.89
2020-02-21 01:10:00,5.69
2020-02-21 01:20:00,5.55
2020-02-21 01:30:00,5.31
2020-02-21 01:40:00,5.15
2020-02-21 01:50:00,4.99
2020-02-21 02:00:00,4.83
2020-02-21 02:10:00,4.69
2020-02-21 02:20:00,4.59
2020-02-21 02:30:00,4.55
2020-02-21 02:40:00,4.52
2020-02-21 02:50:00,4.47
2020-02-21 03:00:00,4.47
2020-02-21 03:10:00,4.5
2020-02-21 03:20:00,4.29
2020-02-21 03:30:00,3.97
2020-02-21 03:40:00,3.35
2020-02-21 03:50:00,3.13
2020-02-21 04:00:00,3.25
2020-02-21 04:10:00,3.26
2020-02-21 04:20:00,3.17
2020-02-21 04:30:00,3.02
2020-02-21 04:40:00,2.94
2020-02-21 04:50:00,2.84
2020-02-21 05:00:00,2.76
2020-02-21 05:10:00,2.64
2020-02-21 05:20:00,2.61
2020-02-21 05:30:00,2.44
2020-02-21 05:40:00,2.35
2020-02-21 05:50:00,2.48
2020-02-21 06:00:00,2.62
2020-02-21 06:10:00,2.79
2020-02-21 06:20:00,2.97
2020-02-21 06:30:00,3.11
2020-02-21 06:40:00,3.2
2020-02-21 06:50:00,3.17
2020-02-21 07:00:00,3.14
2020-02-21 07:10:00,3.2
2020-02-21 07:20:00,3.28
2020-02-21 07:30:00,3.27
2020-02-21 07:40:00,3.31
2020-02-21 07:50:00,3.34
2020-02-21 08:00:00,3.34
2020-02-21 08:10:00,3.34
2020-02-21 08:20:00,3.37
2020-02-21 08:30:00,3.44
2020-02-21 08:40:00,3.47
2020-02-21 08:50:00,3.47
2020-02-21 09:00:00,3.51
2020-02-21 09:10:00,3.64
2020-02-21 09:20:00,3.79
2020-02-21 09:30:00,4.18
2020-02-21 09:40:00,4.34
2020-02-21 09:50:00,4.73
2020-02-21 10:00:00,4.96
2020-02-21 10:10:00,5.28
2020-02-21 10:20:00,5.52
2020-02-21 10:30:00,5.69
2020-02-21 10:40:00,5.6
2020-02-21 10:50:00,5.74
2020-02-21 11:00:00,5.48
2020-02-21 11:10:00,5.83
2020-02-21 11:20:00,6.18
2020-02-21 11:30:00,6.11
2020-02-21 11:40:00,6.14
2020-02-21 11:50:00,6.35
2020-02-21 12:00:00,6.43
2020-02-21 12:10:00,6.42
2020-02-21 12:20:00,6.56
2020-02-21 12:30:00,6.47
2020-02-21 12:40:00,6.32
2020-02-21 12:50:00,6.71
2020-02-21 13:00:00,6.61
2020-02-21 13:10:00,6.45
2020-02-21 13:20:00,6.38
2020-02-21 13:30:00,6.56
2020-02-21 13:40:00,6.62
2020-02-21 13:50:00,6.54
2020-02-21 14:00:00,6.59
2020-02-21 14:10:00,6.93
2020-02-21 14:20:00,7.32
2020-02-21 14:30:00,7.14
2020-02-21 14:40:00,7.01
2020-02-21 14:50:00,7.26
2020-02-21 15:00:00,7.22
2020-02-21 15:10:00,7.1
2020-02-21 15:20:00,6.99
2020-02-21 15:30:00,7.04
2020-02-21 15:40:00,7.09
2020-02-21 15:50:00,7.22
2020-02-21 16:00:00,7.4
2020-02-21 16:10:00,7.31
2020-02-21 16:20:00,7.01
2020-02-21 16:30:00,6.64
2020-02-21 16:40:00,6.5
2020-02-21 16:50:00,6.4
2020-02-21 17:00:00,6.33
2020-02-21 17:10:00,6.26
2020-02-21 17:20:00,6.21
2020-02-21 17:30:00,6.18
2020-02-21 17:40:00,6.07
2020-02-21 17:50:00,5.99
2020-02-21 18:00:00,5.93
2020-02-21 18:10:00,5.79
2020-02-21 18:20:00,5.77
2020-02-21 18:30:00,5.76
2020-02-21 18:40:00,5.7
2020-02-21 18:50:00,5.73
2020-02-21 19:00:00,5.73
2020-02-21 19:10:00,5.66
2020-02-21 19:20:00,5.6
2020-02-21 19:30:00,5.67
2020-02-21 19:40:00,5.67
2020-02-21 19:50:00,5.71
2020-02-21 20:00:00,5.73
2020-02-21 20:10:00,5.67
2020-02-21 20:20:00,5.67
2020-02-21 20:30:00,5.68
2020-02-21 20:40:00,5.67
2020-02-21 20:50:00,5.67
2020-02-21 21:00:00,5.67
2020-02-21 21:10:00,5.67
2020-02-21 21:20:00,5.67
2020-02-21 21:30:00,5.65
2020-02-21 21:40:00,5.67
2020-02-21 21:50:00,5.66
2020-02-21 22:00:00,5.63
2020-02-21 22:10:00,5.61
2020-02-21 22:20:00,5.6
2020-02-21 22:30:00,5.65
2020-02-21 22:40:00,5.63
2020-02-21 22:50:00,5.62
2020-02-21 23:00:00,5.66
2020-02-21 23:10:00,5.64
2020-02-21 23:20:00,5.64
2020-02-21 23:30:00,5.61
2020-02-21 23:40:00,5.59
2020-02-21 23:50:00,5.54
2020-02-22 00:00:00,5.54
2020-02-22 00:10:00,5.52
2020-02-22 00:20:00,5.51
2020-02-22 00:30:00,5.48
2020-02-22 00:40:00,5.47
2020-02-22 00:50:00,5.44
2020-02-22 01:00:00,5.36
2020-02-22 01:10:00,5.34
2020-02-22 01:20:00,5.3
2020-02-22 01:30:00,5.21
2020-02-22 01:40:00,5.2
2020-02-22 01:50:00,5.22
2020-02-22 02:00:00,5.12
2020-02-22 02:10:00,4.92
2020-02-22 02:20:00,4.69
2020-02-22 02:30:00,4.56
2020-02-22 02:40:00,4.34
2020-02-22 02:50:00,4.16
2020-02-22 03:00:00,4.07
2020-02-22 03:10:00,4.03
2020-02-22 03:20:00,3.86
2020-02-22 03:30:00,3.89
2020-02-22 03:40:00,4.0
2020-02-22 03:50:00,3.96
2020-02-22 04:00:00,4.03
2020-02-22 04:10:00,4.03
2020-02-22 04:20:00,4.08
2020-02-22 04:30:00,4.11
2020-02-22 04:40:00,3.98
2020-02-22 04:50:00,3.83
2020-02-22 05:00:00,3.9
2020-02-22 05:10:00,3.96
2020-02-22 05:20:00,3.89
2020-02-22 05:30:00,3.82
2020-02-22 05:40:00,3.85
2020-02-22 05:50:00,3.9
2020-02-22 06:00:00,3.74
2020-02-22 06:10:00,3.77
2020-02-22 06:20:00,4.07
2020-02-22 06:30:00,4.49
2020-02-22 06:40:00,4.67
2020-02-22 06:50:00,4.76
2020-02-22 07:00:00,4.94
2020-02-22 07:10:00,5.06
2020-02-22 07:20:00,5.09
2020-02-22 07:30:00,5.26
2020-02-22 07:40:00,5.33
2020-02-22 07:50:00,5.49
2020-02-22 08:00:00,5.77
2020-02-22 08:10:00,6.03
2020-02-22 08:20:00,5.98
2020-02-22 08:30:00,5.8
2020-02-22 08:40:00,5.83
2020-02-22 08:50:00,5.91
2020-02-22 09:00:00,6.15
2020-02-22 09:10:00,6.54
2020-02-22 09:20:00,6.78
2020-02-22 09:30:00,6.89
2020-02-22 09:40:00,7.05
2020-02-22 09:50:00,7.23
2020-02-22 10:00:00,7.43
2020-02-22 10:10:00,7.92
2020-02-22 10:20:00,8.38
2020-02-22 10:30:00,8.25
2020-02-22 10:40:00,7.96
2020-02-22 10:50:00,7.63
2020-02-22 11:00:00,7.32
2020-02-22 11:10:00,7.48
2020-02-22 11:20:00,7.65
2020-02-22 11:30:00,7.77
2020-02-22 11:40:00,8.02
2020-02-22 11:50:00,8.6
2020-02-22 12:00:00,9.38
2020-02-22 12:10:00,9.79
2020-02-22 12:20:00,9.7
2020-02-22 12:30:00,9.72
2020-02-22 12:40:00,9.99
2020-02-22 12:50:00,10.13
2020-02-22 13:00:00,10.5
2020-02-22 13:10:00,10.79
2020-02-22 13:20:00,10.94
2020-02-22 13:30:00,10.97
2020-02-22 13:40:00,10.88
2020-02-22 13:50:00,10.87
2020-02-22 14:00:00,10.9
2020-02-22 14:10:00,11.02
2020-02-22 14:20:00,11.1
2020-02-22 14:30:00,11.14
2020-02-22 14:40:00,11.13
2020-02-22 14:50:00,11.35
2020-02-22 15:00:00,11.43
2020-02-22 15:10:00,11.28
2020-02-22 15:20:00,11.15
2020-02-22 15:30:00,11.11
2020-02-22 15:40:00,11.06
2020-02-22 15:50:00,11.0
2020-02-22 16:00:00,10.94
2020-02-22 16:10:00,10.94
2020-02-22 16:20:00,10.94
2020-02-22 16:30:00,10.89
2020-02-22 16:40:00,10.89
2020-02-22 16:50:00,10.98
2020-02-22 17:00:00,11.13
2020-02-22 17:10:00,11.19
2020-02-22 17:20:00,11.12
2020-02-22 17:30:00,11.01
2020-02-22 17:40:00,10.96
2020-02-22 17:50:00,10.84
2020-02-22 18:00:00,10.78
2020-02-22 18:10:00,10.81
2020-02-22 18:20:00,10.81
2020-02-22 18:30:00,10.79
2020-02-22 18:40:00,10.74
2020-02-22 18:50:00,10.72
2020-02-22 19:00:00,10.67
2020-02-22 19:10:00,10.6
2020-02-22 19:20:00,10.46
2020-02-22 19:30:00,10.34
2020-02-22 19:40:00,10.22
2020-02-22 19:50:00,10.19
2020-02-22 20:00:00,10.16
2020-02-22 20:10:00,10.14
2020-02-22 20:20:00,10.11
2020-02-22 20:30:00,10.08
2020-02-22 20:40:00,10.07
2020-02-22 20:50:00,10.06
2020-02-22 21:00:00,10.04
2020-02-22 21:10:00,10.01
2020-02-22 21:20:00,10.0
2020-02-22 21:30:00,9.94
2020-02-22 21:40:00,9.91
2020-02-22 21:50:00,9.95
2020-02-22 22:00:00,10.02
2020-02-22 22:10:00,10.01
2020-02-22 22:20:00,10.01
2020-02-22 22:30:00,9.95
2020-02-22 22:40:00,9.85
2020-02-22 22:50:00,9.72
2020-02-22 23:00:00,9.68
2020-02-22 23:10:00,9.69
2020-02-22 23:20:00,9.77
2020-02-22 23:30:00,9.81
2020-02-22 23:40:00,9.81
2020-02-22 23:50:00,9.83
2020-02-23 00:00:00,9.83
2020-02-23 00:10:00,9.87
2020-02-23 00:20:00,9.88
2020-02-23 00:30:00,9.85
2020-02-23 00:40:00,9.87
2020-02-23 00:50:00,9.71
2020-02-23 01:00:00,9.45
2020-02-23 01:10:00,9.41
2020-02-23 01:20:00,9.53
2020-02-23 01:30:00,9.69
2020-02-23 01:40:00,9.81
2020-02-23 01:50:00,9.82
2020-02-23 02:00:00,9.83
2020-02-23 02:10:00,9.83
2020-02-23 02:20:00,9.76
2020-02-23 02:30:00,9.74
2020-02-23 02:40:00,9.7
2020-02-23 02:50:00,9.67
2020-02-23 03:00:00,9.61
2020-02-23 03:10:00,9.6
2020-02-23 03:20:00,9.5
2020-02-23 03:30:00,9.48
2020-02-23 03:40:00,9.52
2020-02-23 03:50:00,9.52
2020-02-23 04:00:00,9.53
2020-02-23 04:10:00,9.53
2020-02-23 04:20:00,9.47
2020-02-23 04:30:00,9.43
2020-02-23 04:40:00,9.41
2020-02-23 04:50:00,9.34
2020-02-23 05:00:00,9.44
2020-02-23 05:10:00,9.4
2020-02-23 05:20:00,9.14
2020-02-23 05:30:00,8.96
2020-02-23 05:40:00,8.88
2020-02-23 05:50:00,8.91
2020-02-23 06:00:00,9.0
2020-02-23 06:10:00,8.98
2020-02-23 06:20:00,8.94
2020-02-23 06:30:00,8.88
2020-02-23 06:40:00,8.87
2020-02-23 06:50:00,8.83
2020-02-23 07:00:00,8.81
2020-02-23 07:10:00,8.84
2020-02-23 07:20:00,8.79
2020-02-23 07:30:00,8.7
2020-02-23 07:40:00,8.6
2020-02-23 07:50:00,8.47
2020-02-23 08:00:00,8.3
2020-02-23 08:10:00,8.37
2020-02-23 08:20:00,8.54
2020-02-23 08:30:00,8.68
2020-02-23 08:40:00,8.74
2020-02-23 08:50:00,8.74
2020-02-23 09:00:00,8.74
2020-02-23 09:10:00,8.74
2020-02-23 09:20:00,8.66
2020-02-23 09:30:00,8.54
2020-02-23 09:40:00,8.38
2020-02-23 09:50:00,8.32
2020-02-23 10:00:00,8.34
2020-02-23 10:10:00,8.35
2020-02-23 10:20:00,8.34
2020-02-23 10:30:00,8.33
2020-02-23 10:40:00,8.38
2020-02-23 10:50:00,8.46
2020-02-23 11:00:00,8.47
2020-02-23 11:10:00,8.53
2020-02-23 11:20:00,8.64
2020-02-23 11:30:00,8.88
2020-02-23 11:40:00,9.2
2020-02-23 11:50:00,9.46
2020-02-23 12:00:00,9.88
2020-02-23 12:10:00,10.27
2020-02-23 12:20:00,10.58
2020-02-23 12:30:00,10.79
2020-02-23 12:40:00,11.04
2020-02-23 12:50:00,11.28
2020-02-23 13:00:00,11.57
2020-02-23 13:10:00,11.93
2020-02-23 13:20:00,12.21
2020-02-23 13:30:00,12.23
2020-02-23 13:40:00,12.32
2020-02-23 13:50:00,12.44
2020-02-23 14:00:00,12.41
2020-02-23 14:10:00,12.39
2020-02-23 14:20:00,12.44
2020-02-23 14:30:00,12.59
2020-02-23 14:40:00,12.72
2020-02-23 14:50:00,12.76
2020-02-23 15:00:00,12.84
2020-02-23 15:10:00,12.81
2020-02-23 15:20:00,12.88
2020-02-23 15:30:00,12.96
2020-02-23 15:40:00,13.0
2020-02-23 15:50:00,13.0
2020-02-23 16:00:00,12.95
2020-02-23 16:10:00,12.99
2020-02-23 16:20:00,12.98
2020-02-23 16:30:00,12.93
2020-02-23 16:40:00,12.9
2020-02-23 16:50:00,12.77
2020-02-23 17:00:00,12.56
2020-02-23 17:10:00,12.47
2020-02-23 17:20:00,12.39
2020-02-23 17:30:00,12.33
2020-02-23 17:40:00,12.31
2020-02-23 17:50:00,12.12
2020-02-23 18:00:00,12.05
2020-02-23 18:10:00,12.17
2020-02-23 18:20:00,12.16
2020-02-23 18:30:00,12.01
2020-02-23 18:40:00,12.0
2020-02-23 18:50:00,11.55
2020-02-23 19:00:00,11.63
2020-02-23 19:10:00,11.47
2020-02-23 19:20:00,11.07
2020-02-23 19:30:00,10.2
2020-02-23 19:40:00,9.13
2020-02-23 19:50:00,8.66
2020-02-23 20:00:00,8.48
2020-02-23 20:10:00,8.42
2020-02-23 20:20:00,8.51
2020-02-23 20:30:00,8.69
2020-02-23 20:40:00,8.73
2020-02-23 20:50:00,8.6
2020-02-23 21:00:00,8.57
2020-02-23 21:10:00,8.44
2020-02-23 21:20:00,8.25
2020-02-23 21:30:00,8.0
2020-02-23 21:40:00,7.79
2020-02-23 21:50:00,7.59
2020-02-23 22:00:00,7.45
2020-02-23 22:10:00,7.35
2020-02-23 22:20:00,7.19
2020-02-23 22:30:00,6.98
2020-02-23 22:40:00,6.71
2020-02-23 22:50:00,6.46
2020-02-23 23:00:00,6.29
2020-02-23 23:10:00,6.15
2020-02-23 23:20:00,6.01
2020-02-23 23:30:00,5.79
2020-02-23 23:40:00,5.69
2020-02-23 23:50:00,5.53
2020-02-24 00:00:00,5.26
2020-02-24 00:10:00,5.08
2020-02-24 00:20:00,4.87
2020-02-24 00:30:00,4.69
2020-02-24 00:40:00,4.71
2020-02-24 00:50:00,4.84
2020-02-24 01:00:00,4.93
2020-02-24 01:10:00,4.9
2020-02-24 01:20:00,4.94
2020-02-24 01:30:00,4.88
2020-02-24 01:40:00,4.82
2020-02-24 01:50:00,4.76
2020-02-24 02:00:00,4.67
2020-02-24 02:10:00,4.57
2020-02-24 02:20:00,4.41
2020-02-24 02:30:00,4.13
2020-02-24 02:40:00,3.87
2020-02-24 02:50:00,3.69
2020-02-24 03:00:00,3.58
2020-02-24 03:10:00,3.49
2020-02-24 03:20:00,3.55
2020-02-24 03:30:00,3.58
2020-02-24 03:40:00,3.51
2020-02-24 03:50:00,3.45
2020-02-24 04:00:00,3.44
2020-02-24 04:10:00,3.47
2020-02-24 04:20:00,3.47
2020-02-24 04:30:00,3.47
2020-02-24 04:40:00,3.45
2020-02-24 04:50:00,3.4
2020-02-24 05:00:00,3.28
2020-02-24 05:10:00,3.24
2020-02-24 05:20:00,3.25
2020-02-24 05:30:00,3.17
2020-02-24 05:40:00,3.07
2020-02-24 05:50:00,2.93
2020-02-24 06:00:00,2.76
2020-02-24 06:10:00,2.67
2020-02-24 06:20:00,2.78
2020-02-24 06:30:00,2.89
2020-02-24 06:40:00,2.92
2020-02-24 06:50:00,2.9
2020-02-24 07:00:00,2.98
2020-02-24 07:10:00,3.11
2020-02-24 07:20:00,3.14
2020-02-24 07:30:00,3.11
2020-02-24 07:40:00,3.18
2020-02-24 07:50:00,3.31
2020-02-24 08:00:00,3.31
2020-02-24 08:10:00,3.19
2020-02-24 08:20:00,3.06
2020-02-24 08:30:00,3.12
2020-02-24 08:40:00,3.15
2020-02-24 08:50:00,3.32
2020-02-24 09:00:00,3.48
2020-02-24 09:10:00,3.61
2020-02-24 09:20:00,3.64
2020-02-24 09:30:00,3.76
2020-02-24 09:40:00,3.98
2020-02-24 09:50:00,4.32
2020-02-24 10:00:00,4.47
2020-02-24 10:10:00,4.59
2020-02-24 10:20:00,4.76
2020-02-24 10:30:00,4.97
2020-02-24 10:40:00,4.88
2020-02-24 10:50:00,4.91
2020-02-24 11:00:00,4.84
2020-02-24 11:10:00,4.94
2020-02-24 11:20:00,5.21
2020-02-24 11:30:00,5.37
2020-02-24 11:40:00,5.46
2020-02-24 11:50:00,5.48
2020-02-24 12:00:00,5.66
2020-02-24 12:10:00,5.7
2020-02-24 12:20:00,5.81
2020-02-24 12:30:00,5.8
2020-02-24 12:40:00,5.94
2020-02-24 12:50:00,5.97
2020-02-24 13:00:00,6.0
2020-02-24 13:10:00,5.99
2020-02-24 13:20:00,6.03
2020-02-24 13:30:00,6.17
2020-02-24 13:40:00,6.22
2020-02-24 13:50:00,6.15
2020-02-24 14:00:00,5.87
2020-02-24 14:10:00,5.48
2020-02-24 14:20:00,5.01
2020-02-24 14:30:00,4.2
2020-02-24 14:40:00,4.0
2020-02-24 14:50:00,3.96
2020-02-24 15:00:00,3.88
2020-02-24 15:10:00,3.42
2020-02-24 15:20:00,3.28
2020-02-24 15:30:00,3.24
2020-02-24 15:40:00,3.22
2020-02-24 15:50:00,3.2
2020-02-24 16:00:00,3.2
2020-02-24 16:10:00,3.14
2020-02-24 16:20:00,3.23
2020-02-24 16:30:00,3.41
2020-02-24 16:40:00,3.65
2020-02-24 16:50:00,3.91
2020-02-24 17:00:00,4.1
2020-02-24 17:10:00,4.27
2020-02-24 17:20:00,4.46
2020-02-24 17:30:00,4.63
2020-02-24 17:40:00,4.73
2020-02-24 17:50:00,4.93
2020-02-24 18:00:00,5.11
2020-02-24 18:10:00,5.23
2020-02-24 18:20:00,5.35
2020-02-24 18:30:00,5.49
2020-02-24 18:40:00,5.65
2020-02-24 18:50:00,5.76
2020-02-24 19:00:00,5.84
2020-02-24 19:10:00,5.95
2020-02-24 19:20:00,6.04
2020-02-24 19:30:00,6.09
2020-02-24 19:40:00,6.29
2020-02-24 19:50:00,6.51
2020-02-24 20:00:00,7.05
2020-02-24 20:10:00,7.91
2020-02-24 20:20:00,8.33
2020-02-24 20:30:00,8.52
2020-02-24 20:40:00,8.84
2020-02-24 20:50:00,9.06
2020-02-24 21:00:00,9.26
2020-02-24 21:10:00,9.36
2020-02-24 21:20:00,9.45
2020-02-24 21:30:00,9.5
2020-02-24 21:40:00,9.48
2020-02-24 21:50:00,9.6
2020-02-24 22:00:00,9.73
2020-02-24 22:10:00,9.86
2020-02-24 22:20:00,9.98
2020-02-24 22:30:00,10.02
2020-02-24 22:40:00,9.89
2020-02-24 22:50:00,9.8
2020-02-24 23:00:00,9.86
2020-02-24 23:10:00,9.91
2020-02-24 23:20:00,9.78
2020-02-24 23:30:00,9.61
2020-02-24 23:40:00,9.51
2020-02-24 23:50:00,9.55
2020-02-25 00:00:00,9.52
2020-02-25 00:10:00,9.43
2020-02-25 00:20:00,9.34
2020-02-25 00:30:00,9.35
2020-02-25 00:40:00,9.45
2020-02-25 00:50:00,9.54
2020-02-25 01:00:00,9.61
2020-02-25 01:10:00,9.68
2020-02-25 01:20:00,9.67
2020-02-25 01:30:00,9.66
2020-02-25 01:40:00,9.7
2020-02-25 01:50:00,9.76
2020-02-25 02:00:00,9.74
2020-02-25 02:10:00,9.74
2020-02-25 02:20:00,9.79
2020-02-25 02:30:00,9.76
2020-02-25 02:40:00,9.72
2020-02-25 02:50:00,9.62
2020-02-25 03:00:00,9.54
2020-02-25 03:10:00,9.49
2020-02-25 03:20:00,9.42
2020-02-25 03:30:00,9.41
2020-02-25 03:40:00,9.35
2020-02-25 03:50:00,9.33
2020-02-25 04:00:00,9.25
2020-02-25 04:10:00,9.21
2020-02-25 04:20:00,9.19
2020-02-25 04:30:00,9.16
2020-02-25 04:40:00,9.17
2020-02-25 04:50:00,9.28
2020-02-25 05:00:00,9.34
2020-02-25 05:10:00,9.34
2020-02-25 05:20:00,9.39
2020-02-25 05:30:00,9.41
2020-02-25 05:40:00,9.39
2020-02-25 05:50:00,9.37
2020-02-25 06:00:00,9.31
2020-02-25 06:10:00,9.19
2020-02-25 06:20:00,9.21
2020-02-25 06:30:00,9.19
2020-02-25 06:40:00,9.21
2020-02-25 06:50:00,9.22
2020-02-25 07:00:00,9.15
2020-02-25 07:10:00,9.08
2020-02-25 07:20:00,9.08
2020-02-25 07:30:00,9.07
2020-02-25 07:40:00,9.08
2020-02-25 07:50:00,8.98
2020-02-25 08:00:00,8.48
2020-02-25 08:10:00,8.23
2020-02-25 08:20:00,8.32
2020-02-25 08:30:00,8.42
2020-02-25 08:40:00,8.63
2020-02-25 08:50:00,8.88
2020-02-25 09:00:00,9.08
2020-02-25 09:10:00,9.31
2020-02-25 09:20:00,9.37
2020-02-25 09:30:00,9.35
2020-02-25 09:40:00,9.31
2020-02-25 09:50:00,9.28
2020-02-25 10:00:00,9.28
2020-02-25 10:10:00,9.28
2020-02-25 10:20:00,9.28
2020-02-25 10:30:00,9.28
2020-02-25 10:40:00,9.26
2020-02-25 10:50:00,9.26
2020-02-25 11:00:00,9.23
2020-02-25 11:10:00,9.1
2020-02-25 11:20:00,9.1
2020-02-25 11:30:00,9.16
2020-02-25 11:40:00,9.18
2020-02-25 11:50:00,9.31
2020-02-25 12:00:00,9.57
2020-02-25 12:10:00,9.58
2020-02-25 12:20:00,9.18
2020-02-25 12:30:00,8.95
2020-02-25 12:40:00,8.92
2020-02-25 12:50:00,8.08
2020-02-25 13:00:00,8.03
2020-02-25 13:10:00,8.7
2020-02-25 13:20:00,9.22
2020-02-25 13:30:00,9.6
2020-02-25 13:40:00,9.51
2020-02-25 13:50:00,9.12
2020-02-25 14:00:00,9.66
2020-02-25 14:10:00,10.3
2020-02-25 14:20:00,9.56
2020-02-25 14:30:00,9.2
2020-02-25 14:40:00,9.22
2020-02-25 14:50:00,9.7
2020-02-25 15:00:00,10.41
2020-02-25 15:10:00,10.84
2020-02-25 15:20:00,10.82
2020-02-25 15:30:00,10.6
2020-02-25 15:40:00,9.72
2020-02-25 15:50:00,9.33
2020-02-25 16:00:00,9.29
2020-02-25 16:10:00,9.28
2020-02-25 16:20:00,9.15
2020-02-25 16:30:00,9.07
2020-02-25 16:40:00,8.99
2020-02-25 16:50:00,8.97
2020-02-25 17:00:00,9.1
2020-02-25 17:10:00,8.98
2020-02-25 17:20:00,8.73
2020-02-25 17:30:00,8.38
2020-02-25 17:40:00,7.88
2020-02-25 17:50:00,7.52
2020-02-25 18:00:00,7.39
2020-02-25 18:10:00,6.76
2020-02-25 18:20:00,6.4
2020-02-25 18:30:00,6.24
2020-02-25 18:40:00,6.12
2020-02-25 18:50:00,5.94
2020-02-25 19:00:00,5.53
2020-02-25 19:10:00,5.19
2020-02-25 19:20:00,4.85
2020-02-25 19:30:00,4.93
2020-02-25 19:40:00,4.96
2020-02-25 19:50:00,4.96
2020-02-25 20:00:00,4.87
2020-02-25 20:10:00,4.63
2020-02-25 20:20:00,4.56
2020-02-25 20:30:00,4.54
2020-02-25 20:40:00,4.43
2020-02-25 20:50:00,4.43
2020-02-25 21:00:00,4.33
2020-02-25 21:10:00,4.14
2020-02-25 21:20:00,4.03
2020-02-25 21:30:00,3.97
2020-02-25 21:40:00,3.87
2020-02-25 21:50:00,3.63
2020-02-25 22:00:00,3.41
2020-02-25 22:10:00,3.41
2020-02-25 22:20:00,3.5
2020-02-25 22:30:00,3.55
2020-02-25 22:40:00,3.58
2020-02-25 22:50:00,3.62
2020-02-25 23:00:00,3.64
2020-02-25 23:10:00,3.46
2020-02-25 23:20:00,3.32
2020-02-25 23:30:00,3.27
2020-02-25 23:40:00,3.14
2020-02-25 23:50:00,3.34
2020-02-26 00:00:00,3.82
2020-02-26 00:10:00,4.35
2020-02-26 00:20:00,3.28
2020-02-26 00:30:00,2.57
2020-02-26 00:40:00,2.26
2020-02-26 00:50:00,2.12
2020-02-26 01:00:00,2.31
2020-02-26 01:10:00,2.3
2020-02-26 01:20:00,2.24
2020-02-26 01:30:00,2.17
2020-02-26 01:40:00,2.12
2020-02-26 01:50:00,2.07
2020-02-26 02:00:00,2.12
2020-02-26 02:10:00,2.04
2020-02-26 02:20:00,2.03
2020-02-26 02:30:00,2.25
2020-02-26 02:40:00,2.28
2020-02-26 02:50:00,2.18
2020-02-26 03:00:00,2.14
2020-02-26 03:10:00,2.11
2020-02-26 03:20:00,1.98
2020-02-26 03:30:00,1.96
2020-02-26 03:40:00,1.9
2020-02-26 03:50:00,1.83
2020-02-26 04:00:00,1.69
2020-02-26 04:10:00,1.47
2020-02-26 04:20:00,1.51
2020-02-26 04:30:00,1.58
2020-02-26 04:40:00,1.63
2020-02-26 04:50:00,1.81
2020-02-26 05:00:00,1.84
2020-02-26 05:10:00,2.02
2020-02-26 05:20:00,2.23
2020-02-26 05:30:00,2.1
2020-02-26 05:40:00,2.06
2020-02-26 05:50:00,2.31
2020-02-26 06:00:00,2.48
2020-02-26 06:10:00,2.59
2020-02-26 06:20:00,2.63
2020-02-26 06:30:00,2.19
2020-02-26 06:40:00,1.57
2020-02-26 06:50:00,1.21
2020-02-26 07:00:00,1.13
2020-02-26 07:10:00,1.14
2020-02-26 07:20:00,1.17
2020-02-26 07:30:00,1.21
2020-02-26 07:40:00,1.29
2020-02-26 07:50:00,1.48
2020-02-26 08:00:00,1.59
2020-02-26 08:10:00,1.56
2020-02-26 08:20:00,1.6
2020-02-26 08:30:00,1.75
2020-02-26 08:40:00,1.9
2020-02-26 08:50:00,2.01
2020-02-26 09:00:00,2.2
2020-02-26 09:10:00,2.42
2020-02-26 09:20:00,2.64
2020-02-26 09:30:00,2.7
2020-02-26 09:40:00,2.79
2020-02-26 09:50:00,2.93
2020-02-26 10:00:00,3.14
2020-02-26 10:10:00,3.35
2020-02-26 10:20:00,3.24
2020-02-26 10:30:00,3.01
2020-02-26 10:40:00,2.57
2020-02-26 10:50:00,1.94
2020-02-26 11:00:00,1.57
2020-02-26 11:10:00,1.41
2020-02-26 11:20:00,1.43
2020-02-26 11:30:00,1.41
2020-02-26 11:40:00,1.47
2020-02-26 11:50:00,1.56
2020-02-26 12:00:00,1.6
2020-02-26 12:10:00,1.61
2020-02-26 12:20:00,1.8
2020-02-26 12:30:00,2.06
2020-02-26 12:40:00,2.3
2020-02-26 12:50:00,2.25
2020-02-26 13:00:00,2.2
2020-02-26 13:10:00,2.37
2020-02-26 13:20:00,2.67
2020-02-26 13:30:00,3.01
2020-02-26 13:40:00,3.18
2020-02-26 13:50:00,3.16
2020-02-26 14:00:00,3.09
2020-02-26 14:10:00,2.93
2020-02-26 14:20:00,2.92
2020-02-26 14:30:00,3.43
2020-02-26 14:40:00,3.37
2020-02-26 14:50:00,2.91
2020-02-26 15:00:00,2.61
2020-02-26 15:10:00,2.4
2020-02-26 15:20:00,2.37
2020-02-26 15:30:00,2.6
2020-02-26 15:40:00,3.0
2020-02-26 15:50:00,3.58
2020-02-26 16:00:00,3.5
2020-02-26 16:10:00,3.42
2020-02-26 16:20:00,3.32
2020-02-26 16:30:00,3.11
2020-02-26 16:40:00,2.99
2020-02-26 16:50:00,2.94
2020-02-26 17:00:00,3.0
2020-02-26 17:10:00,2.98
2020-02-26 17:20:00,2.92
2020-02-26 17:30:00,2.79
2020-02-26 17:40:00,2.74
2020-02-26 17:50:00,2.74
2020-02-26 18:00:00,2.6
2020-02-26 18:10:00,2.32
2020-02-26 18:20:00,2.17
2020-02-26 18:30:00,2.02
2020-02-26 18:40:00,1.85
2020-02-26 18:50:00,1.69
2020-02-26 19:00:00,1.59
2020-02-26 19:10:00,1.39
2020-02-26 19:20:00,1.33
2020-02-26 19:30:00,1.45
2020-02-26 19:40:00,1.6
2020-02-26 19:50:00,1.69
2020-02-26 20:00:00,1.74
2020-02-26 20:10:00,1.68
2020-02-26 20:20:00,1.64
2020-02-26 20:30:00,1.66
2020-02-26 20:40:00,1.91
2020-02-26 20:50:00,2.09
2020-02-26 21:00:00,2.25
2020-02-26 21:10:00,2.28
2020-02-26 21:20:00,2.05
2020-02-26 21:30:00,1.92
2020-02-26 21:40:00,1.72
2020-02-26 21:50:00,1.52
2020-02-26 22:00:00,1.63
2020-02-26 22:10:00,1.67
2020-02-26 22:20:00,1.8
2020-02-26 22:30:00,1.83
2020-02-26 22:40:00,1.92
2020-02-26 22:50:00,2.12
2020-02-26 23:00:00,2.19
2020-02-26 23:10:00,2.28
2020-02-26 23:20:00,2.32
2020-02-26 23:30:00,2.27
2020-02-26 23:40:00,2.21
2020-02-26 23:50:00,1.88
2020-02-27 00:00:00,1.62
2020-02-27 00:10:00,1.55
2020-02-27 00:20:00,1.67
2020-02-27 00:30:00,1.81
2020-02-27 00:40:00,1.91
2020-02-27 00:50:00,2.02
2020-02-27 01:00:00,2.0
2020-02-27 01:10:00,1.96
2020-02-27 01:20:00,1.97
2020-02-27 01:30:00,1.94
2020-02-27 01:40:00,1.88
2020-02-27 01:50:00,1.9
2020-02-27 02:00:00,1.9
2020-02-27 02:10:00,1.87
2020-02-27 02:20:00,1.87
2020-02-27 02:30:00,1.79
2020-02-27 02:40:00,1.81
2020-02-27 02:50:00,1.78
2020-02-27 03:00:00,1.63
2020-02-27 03:10:00,1.62
2020-02-27 03:20:00,1.54
2020-02-27 03:30:00,1.6
2020-02-27 03:40:00,1.61
2020-02-27 03:50:00,1.56
2020-02-27 04:00:00,1.53
2020-02-27 04:10:00,1.47
2020-02-27 04:20:00,1.46
2020-02-27 04:30:00,1.51
2020-02-27 04:40:00,1.58
2020-02-27 04:50:00,1.59
2020-02-27 05:00:00,1.49
2020-02-27 05:10:00,1.45
2020-02-27 05:20:00,1.31
2020-02-27 05:30:00,1.33
2020-02-27 05:40:00,1.42
2020-02-27 05:50:00,1.57
2020-02-27 06:00:00,1.58
2020-02-27 06:10:00,1.39
2020-02-27 06:20:00,1.23
2020-02-27 06:30:00,1.12
2020-02-27 06:40:00,1.08
2020-02-27 06:50:00,1.21
2020-02-27 07:00:00,1.3
2020-02-27 07:10:00,1.35
2020-02-27 07:20:00,1.45
2020-02-27 07:30:00,1.48
2020-02-27 07:40:00,1.59
2020-02-27 07:50:00,1.6
2020-02-27 08:00:00,1.6
2020-02-27 08:10:00,1.59
2020-02-27 08:20:00,1.64
2020-02-27 08:30:00,1.77
2020-02-27 08:40:00,1.86
2020-02-27 08:50:00,1.98
2020-02-27 09:00:00,2.07
2020-02-27 09:10:00,2.23
2020-02-27 09:20:00,2.42
2020-02-27 09:30:00,2.61
2020-02-27 09:40:00,2.74
2020-02-27 09:50:00,2.75
2020-02-27 10:00:00,2.93
2020-02-27 10:10:00,3.04
2020-02-27 10:20:00,3.24
2020-02-27 10:30:00,3.37
2020-02-27 10:40:00,3.37
2020-02-27 10:50:00,3.47
2020-02-27 11:00:00,3.58
2020-02-27 11:10:00,3.87
2020-02-27 11:20:00,3.88
2020-02-27 11:30:00,3.8
2020-02-27 11:40:00,3.64
2020-02-27 11:50:00,3.58
2020-02-27 12:00:00,3.86
2020-02-27 12:10:00,3.92
2020-02-27 12:20:00,3.77
2020-02-27 12:30:00,4.14
2020-02-27 12:40:00,4.44
2020-02-27 12:50:00,4.58
2020-02-27 13:00:00,4.59
2020-02-27 13:10:00,4.65
2020-02-27 13:20:00,4.67
2020-02-27 13:30:00,4.5
2020-02-27 13:40:00,4.48
2020-02-27 13:50:00,4.5
2020-02-27 14:00:00,4.6
2020-02-27 14:10:00,4.68
2020-02-27 14:20:00,4.77
2020-02-27 14:30:00,4.62
2020-02-27 14:40:00,4.57
2020-02-27 14:50:00,4.39
2020-02-27 15:00:00,4.25
2020-02-27 15:10:00,3.99
2020-02-27 15:20:00,3.91
2020-02-27 15:30:00,3.9
2020-02-27 15:40:00,3.96
2020-02-27 15:50:00,3.99
2020-02-27 16:00:00,3.94
2020-02-27 16:10:00,3.87
2020-02-27 16:20:00,3.8
2020-02-27 16:30:00,3.75
2020-02-27 16:40:00,3.75
2020-02-27 16:50:00,3.92
2020-02-27 17:00:00,3.77
2020-02-27 17:10:00,3.05
2020-02-27 17:20:00,2.52
2020-02-27 17:30:00,1.48
2020-02-27 17:40:00,0.78
2020-02-27 17:50:00,0.92
2020-02-27 18:00:00,1.09
2020-02-27 18:10:00,0.97
2020-02-27 18:20:00,0.82
2020-02-27 18:30:00,0.81
2020-02-27 18:40:00,0.76
2020-02-27 18:50:00,0.85
2020-02-27 19:00:00,1.06
2020-02-27 19:10:00,1.0
2020-02-27 19:20:00,0.8
2020-02-27 19:30:00,0.65
2020-02-27 19:40:00,0.57
2020-02-27 19:50:00,0.52
2020-02-27 20:00:00,0.46
2020-02-27 20:10:00,0.43
2020-02-27 20:20:00,0.32
2020-02-27 20:30:00,0.21
2020-02-27 20:40:00,0.2
2020-02-27 20:50:00,0.21
2020-02-27 21:00:00,0.27
2020-02-27 21:10:00,0.29
2020-02-27 21:20:00,0.33
2020-02-27 21:30:00,0.32
2020-02-27 21:40:00,0.27
2020-02-27 21:50:00,0.27
2020-02-27 22:00:00,0.35
2020-02-27 22:10:00,0.34
2020-02-27 22:20:00,0.33
2020-02-27 22:30:00,0.28
2020-02-27 22:40:00,0.27
2020-02-27 22:50:00,0.34
2020-02-27 23:00:00,0.34
2020-02-27 23:10:00,0.32
2020-02-27 23:20:00,0.27
2020-02-27 23:30:00,0.25
2020-02-27 23:40:00,0.21
2020-02-27 23:50:00,0.21
2020-02-28 00:00:00,0.21
2020-02-28 00:10:00,0.24
2020-02-28 00:20:00,0.28
2020-02-28 00:30:00,0.28
2020-02-28 00:40:00,0.27
2020-02-28 00:50:00,0.3
2020-02-28 01:00:00,0.27
2020-02-28 01:10:00,0.33
2020-02-28 01:20:00,0.41
2020-02-28 01:30:00,0.45
2020-02-28 01:40:00,0.5
2020-02-28 01:50:00,0.54
2020-02-28 02:00:00,0.58
2020-02-28 02:10:00,0.61
2020-02-28 02:20:00,0.61
2020-02-28 02:30:00,0.67
2020-02-28 02:40:00,0.71
2020-02-28 02:50:00,0.76
2020-02-28 03:00:00,0.83
2020-02-28 03:10:00,0.82
2020-02-28 03:20:00,0.81
2020-02-28 03:30:00,0.75
2020-02-28 03:40:00,0.68
2020-02-28 03:50:00,0.62
2020-02-28 04:00:00,0.57
2020-02-28 04:10:00,0.59
2020-02-28 04:20:00,0.74
2020-02-28 04:30:00,0.85
2020-02-28 04:40:00,0.92
2020-02-28 04:50:00,0.88
2020-02-28 05:00:00,0.94
2020-02-28 05:10:00,0.92
2020-02-28 05:20:00,0.88
2020-02-28 05:30:00,0.94
2020-02-28 05:40:00,1.01
2020-02-28 05:50:00,1.01
2020-02-28 06:00:00,1.02
2020-02-28 06:10:00,1.06
2020-02-28 06:20:00,1.08
2020-02-28 06:30:00,1.08
2020-02-28 06:40:00,1.09
2020-02-28 06:50:00,1.14
2020-02-28 07:00:00,1.17
2020-02-28 07:10:00,1.05
2020-02-28 07:20:00,1.01
2020-02-28 07:30:00,1.05
2020-02-28 07:40:00,1.04
2020-02-28 07:50:00,1.01
2020-02-28 08:00:00,1.22
2020-02-28 08:10:00,1.45
2020-02-28 08:20:00,1.41
2020-02-28 08:30:00,1.41
2020-02-28 08:40:00,1.56
2020-02-28 08:50:00,1.77
2020-02-28 09:00:00,1.92
2020-02-28 09:10:00,2.02
2020-02-28 09:20:00,2.19
2020-02-28 09:30:00,2.36
2020-02-28 09:40:00,2.42
2020-02-28 09:50:00,2.51
2020-02-28 10:00:00,2.59
2020-02-28 10:10:00,2.6
2020-02-28 10:20:00,2.7
2020-02-28 10:30:00,2.93
2020-02-28 10:40:00,3.38
2020-02-28 10:50:00,3.7
2020-02-28 11:00:00,3.69
2020-02-28 11:10:00,3.68
2020-02-28 11:20:00,3.68
2020-02-28 11:30:00,3.75
2020-02-28 11:40:00,3.78
2020-02-28 11:50:00,3.54
2020-02-28 12:00:00,3.51
2020-02-28 12:10:00,3.57
2020-02-28 12:20:00,3.75
2020-02-28 12:30:00,4.18
2020-02-28 12:40:00,4.3
2020-02-28 12:50:00,4.52
2020-02-28 13:00:00,4.52
2020-02-28 13:10:00,4.36
2020-02-28 13:20:00,4.31
2020-02-28 13:30:00,4.18
2020-02-28 13:40:00,4.13
2020-02-28 13:50:00,4.15
2020-02-28 14:00:00,4.39
2020-02-28 14:10:00,4.56
2020-02-28 14:20:00,4.47
2020-02-28 14:30:00,4.48
2020-02-28 14:40:00,4.65
2020-02-28 14:50:00,4.49
2020-02-28 15:00:00,4.95
2020-02-28 15:10:00,4.64
2020-02-28 15:20:00,4.27
2020-02-28 15:30:00,4.28
2020-02-28 15:40:00,4.14
2020-02-28 15:50:00,4.0
2020-02-28 16:00:00,4.01
2020-02-28 16:10:00,3.96
2020-02-28 16:20:00,3.94
2020-02-28 16:30:00,3.87
2020-02-28 16:40:00,3.79
2020-02-28 16:50:00,3.86
2020-02-28 17:00:00,3.87
2020-02-28 17:10:00,3.77
2020-02-28 17:20:00,3.6
2020-02-28 17:30:00,3.43
2020-02-28 17:40:00,3.29
2020-02-28 17:50:00,3.15
2020-02-28 18:00:00,2.99
2020-02-28 18:10:00,2.9
2020-02-28 18:20:00,2.79
2020-02-28 18:30:00,2.46
2020-02-28 18:40:00,2.3
2020-02-28 18:50:00,2.23
2020-02-28 19:00:00,2.16
2020-02-28 19:10:00,1.86
2020-02-28 19:20:00,1.8
2020-02-28 19:30:00,1.76
2020-02-28 19:40:00,1.63
2020-02-28 19:50:00,1.73
2020-02-28 20:00:00,1.84
2020-02-28 20:10:00,1.96
2020-02-28 20:20:00,2.14
2020-02-28 20:30:00,2.15
2020-02-28 20:40:00,2.2
2020-02-28 20:50:00,2.27
2020-02-28 21:00:00,2.34
2020-02-28 21:10:00,2.4
2020-02-28 21:20:00,2.5
2020-02-28 21:30:00,2.6
2020-02-28 21:40:00,2.65
2020-02-28 21:50:00,2.68
2020-02-28 22:00:00,2.67
2020-02-28 22:10:00,2.73
2020-02-28 22:20:00,2.81
2020-02-28 22:30:00,2.87
2020-02-28 22:40:00,3.14
2020-02-28 22:50:00,3.22
2020-02-28 23:00:00,3.25
2020-02-28 23:10:00,3.75
2020-02-28 23:20:00,4.17
2020-02-28 23:30:00,4.16
2020-02-28 23:40:00,4.08
2020-02-28 23:50:00,3.98
2020-02-29 00:00:00,3.85
2020-02-29 00:10:00,3.7
2020-02-29 00:20:00,2.84
2020-02-29 00:30:00,1.77
2020-02-29 00:40:00,1.22
2020-02-29 00:50:00,0.91
2020-02-29 01:00:00,0.65
2020-02-29 01:10:00,0.34
2020-02-29 01:20:00,0.26
2020-02-29 01:30:00,0.38
2020-02-29 01:40:00,0.51
2020-02-29 01:50:00,0.62
2020-02-29 02:00:00,0.82
2020-02-29 02:10:00,1.0
2020-02-29 02:20:00,1.11
2020-02-29 02:30:00,1.3
2020-02-29 02:40:00,1.47
2020-02-29 02:50:00,1.6
2020-02-29 03:00:00,1.72
2020-02-29 03:10:00,1.82
2020-02-29 03:20:00,1.88
2020-02-29 03:30:00,1.97
2020-02-29 03:40:00,2.1
2020-02-29 03:50:00,2.23
2020-02-29 04:00:00,2.32
2020-02-29 04:10:00,2.38
2020-02-29 04:20:00,2.51
2020-02-29 04:30:00,2.61
2020-02-29 04:40:00,2.69
2020-02-29 04:50:00,2.68
2020-02-29 05:00:00,2.72
2020-02-29 05:10:00,2.79
2020-02-29 05:20:00,2.9
2020-02-29 05:30:00,3.05
2020-02-29 05:40:00,3.1
2020-02-29 05:50:00,3.19
2020-02-29 06:00:00,3.34
2020-02-29 06:10:00,3.51
2020-02-29 06:20:00,3.53
2020-02-29 06:30:00,3.47
2020-02-29 06:40:00,3.44
2020-02-29 06:50:00,3.35
2020-02-29 07:00:00,3.33
2020-02-29 07:10:00,3.35
2020-02-29 07:20:00,3.4
2020-02-29 07:30:00,3.5
2020-02-29 07:40:00,3.61
2020-02-29 07:50:00,3.78
2020-02-29 08:00:00,3.94
2020-02-29 08:10:00,4.03
2020-02-29 08:20:00,4.11
2020-02-29 08:30:00,4.21
2020-02-29 08:40:00,4.27
2020-02-29 08:50:00,4.34
2020-02-29 09:00:00,4.4
2020-02-29 09:10:00,4.35
2020-02-29 09:20:00,4.38
2020-02-29 09:30:00,4.53
2020-02-29 09:40:00,4.76
2020-02-29 09:50:00,5.19
2020-02-29 10:00:00,5.71
2020-02-29 10:10:00,6.14
2020-02-29 10:20:00,6.47
2020-02-29 10:30:00,6.74
2020-02-29 10:40:00,7.04
2020-02-29 10:50:00,7.2
2020-02-29 11:00:00,7.59
2020-02-29 11:10:00,7.72
2020-02-29 11:20:00,7.72
2020-02-29 11:30:00,7.63
2020-02-29 11:40:00,7.54
2020-02-29 11:50:00,7.54
2020-02-29 12:00:00,7.74
2020-02-29 12:10:00,7.98
2020-02-29 12:20:00,8.2
2020-02-29 12:30:00,8.64
2020-02-29 12:40:00,8.75
2020-02-29 12:50:00,8.89
2020-02-29 13:00:00,9.05
2020-02-29 13:10:00,9.46
2020-02-29 13:20:00,9.69
2020-02-29 13:30:00,9.79
2020-02-29 13:40:00,9.94
2020-02-29 13:50:00,10.01
2020-02-29 14:00:00,10.12
2020-02-29 14:10:00,10.15
2020-02-29 14:20:00,10.23
2020-02-29 14:30:00,10.49
2020-02-29 14:40:00,11.02
2020-02-29 14:50:00,10.99
2020-02-29 15:00:00,10.81
2020-02-29 15:10:00,10.71
2020-02-29 15:20:00,10.7
2020-02-29 15:30:00,10.75
2020-02-29 15:40:00,11.0
2020-02-29 15:50:00,11.1
2020-02-29 16:00:00,10.99
2020-02-29 16:10:00,10.87
2020-02-29 16:20:00,10.86
2020-02-29 16:30:00,10.81
2020-02-29 16:40:00,10.86
2020-02-29 16:50:00,10.88
2020-02-29 17:00:00,10.95
2020-02-29 17:10:00,11.05
2020-02-29 17:20:00,11.01
2020-02-29 17:30:00,10.83
2020-02-29 17:40:00,10.53
2020-02-29 17:50:00,10.19
2020-02-29 18:00:00,9.99
2020-02-29 18:10:00,9.92
2020-02-29 18:20:00,9.87
2020-02-29 18:30:00,9.85
2020-02-29 18:40:00,9.95
2020-02-29 18:50:00,9.95
2020-02-29 19:00:00,10.02
2020-02-29 19:10:00,10.24
2020-02-29 19:20:00,10.32
2020-02-29 19:30:00,9.96
2020-02-29 19:40:00,9.38
2020-02-29 19:50:00,8.77
2020-02-29 20:00:00,8.21
2020-02-29 20:10:00,7.94
2020-02-29 20:20:00,7.94
2020-02-29 20:30:00,7.94
2020-02-29 20:40:00,8.0
2020-02-29 20:50:00,7.97
2020-02-29 21:00:00,8.03
2020-02-29 21:10:00,8.13
2020-02-29 21:20:00,8.14
2020-02-29 21:30:00,8.05
2020-02-29 21:40:00,7.98
2020-02-29 21:50:00,7.9
2020-02-29 22:00:00,7.71
2020-02-29 22:10:00,7.49
2020-02-29 22:20:00,7.43
2020-02-29 22:30:00,7.22
2020-02-29 22:40:00,7.01
2020-02-29 22:50:00,6.85
2020-02-29 23:00:00,6.63
2020-02-29 23:10:00,6.32
2020-02-29 23:20:00,6.01
2020-02-29 23:30:00,5.79
2020-02-29 23:40:00,5.85
2020-02-29 23:50:00,5.86
2020-03-01 00:00:00,5.85
2020-03-01 00:10:00,5.8
2020-03-01 00:20:00,5.67
2020-03-01 00:30:00,5.5
2020-03-01 00:40:00,5.31
2020-03-01 00:50:00,5.36
2020-03-01 01:00:00,5.5
2020-03-01 01:10:00,5.69
2020-03-01 01:20:00,5.63
2020-03-01 01:30:00,5.56
2020-03-01 01:40:00,5.5
2020-03-01 01:50:00,5.62
2020-03-01 02:00:00,5.59
2020-03-01 02:10:00,5.46
2020-03-01 02:20:00,5.38
2020-03-01 02:30:00,5.34
2020-03-01 02:40:00,5.33
2020-03-01 02:50:00,5.22
2020-03-01 03:00:00,4.86
2020-03-01 03:10:00,4.81
2020-03-01 03:20:00,5.09
2020-03-01 03:30:00,5.44
2020-03-01 03:40:00,5.57
2020-03-01 03:50:00,5.67
2020-03-01 04:00:00,5.66
2020-03-01 04:10:00,5.66
2020-03-01 04:20:00,5.8
2020-03-01 04:30:00,5.99
2020-03-01 04:40:00,5.88
2020-03-01 04:50:00,5.82
2020-03-01 05:00:00,5.89
2020-03-01 05:10:00,5.98
2020-03-01 05:20:00,6.2
2020-03-01 05:30:00,6.24
2020-03-01 05:40:00,6.18
2020-03-01 05:50:00,6.15
2020-03-01 06:00:00,6.22
2020-03-01 06:10:00,6.3
2020-03-01 06:20:00,6.44
2020-03-01 06:30:00,6.47
2020-03-01 06:40:00,6.39
2020-03-01 06:50:00,6.39
2020-03-01 07:00:00,6.01
2020-03-01 07:10:00,6.06
2020-03-01 07:20:00,6.22
2020-03-01 07:30:00,6.5
2020-03-01 07:40:00,6.72
2020-03-01 07:50:00,6.82
2020-03-01 08:00:00,6.98
2020-03-01 08:10:00,7.03
2020-03-01 08:20:00,7.17
2020-03-01 08:30:00,7.5
2020-03-01 08:40:00,7.61
2020-03-01 08:50:00,7.24
2020-03-01 09:00:00,7.14
2020-03-01 09:10:00,7.33
2020-03-01 09:20:00,7.39
2020-03-01 09:30:00,7.32
2020-03-01 09:40:00,7.44
2020-03-01 09:50:00,7.6
2020-03-01 10:00:00,7.72
2020-03-01 10:10:00,7.74
2020-03-01 10:20:00,7.88
2020-03-01 10:30:00,7.89
2020-03-01 10:40:00,7.63
2020-03-01 10:50:00,7.3
2020-03-01 11:00:00,7.63
2020-03-01 11:10:00,8.15
2020-03-01 11:20:00,8.59
2020-03-01 11:30:00,8.87
2020-03-01 11:40:00,8.85
2020-03-01 11:50:00,8.84
2020-03-01 12:00:00,8.76
2020-03-01 12:10:00,8.83
2020-03-01 12:20:00,9.3
2020-03-01 12:30:00,9.53
2020-03-01 12:40:00,9.49
2020-03-01 12:50:00,9.72
2020-03-01 13:00:00,9.96
2020-03-01 13:10:00,9.62
2020-03-01 13:20:00,9.84
2020-03-01 13:30:00,9.82
2020-03-01 13:40:00,10.02
2020-03-01 13:50:00,10.21
2020-03-01 14:00:00,10.32
2020-03-01 14:10:00,10.44
2020-03-01 14:20:00,10.51
2020-03-01 14:30:00,10.42
2020-03-01 14:40:00,10.5
2020-03-01 14:50:00,10.47
2020-03-01 15:00:00,10.78
2020-03-01 15:10:00,10.88
2020-03-01 15:20:00,10.73
2020-03-01 15:30:00,10.67
2020-03-01 15:40:00,10.45
2020-03-01 15:50:00,10.56
2020-03-01 16:00:00,10.47
2020-03-01 16:10:00,10.12
2020-03-01 16:20:00,10.12
2020-03-01 16:30:00,9.95
2020-03-01 16:40:00,9.79
2020-03-01 16:50:00,9.71
2020-03-01 17:00:00,9.61
2020-03-01 17:10:00,9.5
2020-03-01 17:20:00,9.38
2020-03-01 17:30:00,9.24
2020-03-01 17:40:00,9.1
2020-03-01 17:50:00,8.92
2020-03-01 18:00:00,8.8
2020-03-01 18:10:00,8.62
2020-03-01 18:20:00,8.33
2020-03-01 18:30:00,8.15
2020-03-01 18:40:00,7.92
2020-03-01 18:50:00,7.73
2020-03-01 19:00:00,7.62
2020-03-01 19:10:00,7.58
2020-03-01 19:20:00,7.55
2020-03-01 19:30:00,7.6
2020-03-01 19:40:00,7.52
2020-03-01 19:50:00,7.33
2020-03-01 20:00:00,7.17
2020-03-01 20:10:00,6.4
2020-03-01 20:20:00,6.07
2020-03-01 20:30:00,5.93
2020-03-01 20:40:00,5.72
2020-03-01 20:50:00,5.75
2020-03-01 21:00:00,5.96
2020-03-01 21:10:00,5.84
2020-03-01 21:20:00,5.9
2020-03-01 21:30:00,6.01
2020-03-01 21:40:00,5.99
2020-03-01 21:50:00,5.91
2020-03-01 22:00:00,5.94
2020-03-01 22:10:00,5.88
2020-03-01 22:20:00,5.83
2020-03-01 22:30:00,5.89
2020-03-01 22:40:00,5.93
2020-03-01 22:50:00,5.94
2020-03-01 23:00:00,6.0
2020-03-01 23:10:00,6.15
2020-03-01 23:20:00,6.61
2020-03-01 23:30:00,6.99
2020-03-01 23:40:00,6.86
2020-03-01 23:50:00,6.46
2020-03-02 00:00:00,6.14
2020-03-02 00:10:00,6.2
2020-03-02 00:20:00,6.66
2020-03-02 00:30:00,7.03
2020-03-02 00:40:00,7.13
2020-03-02 00:50:00,7.08
2020-03-02 01:00:00,7.07
2020-03-02 01:10:00,7.07
2020-03-02 01:20:00,7.04
2020-03-02 01:30:00,7.0
2020-03-02 01:40:00,7.01
2020-03-02 01:50:00,6.93
2020-03-02 02:00:00,6.87
2020-03-02 02:10:00,6.86
2020-03-02 02:20:00,6.94
2020-03-02 02:30:00,7.17
2020-03-02 02:40:00,7.19
2020-03-02 02:50:00,6.84
2020-03-02 03:00:00,6.43
2020-03-02 03:10:00,6.09
2020-03-02 03:20:00,5.85
2020-03-02 03:30:00,5.6
2020-03-02 03:40:00,5.34
2020-03-02 03:50:00,5.15
2020-03-02 04:00:00,5.07
2020-03-02 04:10:00,4.97
2020-03-02 04:20:00,4.81
2020-03-02 04:30:00,4.71
2020-03-02 04:40:00,4.61
2020-03-02 04:50:00,4.57
2020-03-02 05:00:00,4.44
2020-03-02 05:10:00,4.35
2020-03-02 05:20:00,4.27
2020-03-02 05:30:00,4.1
2020-03-02 05:40:00,3.73
2020-03-02 05:50:00,3.11
2020-03-02 06:00:00,2.83
2020-03-02 06:10:00,2.97
2020-03-02 06:20:00,3.08
2020-03-02 06:30:00,3.24
2020-03-02 06:40:00,3.31
2020-03-02 06:50:00,3.34
2020-03-02 07:00:00,3.32
2020-03-02 07:10:00,3.25
2020-03-02 07:20:00,3.15
2020-03-02 07:30:00,2.99
2020-03-02 07:40:00,3.15
2020-03-02 07:50:00,3.89
2020-03-02 08:00:00,4.22
2020-03-02 08:10:00,4.51
2020-03-02 08:20:00,4.65
2020-03-02 08:30:00,4.75
2020-03-02 08:40:00,4.65
2020-03-02 08:50:00,5.12
2020-03-02 09:00:00,5.12
2020-03-02 09:10:00,5.06
2020-03-02 09:20:00,5.07
2020-03-02 09:30:00,4.96
2020-03-02 09:40:00,5.16
2020-03-02 09:50:00,5.51
2020-03-02 10:00:00,5.42
2020-03-02 10:10:00,5.54
2020-03-02 10:20:00,5.66
2020-03-02 10:30:00,5.72
2020-03-02 10:40:00,5.82
2020-03-02 10:50:00,5.68
2020-03-02 11:00:00,5.48
2020-03-02 11:10:00,5.9
2020-03-02 11:20:00,6.18
2020-03-02 11:30:00,6.39
2020-03-02 11:40:00,6.97
2020-03-02 11:50:00,7.16
2020-03-02 12:00:00,7.65
2020-03-02 12:10:00,7.91
2020-03-02 12:20:00,8.12
2020-03-02 12:30:00,8.25
2020-03-02 12:40:00,8.11
2020-03-02 12:50:00,8.11
2020-03-02 13:00:00,8.68
2020-03-02 13:10:00,9.09
2020-03-02 13:20:00,8.89
2020-03-02 13:30:00,9.01
2020-03-02 13:40:00,9.23
2020-03-02 13:50:00,9.43
2020-03-02 14:00:00,9.65
2020-03-02 14:10:00,9.7
2020-03-02 14:20:00,9.65
2020-03-02 14:30:00,9.66
2020-03-02 14:40:00,9.57
2020-03-02 14:50:00,9.65
2020-03-02 15:00:00,9.85
2020-03-02 15:10:00,10.2
2020-03-02 15:20:00,10.24
2020-03-02 15:30:00,10.22
2020-03-02 15:40:00,10.43
2020-03-02 15:50:00,10.3
2020-03-02 16:00:00,10.25
2020-03-02 16:10:00,10.23
2020-03-02 16:20:00,10.11
2020-03-02 16:30:00,9.97
2020-03-02 16:40:00,9.93
2020-03-02 16:50:00,9.99
2020-03-02 17:00:00,10.01
2020-03-02 17:10:00,9.96
2020-03-02 17:20:00,9.77
2020-03-02 17:30:00,9.7
2020-03-02 17:40:00,9.56
2020-03-02 17:50:00,9.47
2020-03-02 18:00:00,9.2
2020-03-02 18:10:00,9.05
2020-03-02 18:20:00,8.93
2020-03-02 18:30:00,8.77
2020-03-02 18:40:00,8.64
2020-03-02 18:50:00,8.32
2020-03-02 19:00:00,8.14
2020-03-02 19:10:00,8.13
2020-03-02 19:20:00,7.98
2020-03-02 19:30:00,7.8
2020-03-02 19:40:00,7.65
2020-03-02 19:50:00,7.45
2020-03-02 20:00:00,7.31
2020-03-02 20:10:00,7.26
2020-03-02 20:20:00,7.15
2020-03-02 20:30:00,7.13
2020-03-02 20:40:00,6.91
2020-03-02 20:50:00,6.63
2020-03-02 21:00:00,6.6
2020-03-02 21:10:00,6.88
2020-03-02 21:20:00,6.97
2020-03-02 21:30:00,6.79
2020-03-02 21:40:00,6.48
2020-03-02 21:50:00,6.08
2020-03-02 22:00:00,6.14
2020-03-02 22:10:00,6.26
2020-03-02 22:20:00,6.19
2020-03-02 22:30:00,6.0
2020-03-02 22:40:00,6.08
2020-03-02 22:50:00,6.24
2020-03-02 23:00:00,6.5
2020-03-02 23:10:00,6.61
2020-03-02 23:20:00,6.54
2020-03-02 23:30:00,6.23
2020-03-02 23:40:00,6.06
2020-03-02 23:50:00,5.98
2020-03-03 00:00:00,5.75
2020-03-03 00:10:00,5.66
2020-03-03 00:20:00,5.76
2020-03-03 00:30:00,5.83
2020-03-03 00:40:00,5.99
2020-03-03 00:50:00,6.32
2020-03-03 01:00:00,6.39
2020-03-03 01:10:00,6.04
2020-03-03 01:20:00,5.99
2020-03-03 01:30:00,5.88
2020-03-03 01:40:00,5.89
2020-03-03 01:50:00,5.62
2020-03-03 02:00:00,5.52
2020-03-03 02:10:00,5.49
2020-03-03 02:20:00,5.58
2020-03-03 02:30:00,5.76
2020-03-03 02:40:00,5.71
2020-03-03 02:50:00,5.61
2020-03-03 03:00:00,5.47
2020-03-03 03:10:00,5.26
2020-03-03 03:20:00,5.19
2020-03-03 03:30:00,5.1
2020-03-03 03:40:00,5.06
2020-03-03 03:50:00,5.02
2020-03-03 04:00:00,4.92
2020-03-03 04:10:00,4.9
2020-03-03 04:20:00,4.74
2020-03-03 04:30:00,4.73
2020-03-03 04:40:00,4.74
2020-03-03 04:50:00,4.69
2020-03-03 05:00:00,4.57
2020-03-03 05:10:00,4.49
2020-03-03 05:20:00,4.34
2020-03-03 05:30:00,4.2
2020-03-03 05:40:00,4.14
2020-03-03 05:50:00,4.18
2020-03-03 06:00:00,4.18
2020-03-03 06:10:00,4.14
2020-03-03 06:20:00,4.14
2020-03-03 06:30:00,4.14
2020-03-03 06:40:00,4.14
2020-03-03 06:50:00,4.17
2020-03-03 07:00:00,4.22
2020-03-03 07:10:00,4.27
2020-03-03 07:20:00,4.27
2020-03-03 07:30:00,4.32
2020-03-03 07:40:00,4.34
2020-03-03 07:50:00,4.34
2020-03-03 08:00:00,4.3
2020-03-03 08:10:00,4.31
2020-03-03 08:20:00,4.34
2020-03-03 08:30:00,4.27
2020-03-03 08:40:00,4.17
2020-03-03 08:50:00,4.1
2020-03-03 09:00:00,4.12
2020-03-03 09:10:00,4.14
2020-03-03 09:20:00,4.14
2020-03-03 09:30:00,4.14
2020-03-03 09:40:00,4.12
2020-03-03 09:50:00,4.03
2020-03-03 10:00:00,4.19
2020-03-03 10:10:00,4.27
2020-03-03 10:20:00,4.3
2020-03-03 10:30:00,4.23
2020-03-03 10:40:00,4.33
2020-03-03 10:50:00,4.23
2020-03-03 11:00:00,3.93
2020-03-03 11:10:00,3.83
2020-03-03 11:20:00,4.06
2020-03-03 11:30:00,4.14
2020-03-03 11:40:00,4.03
2020-03-03 11:50:00,4.34
2020-03-03 12:00:00,4.83
2020-03-03 12:10:00,5.01
2020-03-03 12:20:00,5.1
2020-03-03 12:30:00,5.26
2020-03-03 12:40:00,5.58
2020-03-03 12:50:00,5.75
2020-03-03 13:00:00,5.91
2020-03-03 13:10:00,5.66
2020-03-03 13:20:00,5.92
2020-03-03 13:30:00,6.18
2020-03-03 13:40:00,6.69
2020-03-03 13:50:00,6.36
2020-03-03 14:00:00,6.22
2020-03-03 14:10:00,6.2
2020-03-03 14:20:00,6.21
2020-03-03 14:30:00,6.49
2020-03-03 14:40:00,7.15
2020-03-03 14:50:00,7.66
2020-03-03 15:00:00,7.15
2020-03-03 15:10:00,6.99
2020-03-03 15:20:00,7.72
2020-03-03 15:30:00,8.0
2020-03-03 15:40:00,7.78
2020-03-03 15:50:00,7.28
2020-03-03 16:00:00,6.87
2020-03-03 16:10:00,6.61
2020-03-03 16:20:00,6.43
2020-03-03 16:30:00,6.0
2020-03-03 16:40:00,5.43
2020-03-03 16:50:00,5.19
2020-03-03 17:00:00,5.0
2020-03-03 17:10:00,4.64
2020-03-03 17:20:00,4.4
2020-03-03 17:30:00,4.34
2020-03-03 17:40:00,4.37
2020-03-03 17:50:00,4.46
2020-03-03 18:00:00,4.57
2020-03-03 18:10:00,4.53
2020-03-03 18:20:00,4.38
2020-03-03 18:30:00,4.32
2020-03-03 18:40:00,4.27
2020-03-03 18:50:00,4.15
2020-03-03 19:00:00,3.88
2020-03-03 19:10:00,3.65
2020-03-03 19:20:00,3.45
2020-03-03 19:30:00,3.28
2020-03-03 19:40:00,3.13
2020-03-03 19:50:00,3.19
2020-03-03 20:00:00,3.11
2020-03-03 20:10:00,3.03
2020-03-03 20:20:00,3.09
2020-03-03 20:30:00,3.02
2020-03-03 20:40:00,3.04
2020-03-03 20:50:00,3.0
2020-03-03 21:00:00,3.21
2020-03-03 21:10:00,3.29
2020-03-03 21:20:00,2.86
2020-03-03 21:30:00,2.69
2020-03-03 21:40:00,2.6
2020-03-03 21:50:00,2.52
2020-03-03 22:00:00,2.47
2020-03-03 22:10:00,2.41
2020-03-03 22:20:00,2.43
2020-03-03 22:30:00,2.14
2020-03-03 22:40:00,2.01
2020-03-03 22:50:00,1.95
2020-03-03 23:00:00,1.78
2020-03-03 23:10:00,1.5
2020-03-03 23:20:00,1.22
2020-03-03 23:30:00,0.97
2020-03-03 23:40:00,0.86
2020-03-03 23:50:00,0.74
2020-03-04 00:00:00,0.57
2020-03-04 00:10:00,0.55
2020-03-04 00:20:00,0.49
2020-03-04 00:30:00,0.26
2020-03-04 00:40:00,-0.03
2020-03-04 00:50:00,0.02
2020-03-04 01:00:00,-0.2
2020-03-04 01:10:00,-0.27
2020-03-04 01:20:00,-0.37
2020-03-04 01:30:00,-0.44
2020-03-04 01:40:00,-0.5
2020-03-04 01:50:00,-0.42
2020-03-04 02:00:00,-0.52
2020-03-04 02:10:00,-0.61
2020-03-04 02:20:00,-0.77
2020-03-04 02:30:00,-0.99
2020-03-04 02:40:00,-1.0
2020-03-04 02:50:00,-0.92
2020-03-04 03:00:00,-0.84
2020-03-04 03:10:00,-0.86
2020-03-04 03:20:00,-0.94
2020-03-04 03:30:00,-1.12
2020-03-04 03:40:00,-1.05
2020-03-04 03:50:00,-1.1
2020-03-04 04:00:00,-1.18
2020-03-04 04:10:00,-1.03
2020-03-04 04:20:00,-1.0
2020-03-04 04:30:00,-1.11
2020-03-04 04:40:00,-1.26
2020-03-04 04:50:00,-1.36
2020-03-04 05:00:00,-1.34
2020-03-04 05:10:00,-1.44
2020-03-04 05:20:00,-1.5
2020-03-04 05:30:00,-1.55
2020-03-04 05:40:00,-1.4
2020-03-04 05:50:00,-1.38
2020-03-04 06:00:00,-1.41
2020-03-04 06:10:00,-1.33
2020-03-04 06:20:00,-1.41
2020-03-04 06:30:00,-1.51
2020-03-04 06:40:00,-1.54
2020-03-04 06:50:00,-1.56
2020-03-04 07:00:00,-1.53
2020-03-04 07:10:00,-1.48
2020-03-04 07:20:00,-1.46
2020-03-04 07:30:00,-1.47
2020-03-04 07:40:00,-1.34
2020-03-04 07:50:00,-1.0
2020-03-04 08:00:00,-0.65
2020-03-04 08:10:00,-0.52
2020-03-04 08:20:00,-0.25
2020-03-04 08:30:00,-0.2
2020-03-04 08:40:00,-0.03
2020-03-04 08:50:00,0.26
2020-03-04 09:00:00,0.3
2020-03-04 09:10:00,0.31
2020-03-04 09:20:00,0.46
2020-03-04 09:30:00,0.9
2020-03-04 09:40:00,1.33
2020-03-04 09:50:00,1.57
2020-03-04 10:00:00,1.84
2020-03-04 10:10:00,2.54
2020-03-04 10:20:00,3.86
2020-03-04 10:30:00,4.45
2020-03-04 10:40:00,4.55
2020-03-04 10:50:00,4.59
2020-03-04 11:00:00,4.83
2020-03-04 11:10:00,5.18
2020-03-04 11:20:00,5.66
2020-03-04 11:30:00,5.43
2020-03-04 11:40:00,5.45
2020-03-04 11:50:00,5.85
2020-03-04 12:00:00,5.81
2020-03-04 12:10:00,5.88
2020-03-04 12:20:00,5.79
2020-03-04 12:30:00,5.89
2020-03-04 12:40:00,6.12
2020-03-04 12:50:00,6.1
2020-03-04 13:00:00,6.02
2020-03-04 13:10:00,6.08
2020-03-04 13:20:00,5.83
2020-03-04 13:30:00,5.74
2020-03-04 13:40:00,5.69
2020-03-04 13:50:00,5.33
2020-03-04 14:00:00,5.23
2020-03-04 14:10:00,5.39
2020-03-04 14:20:00,5.45
2020-03-04 14:30:00,5.37
2020-03-04 14:40:00,5.32
2020-03-04 14:50:00,5.24
2020-03-04 15:00:00,5.29
2020-03-04 15:10:00,5.39
2020-03-04 15:20:00,5.35
2020-03-04 15:30:00,5.34
2020-03-04 15:40:00,5.43
2020-03-04 15:50:00,5.41
2020-03-04 16:00:00,5.35
2020-03-04 16:10:00,5.42
2020-03-04 16:20:00,5.47
2020-03-04 16:30:00,5.45
2020-03-04 16:40:00,5.45
2020-03-04 16:50:00,5.43
2020-03-04 17:00:00,5.54
2020-03-04 17:10:00,5.59
2020-03-04 17:20:00,5.43
2020-03-04 17:30:00,5.2
2020-03-04 17:40:00,5.09
2020-03-04 17:50:00,4.91
2020-03-04 18:00:00,4.69
2020-03-04 18:10:00,4.42
2020-03-04 18:20:00,4.18
2020-03-04 18:30:00,3.95
2020-03-04 18:40:00,3.76
2020-03-04 18:50:00,3.66
2020-03-04 19:00:00,3.36
2020-03-04 19:10:00,3.5
2020-03-04 19:20:00,3.78
2020-03-04 19:30:00,3.69
2020-03-04 19:40:00,3.57
2020-03-04 19:50:00,3.39
2020-03-04 20:00:00,3.26
2020-03-04 20:10:00,3.03
2020-03-04 20:20:00,2.66
2020-03-04 20:30:00,2.58
2020-03-04 20:40:00,2.4
2020-03-04 20:50:00,2.38
2020-03-04 21:00:00,2.32
2020-03-04 21:10:00,2.1
2020-03-04 21:20:00,1.99
2020-03-04 21:30:00,1.91
2020-03-04 21:40:00,1.81
2020-03-04 21:50:00,1.72
2020-03-04 22:00:00,1.55
2020-03-04 22:10:00,1.4
2020-03-04 22:20:00,1.27
2020-03-04 22:30:00,1.19
2020-03-04 22:40:00,1.2
2020-03-04 22:50:00,1.09
2020-03-04 23:00:00,1.12
2020-03-04 23:10:00,1.13
2020-03-04 23:20:00,1.09
2020-03-04 23:30:00,1.03
2020-03-04 23:40:00,0.97
2020-03-04 23:50:00,1.11
2020-03-05 00:00:00,1.2
2020-03-05 00:10:00,1.11
2020-03-05 00:20:00,0.91
2020-03-05 00:30:00,0.83
2020-03-05 00:40:00,0.88
2020-03-05 00:50:00,0.94
2020-03-05 01:00:00,0.84
2020-03-05 01:10:00,0.57
2020-03-05 01:20:00,0.45
2020-03-05 01:30:00,0.32
2020-03-05 01:40:00,0.06
2020-03-05 01:50:00,0.01
2020-03-05 02:00:00,-0.06
2020-03-05 02:10:00,-0.06
2020-03-05 02:20:00,-0.16
2020-03-05 02:30:00,-0.31
2020-03-05 02:40:00,-0.32
2020-03-05 02:50:00,-0.19
2020-03-05 03:00:00,-0.03
2020-03-05 03:10:00,0.14
2020-03-05 03:20:00,0.17
2020-03-05 03:30:00,0.25
2020-03-05 03:40:00,0.39
2020-03-05 03:50:00,0.17
2020-03-05 04:00:00,0.3
2020-03-05 04:10:00,0.32
2020-03-05 04:20:00,0.09
2020-03-05 04:30:00,-0.02
2020-03-05 04:40:00,-0.12
2020-03-05 04:50:00,-0.41
2020-03-05 05:00:00,-0.61
2020-03-05 05:10:00,-0.7
2020-03-05 05:20:00,-0.82
2020-03-05 05:30:00,-0.88
2020-03-05 05:40:00,-0.86
2020-03-05 05:50:00,-0.9
2020-03-05 06:00:00,-0.97
2020-03-05 06:10:00,-0.98
2020-03-05 06:20:00,-0.98
2020-03-05 06:30:00,-0.92
2020-03-05 06:40:00,-0.79
2020-03-05 06:50:00,-0.79
2020-03-05 07:00:00,-1.07
2020-03-05 07:10:00,-1.48
2020-03-05 07:20:00,-1.7
2020-03-05 07:30:00,-1.59
2020-03-05 07:40:00,-1.42
2020-03-05 07:50:00,-1.1
2020-03-05 08:00:00,-0.42
2020-03-05 08:10:00,-0.1
2020-03-05 08:20:00,0.05
2020-03-05 08:30:00,0.3
2020-03-05 08:40:00,0.33
2020-03-05 08:50:00,0.66
2020-03-05 09:00:00,0.94
2020-03-05 09:10:00,1.34
2020-03-05 09:20:00,2.08
2020-03-05 09:30:00,2.8
2020-03-05 09:40:00,3.59
2020-03-05 09:50:00,3.85
2020-03-05 10:00:00,4.94
2020-03-05 10:10:00,4.62
2020-03-05 10:20:00,4.57
2020-03-05 10:30:00,4.84
2020-03-05 10:40:00,5.29
2020-03-05 10:50:00,5.71
2020-03-05 11:00:00,6.18
2020-03-05 11:10:00,6.74
2020-03-05 11:20:00,7.18
2020-03-05 11:30:00,7.5
2020-03-05 11:40:00,7.68
2020-03-05 11:50:00,7.56
2020-03-05 12:00:00,7.85
2020-03-05 12:10:00,7.95
2020-03-05 12:20:00,8.17
2020-03-05 12:30:00,8.37
2020-03-05 12:40:00,8.74
2020-03-05 12:50:00,9.0
2020-03-05 13:00:00,9.22
2020-03-05 13:10:00,9.46
2020-03-05 13:20:00,9.37
2020-03-05 13:30:00,9.54
2020-03-05 13:40:00,9.61
2020-03-05 13:50:00,9.71
2020-03-05 14:00:00,9.66
2020-03-05 14:10:00,9.8
2020-03-05 14:20:00,9.96
2020-03-05 14:30:00,9.71
2020-03-05 14:40:00,9.58
2020-03-05 14:50:00,9.52
2020-03-05 15:00:00,9.45
2020-03-05 15:10:00,9.17
2020-03-05 15:20:00,8.98
2020-03-05 15:30:00,8.82
2020-03-05 15:40:00,8.59
2020-03-05 15:50:00,8.39
2020-03-05 16:00:00,8.42
2020-03-05 16:10:00,8.43
2020-03-05 16:20:00,8.47
2020-03-05 16:30:00,8.47
2020-03-05 16:40:00,8.45
2020-03-05 16:50:00,8.47
2020-03-05 17:00:00,8.47
2020-03-05 17:10:00,8.47
2020-03-05 17:20:00,8.48
2020-03-05 17:30:00,8.45
2020-03-05 17:40:00,8.36
2020-03-05 17:50:00,8.23
2020-03-05 18:00:00,8.17
2020-03-05 18:10:00,8.1
2020-03-05 18:20:00,8.02
2020-03-05 18:30:00,7.91
2020-03-05 18:40:00,7.87
2020-03-05 18:50:00,7.78
2020-03-05 19:00:00,7.74
2020-03-05 19:10:00,7.67
2020-03-05 19:20:00,7.67
2020-03-05 19:30:00,7.69
2020-03-05 19:40:00,7.32
2020-03-05 19:50:00,6.69
2020-03-05 20:00:00,6.06
2020-03-05 20:10:00,5.72
2020-03-05 20:20:00,5.58
2020-03-05 20:30:00,5.47
2020-03-05 20:40:00,5.39
2020-03-05 20:50:00,5.33
2020-03-05 21:00:00,5.2
2020-03-05 21:10:00,5.07
2020-03-05 21:20:00,4.95
2020-03-05 21:30:00,4.93
2020-03-05 21:40:00,4.82
2020-03-05 21:50:00,4.76
2020-03-05 22:00:00,4.7
2020-03-05 22:10:00,4.65
2020-03-05 22:20:00,4.59
2020-03-05 22:30:00,4.55
2020-03-05 22:40:00,4.56
2020-03-05 22:50:00,4.62
2020-03-05 23:00:00,4.61
2020-03-05 23:10:00,4.6
2020-03-05 23:20:00,4.58
2020-03-05 23:30:00,4.55
2020-03-05 23:40:00,4.59
2020-03-05 23:50:00,4.56
2020-03-06 00:00:00,4.52
2020-03-06 00:10:00,4.47
2020-03-06 00:20:00,4.47
2020-03-06 00:30:00,4.45
2020-03-06 00:40:00,4.4
2020-03-06 00:50:00,4.38
2020-03-06 01:00:00,4.39
2020-03-06 01:10:00,4.37
2020-03-06 01:20:00,4.33
2020-03-06 01:30:00,4.27
2020-03-06 01:40:00,4.21
2020-03-06 01:50:00,4.23
2020-03-06 02:00:00,4.25
2020-03-06 02:10:00,4.2
2020-03-06 02:20:00,4.12
2020-03-06 02:30:00,4.24
2020-03-06 02:40:00,4.38
2020-03-06 02:50:00,4.47
2020-03-06 03:00:00,4.63
2020-03-06 03:10:00,4.66
2020-03-06 03:20:00,4.68
2020-03-06 03:30:00,4.62
2020-03-06 03:40:00,4.54
2020-03-06 03:50:00,4.54
2020-03-06 04:00:00,4.83
2020-03-06 04:10:00,5.01
2020-03-06 04:20:00,5.01
2020-03-06 04:30:00,5.06
2020-03-06 04:40:00,5.07
2020-03-06 04:50:00,5.12
2020-03-06 05:00:00,5.21
2020-03-06 05:10:00,5.2
2020-03-06 05:20:00,5.2
2020-03-06 05:30:00,5.22
2020-03-06 05:40:00,5.37
2020-03-06 05:50:00,5.64
2020-03-06 06:00:00,5.83
2020-03-06 06:10:00,5.93
2020-03-06 06:20:00,5.9
2020-03-06 06:30:00,5.84
2020-03-06 06:40:00,5.9
2020-03-06 06:50:00,6.01
2020-03-06 07:00:00,6.08
2020-03-06 07:10:00,6.34
2020-03-06 07:20:00,6.67
2020-03-06 07:30:00,6.79
2020-03-06 07:40:00,6.81
2020-03-06 07:50:00,6.78
2020-03-06 08:00:00,6.83
2020-03-06 08:10:00,6.9
2020-03-06 08:20:00,6.98
2020-03-06 08:30:00,7.08
2020-03-06 08:40:00,7.01
2020-03-06 08:50:00,7.03
2020-03-06 09:00:00,7.13
2020-03-06 09:10:00,7.22
2020-03-06 09:20:00,7.38
2020-03-06 09:30:00,7.43
2020-03-06 09:40:00,7.45
2020-03-06 09:50:00,7.44
2020-03-06 10:00:00,7.39
2020-03-06 10:10:00,7.42
2020-03-06 10:20:00,7.58
2020-03-06 10:30:00,7.68
2020-03-06 10:40:00,7.89
2020-03-06 10:50:00,7.95
2020-03-06 11:00:00,7.96
2020-03-06 11:10:00,8.01
2020-03-06 11:20:00,7.97
2020-03-06 11:30:00,7.83
2020-03-06 11:40:00,7.75
2020-03-06 11:50:00,7.73
2020-03-06 12:00:00,7.7
2020-03-06 12:10:00,7.49
2020-03-06 12:20:00,7.22
2020-03-06 12:30:00,7.25
2020-03-06 12:40:00,7.21
2020-03-06 12:50:00,7.19
2020-03-06 13:00:00,7.2
2020-03-06 13:10:00,7.21
2020-03-06 13:20:00,7.24
2020-03-06 13:30:00,7.34
2020-03-06 13:40:00,7.27
2020-03-06 13:50:00,7.18
2020-03-06 14:00:00,7.11
2020-03-06 14:10:00,7.13
2020-03-06 14:20:00,7.19
2020-03-06 14:30:00,7.33
2020-03-06 14:40:00,7.44
2020-03-06 14:50:00,7.41
2020-03-06 15:00:00,7.36
2020-03-06 15:10:00,7.19
2020-03-06 15:20:00,6.92
2020-03-06 15:30:00,6.82
2020-03-06 15:40:00,6.84
2020-03-06 15:50:00,6.91
2020-03-06 16:00:00,6.87
2020-03-06 16:10:00,6.74
2020-03-06 16:20:00,6.56
2020-03-06 16:30:00,6.16
2020-03-06 16:40:00,5.87
2020-03-06 16:50:00,5.72
2020-03-06 17:00:00,5.56
2020-03-06 17:10:00,5.31
2020-03-06 17:20:00,4.96
2020-03-06 17:30:00,4.83
2020-03-06 17:40:00,4.85
2020-03-06 17:50:00,4.81
2020-03-06 18:00:00,4.8
2020-03-06 18:10:00,4.78
2020-03-06 18:20:00,4.75
2020-03-06 18:30:00,4.71
2020-03-06 18:40:00,4.62
2020-03-06 18:50:00,4.55
2020-03-06 19:00:00,4.47
2020-03-06 19:10:00,4.38
2020-03-06 19:20:00,4.29
2020-03-06 19:30:00,4.11
2020-03-06 19:40:00,3.89
2020-03-06 19:50:00,3.76
2020-03-06 20:00:00,3.71
2020-03-06 20:10:00,3.74
2020-03-06 20:20:00,3.72
2020-03-06 20:30:00,3.67
2020-03-06 20:40:00,3.63
2020-03-06 20:50:00,3.53
2020-03-06 21:00:00,3.47
2020-03-06 21:10:00,3.45
2020-03-06 21:20:00,3.46
2020-03-06 21:30:00,3.56
2020-03-06 21:40:00,3.63
2020-03-06 21:50:00,3.67
2020-03-06 22:00:00,3.6
2020-03-06 22:10:00,3.53
2020-03-06 22:20:00,3.49
2020-03-06 22:30:00,3.37
2020-03-06 22:40:00,3.28
2020-03-06 22:50:00,3.19
2020-03-06 23:00:00,3.14
2020-03-06 23:10:00,3.11
2020-03-06 23:20:00,3.07
2020-03-06 23:30:00,3.02
2020-03-06 23:40:00,2.95
2020-03-06 23:50:00,2.95
2020-03-07 00:00:00,2.95
2020-03-07 00:10:00,2.94
2020-03-07 00:20:00,2.95
2020-03-07 00:30:00,2.89
2020-03-07 00:40:00,2.84
2020-03-07 00:50:00,2.8
2020-03-07 01:00:00,2.74
2020-03-07 01:10:00,2.73
2020-03-07 01:20:00,2.73
2020-03-07 01:30:00,2.75
2020-03-07 01:40:00,2.78
2020-03-07 01:50:00,2.75
2020-03-07 02:00:00,2.73
2020-03-07 02:10:00,2.71
2020-03-07 02:20:00,2.67
2020-03-07 02:30:00,2.66
2020-03-07 02:40:00,2.61
2020-03-07 02:50:00,2.58
2020-03-07 03:00:00,2.5
2020-03-07 03:10:00,2.46
2020-03-07 03:20:00,2.43
2020-03-07 03:30:00,2.32
2020-03-07 03:40:00,2.15
2020-03-07 03:50:00,1.97
2020-03-07 04:00:00,1.87
2020-03-07 04:10:00,1.92
2020-03-07 04:20:00,2.08
2020-03-07 04:30:00,2.32
2020-03-07 04:40:00,2.46
2020-03-07 04:50:00,2.57
2020-03-07 05:00:00,2.57
2020-03-07 05:10:00,2.59
2020-03-07 05:20:00,2.6
2020-03-07 05:30:00,2.64
2020-03-07 05:40:00,2.76
2020-03-07 05:50:00,2.84
2020-03-07 06:00:00,2.87
2020-03-07 06:10:00,2.86
2020-03-07 06:20:00,2.78
2020-03-07 06:30:00,2.74
2020-03-07 06:40:00,2.68
2020-03-07 06:50:00,2.67
2020-03-07 07:00:00,2.7
2020-03-07 07:10:00,2.74
2020-03-07 07:20:00,2.74
2020-03-07 07:30:00,2.76
2020-03-07 07:40:00,2.8
2020-03-07 07:50:00,2.81
2020-03-07 08:00:00,2.76
2020-03-07 08:10:00,2.81
2020-03-07 08:20:00,2.9
2020-03-07 08:30:00,3.03
2020-03-07 08:40:00,3.21
2020-03-07 08:50:00,3.44
2020-03-07 09:00:00,3.6
2020-03-07 09:10:00,3.75
2020-03-07 09:20:00,3.79
2020-03-07 09:30:00,3.97
2020-03-07 09:40:00,4.52
2020-03-07 09:50:00,4.78
2020-03-07 10:00:00,4.68
2020-03-07 10:10:00,4.83
2020-03-07 10:20:00,5.06
2020-03-07 10:30:00,5.25
2020-03-07 10:40:00,5.61
2020-03-07 10:50:00,5.64
2020-03-07 11:00:00,5.59
2020-03-07 11:10:00,5.42
2020-03-07 11:20:00,5.16
2020-03-07 11:30:00,5.14
2020-03-07 11:40:00,5.25
2020-03-07 11:50:00,5.29
2020-03-07 12:00:00,5.33
2020-03-07 12:10:00,5.73
2020-03-07 12:20:00,5.54
2020-03-07 12:30:00,5.61
2020-03-07 12:40:00,5.61
2020-03-07 12:50:00,5.37
2020-03-07 13:00:00,5.39
2020-03-07 13:10:00,5.36
2020-03-07 13:20:00,5.46
2020-03-07 13:30:00,5.4
2020-03-07 13:40:00,5.41
2020-03-07 13:50:00,5.32
2020-03-07 14:00:00,5.5
2020-03-07 14:10:00,5.37
2020-03-07 14:20:00,5.34
2020-03-07 14:30:00,5.48
2020-03-07 14:40:00,5.1
2020-03-07 14:50:00,4.81
2020-03-07 15:00:00,4.75
2020-03-07 15:10:00,4.98
2020-03-07 15:20:00,5.32
2020-03-07 15:30:00,5.36
2020-03-07 15:40:00,5.34
2020-03-07 15:50:00,5.23
2020-03-07 16:00:00,5.2
2020-03-07 16:10:00,5.15
2020-03-07 16:20:00,5.1
2020-03-07 16:30:00,5.11
2020-03-07 16:40:00,5.17
2020-03-07 16:50:00,5.11
2020-03-07 17:00:00,5.12
2020-03-07 17:10:00,5.08
2020-03-07 17:20:00,5.05
2020-03-07 17:30:00,5.0
2020-03-07 17:40:00,5.0
2020-03-07 17:50:00,4.94
2020-03-07 18:00:00,4.89
2020-03-07 18:10:00,4.87
2020-03-07 18:20:00,4.89
2020-03-07 18:30:00,4.85
2020-03-07 18:40:00,4.75
2020-03-07 18:50:00,4.72
2020-03-07 19:00:00,4.56
2020-03-07 19:10:00,4.46
2020-03-07 19:20:00,4.4
2020-03-07 19:30:00,4.39
2020-03-07 19:40:00,4.37
2020-03-07 19:50:00,4.27
2020-03-07 20:00:00,4.32
2020-03-07 20:10:00,4.29
2020-03-07 20:20:00,4.27
2020-03-07 20:30:00,4.27
2020-03-07 20:40:00,4.27
2020-03-07 20:50:00,4.29
2020-03-07 21:00:00,4.34
2020-03-07 21:10:00,4.34
2020-03-07 21:20:00,4.34
2020-03-07 21:30:00,4.34
2020-03-07 21:40:00,4.31
2020-03-07 21:50:00,4.4
2020-03-07 22:00:00,4.44
2020-03-07 22:10:00,4.36
2020-03-07 22:20:00,4.3
2020-03-07 22:30:00,4.32
2020-03-07 22:40:00,4.29
2020-03-07 22:50:00,4.34
2020-03-07 23:00:00,4.32
2020-03-07 23:10:00,4.31
2020-03-07 23:20:00,4.34
2020-03-07 23:30:00,4.27
2020-03-07 23:40:00,4.24
2020-03-07 23:50:00,4.06
2020-03-08 00:00:00,3.89
2020-03-08 00:10:00,3.67
2020-03-08 00:20:00,3.51
2020-03-08 00:30:00,3.19
2020-03-08 00:40:00,2.98
2020-03-08 00:50:00,2.69
2020-03-08 01:00:00,2.35
2020-03-08 01:10:00,2.22
2020-03-08 01:20:00,2.36
2020-03-08 01:30:00,2.4
2020-03-08 01:40:00,2.29
2020-03-08 01:50:00,2.19
2020-03-08 02:00:00,2.01
2020-03-08 02:10:00,1.79
2020-03-08 02:20:00,1.62
2020-03-08 02:30:00,1.54
2020-03-08 02:40:00,1.45
2020-03-08 02:50:00,1.29
2020-03-08 03:00:00,1.15
2020-03-08 03:10:00,1.06
2020-03-08 03:20:00,0.92
2020-03-08 03:30:00,0.77
2020-03-08 03:40:00,0.63
2020-03-08 03:50:00,0.38
2020-03-08 04:00:00,0.22
2020-03-08 04:10:00,0.14
2020-03-08 04:20:00,-0.03
2020-03-08 04:30:00,-0.07
2020-03-08 04:40:00,-0.13
2020-03-08 04:50:00,-0.19
2020-03-08 05:00:00,-0.19
2020-03-08 05:10:00,-0.14
2020-03-08 05:20:00,-0.11
2020-03-08 05:30:00,-0.14
2020-03-08 05:40:00,-0.06
2020-03-08 05:50:00,0.06
2020-03-08 06:00:00,0.13
2020-03-08 06:10:00,0.27
2020-03-08 06:20:00,0.22
2020-03-08 06:30:00,0.18
2020-03-08 06:40:00,0.34
2020-03-08 06:50:00,0.6
2020-03-08 07:00:00,0.76
2020-03-08 07:10:00,0.92
2020-03-08 07:20:00,1.04
2020-03-08 07:30:00,1.09
2020-03-08 07:40:00,1.27
2020-03-08 07:50:00,1.48
2020-03-08 08:00:00,1.7
2020-03-08 08:10:00,1.71
2020-03-08 08:20:00,1.81
2020-03-08 08:30:00,2.09
2020-03-08 08:40:00,2.47
2020-03-08 08:50:00,2.81
2020-03-08 09:00:00,3.1
2020-03-08 09:10:00,3.32
2020-03-08 09:20:00,3.59
2020-03-08 09:30:00,3.84
2020-03-08 09:40:00,4.05
2020-03-08 09:50:00,4.33
2020-03-08 10:00:00,4.43
2020-03-08 10:10:00,4.65
2020-03-08 10:20:00,4.82
2020-03-08 10:30:00,5.09
2020-03-08 10:40:00,5.25
2020-03-08 10:50:00,5.54
2020-03-08 11:00:00,5.85
2020-03-08 11:10:00,6.46
2020-03-08 11:20:00,6.63
2020-03-08 11:30:00,6.73
2020-03-08 11:40:00,6.86
2020-03-08 11:50:00,7.11
2020-03-08 12:00:00,7.39
2020-03-08 12:10:00,7.61
2020-03-08 12:20:00,7.9
2020-03-08 12:30:00,8.1
2020-03-08 12:40:00,8.51
2020-03-08 12:50:00,8.61
2020-03-08 13:00:00,8.88
2020-03-08 13:10:00,8.9
2020-03-08 13:20:00,9.04
2020-03-08 13:30:00,9.08
2020-03-08 13:40:00,8.88
2020-03-08 13:50:00,8.75
2020-03-08 14:00:00,8.74
2020-03-08 14:10:00,8.68
2020-03-08 14:20:00,8.85
2020-03-08 14:30:00,8.23
2020-03-08 14:40:00,8.01
2020-03-08 14:50:00,7.63
2020-03-08 15:00:00,7.6
2020-03-08 15:10:00,7.7
2020-03-08 15:20:00,7.67
2020-03-08 15:30:00,7.69
2020-03-08 15:40:00,7.72
2020-03-08 15:50:00,7.83
2020-03-08 16:00:00,7.97
2020-03-08 16:10:00,7.92
2020-03-08 16:20:00,7.95
2020-03-08 16:30:00,7.94
2020-03-08 16:40:00,7.87
2020-03-08 16:50:00,7.82
2020-03-08 17:00:00,7.76
2020-03-08 17:10:00,7.7
2020-03-08 17:20:00,7.67
2020-03-08 17:30:00,7.64
2020-03-08 17:40:00,7.56
2020-03-08 17:50:00,7.51
2020-03-08 18:00:00,7.49
2020-03-08 18:10:00,7.4
2020-03-08 18:20:00,7.47
2020-03-08 18:30:00,7.46
2020-03-08 18:40:00,7.35
2020-03-08 18:50:00,7.12
2020-03-08 19:00:00,6.92
2020-03-08 19:10:00,6.87
2020-03-08 19:20:00,6.92
2020-03-08 19:30:00,6.94
2020-03-08 19:40:00,6.92
2020-03-08 19:50:00,6.78
2020-03-08 20:00:00,6.63
2020-03-08 20:10:00,6.49
2020-03-08 20:20:00,6.56
2020-03-08 20:30:00,6.72
2020-03-08 20:40:00,6.63
2020-03-08 20:50:00,6.57
2020-03-08 21:00:00,6.65
2020-03-08 21:10:00,6.76
2020-03-08 21:20:00,6.73
2020-03-08 21:30:00,6.57
2020-03-08 21:40:00,6.8
2020-03-08 21:50:00,7.01
2020-03-08 22:00:00,6.81
2020-03-08 22:10:00,6.77
2020-03-08 22:20:00,6.7
2020-03-08 22:30:00,6.39
2020-03-08 22:40:00,6.21
2020-03-08 22:50:00,6.26
2020-03-08 23:00:00,6.3
2020-03-08 23:10:00,6.34
2020-03-08 23:20:00,6.45
2020-03-08 23:30:00,6.77
2020-03-08 23:40:00,6.9
2020-03-08 23:50:00,7.29
2020-03-09 00:00:00,7.46
2020-03-09 00:10:00,7.6
2020-03-09 00:20:00,7.74
2020-03-09 00:30:00,7.73
2020-03-09 00:40:00,7.67
2020-03-09 00:50:00,7.59
2020-03-09 01:00:00,7.55
2020-03-09 01:10:00,7.52
2020-03-09 01:20:00,7.48
2020-03-09 01:30:00,7.42
2020-03-09 01:40:00,7.23
2020-03-09 01:50:00,7.31
2020-03-09 02:00:00,7.25
2020-03-09 02:10:00,7.24
2020-03-09 02:20:00,7.11
2020-03-09 02:30:00,7.03
2020-03-09 02:40:00,7.11
2020-03-09 02:50:00,7.03
2020-03-09 03:00:00,6.77
2020-03-09 03:10:00,6.62
2020-03-09 03:20:00,6.43
2020-03-09 03:30:00,6.27
2020-03-09 03:40:00,6.29
2020-03-09 03:50:00,6.09
2020-03-09 04:00:00,5.87
2020-03-09 04:10:00,5.68
2020-03-09 04:20:00,5.56
2020-03-09 04:30:00,5.44
2020-03-09 04:40:00,5.32
2020-03-09 04:50:00,5.23
2020-03-09 05:00:00,5.15
2020-03-09 05:10:00,5.11
2020-03-09 05:20:00,5.07
2020-03-09 05:30:00,5.11
2020-03-09 05:40:00,5.1
2020-03-09 05:50:00,5.11
2020-03-09 06:00:00,5.15
2020-03-09 06:10:00,5.08
2020-03-09 06:20:00,5.07
2020-03-09 06:30:00,5.09
2020-03-09 06:40:00,5.07
2020-03-09 06:50:00,5.1
2020-03-09 07:00:00,4.99
2020-03-09 07:10:00,4.99
2020-03-09 07:20:00,5.02
2020-03-09 07:30:00,4.98
2020-03-09 07:40:00,4.94
2020-03-09 07:50:00,5.01
2020-03-09 08:00:00,5.12
2020-03-09 08:10:00,5.36
2020-03-09 08:20:00,5.74
2020-03-09 08:30:00,5.88
2020-03-09 08:40:00,6.05
2020-03-09 08:50:00,6.22
2020-03-09 09:00:00,6.48
2020-03-09 09:10:00,6.83
2020-03-09 09:20:00,7.32
2020-03-09 09:30:00,7.68
2020-03-09 09:40:00,7.81
2020-03-09 09:50:00,7.78
2020-03-09 10:00:00,7.91
2020-03-09 10:10:00,8.16
2020-03-09 10:20:00,8.32
2020-03-09 10:30:00,8.44
2020-03-09 10:40:00,8.6
2020-03-09 10:50:00,8.61
2020-03-09 11:00:00,8.8
2020-03-09 11:10:00,9.14
2020-03-09 11:20:00,9.54
2020-03-09 11:30:00,9.22
2020-03-09 11:40:00,9.32
2020-03-09 11:50:00,9.21
2020-03-09 12:00:00,8.99
2020-03-09 12:10:00,8.99
2020-03-09 12:20:00,8.87
2020-03-09 12:30:00,8.64
2020-03-09 12:40:00,8.93
2020-03-09 12:50:00,9.14
2020-03-09 13:00:00,9.52
2020-03-09 13:10:00,9.73
2020-03-09 13:20:00,9.65
2020-03-09 13:30:00,9.59
2020-03-09 13:40:00,9.34
2020-03-09 13:50:00,9.34
2020-03-09 14:00:00,9.45
2020-03-09 14:10:00,9.43
2020-03-09 14:20:00,9.46
2020-03-09 14:30:00,10.14
2020-03-09 14:40:00,10.72
2020-03-09 14:50:00,10.45
2020-03-09 15:00:00,9.81
2020-03-09 15:10:00,9.59
2020-03-09 15:20:00,9.35
2020-03-09 15:30:00,9.53
2020-03-09 15:40:00,9.48
2020-03-09 15:50:00,9.59
2020-03-09 16:00:00,9.9
2020-03-09 16:10:00,9.73
2020-03-09 16:20:00,9.56
2020-03-09 16:30:00,10.32
2020-03-09 16:40:00,10.44
2020-03-09 16:50:00,9.78
2020-03-09 17:00:00,9.08
2020-03-09 17:10:00,8.55
2020-03-09 17:20:00,8.25
2020-03-09 17:30:00,8.2
2020-03-09 17:40:00,8.23
2020-03-09 17:50:00,8.19
2020-03-09 18:00:00,8.06
2020-03-09 18:10:00,7.87
2020-03-09 18:20:00,7.8
2020-03-09 18:30:00,7.65
2020-03-09 18:40:00,7.57
2020-03-09 18:50:00,7.63
2020-03-09 19:00:00,7.53
2020-03-09 19:10:00,7.38
2020-03-09 19:20:00,7.13
2020-03-09 19:30:00,6.92
2020-03-09 19:40:00,6.79
2020-03-09 19:50:00,6.69
2020-03-09 20:00:00,6.53
2020-03-09 20:10:00,6.46
2020-03-09 20:20:00,6.23
2020-03-09 20:30:00,6.03
2020-03-09 20:40:00,5.92
2020-03-09 20:50:00,5.67
2020-03-09 21:00:00,5.63
2020-03-09 21:10:00,5.52
2020-03-09 21:20:00,5.17
2020-03-09 21:30:00,5.02
2020-03-09 21:40:00,5.01
2020-03-09 21:50:00,4.92
2020-03-09 22:00:00,4.72
2020-03-09 22:10:00,4.62
2020-03-09 22:20:00,4.38
2020-03-09 22:30:00,4.13
2020-03-09 22:40:00,4.07
2020-03-09 22:50:00,4.17
2020-03-09 23:00:00,4.24
2020-03-09 23:10:00,4.19
2020-03-09 23:20:00,3.95
2020-03-09 23:30:00,3.89
2020-03-09 23:40:00,3.86
2020-03-09 23:50:00,3.69
2020-03-10 00:00:00,3.51
2020-03-10 00:10:00,3.37
2020-03-10 00:20:00,3.18
2020-03-10 00:30:00,3.08
2020-03-10 00:40:00,2.99
2020-03-10 00:50:00,3.19
2020-03-10 01:00:00,3.56
2020-03-10 01:10:00,3.29
2020-03-10 01:20:00,2.95
2020-03-10 01:30:00,3.01
2020-03-10 01:40:00,2.99
2020-03-10 01:50:00,3.44
2020-03-10 02:00:00,3.38
2020-03-10 02:10:00,3.46
2020-03-10 02:20:00,3.3
2020-03-10 02:30:00,3.44
2020-03-10 02:40:00,3.53
2020-03-10 02:50:00,3.67
2020-03-10 03:00:00,3.79
2020-03-10 03:10:00,3.77
2020-03-10 03:20:00,3.72
2020-03-10 03:30:00,3.74
2020-03-10 03:40:00,3.8
2020-03-10 03:50:00,3.69
2020-03-10 04:00:00,3.45
2020-03-10 04:10:00,3.6
2020-03-10 04:20:00,3.83
2020-03-10 04:30:00,4.09
2020-03-10 04:40:00,4.16
2020-03-10 04:50:00,4.23
2020-03-10 05:00:00,4.37
2020-03-10 05:10:00,4.35
2020-03-10 05:20:00,4.17
2020-03-10 05:30:00,3.53
2020-03-10 05:40:00,3.31
2020-03-10 05:50:00,3.34
2020-03-10 06:00:00,3.34
2020-03-10 06:10:00,3.4
2020-03-10 06:20:00,3.44
2020-03-10 06:30:00,3.6
2020-03-10 06:40:00,3.64
2020-03-10 06:50:00,3.79
2020-03-10 07:00:00,4.01
2020-03-10 07:10:00,4.23
2020-03-10 07:20:00,4.43
2020-03-10 07:30:00,4.47
2020-03-10 07:40:00,4.44
2020-03-10 07:50:00,4.47
2020-03-10 08:00:00,4.47
2020-03-10 08:10:00,4.5
2020-03-10 08:20:00,4.6
2020-03-10 08:30:00,4.55
2020-03-10 08:40:00,4.63
2020-03-10 08:50:00,4.82
2020-03-10 09:00:00,5.03
2020-03-10 09:10:00,5.24
2020-03-10 09:20:00,5.51
2020-03-10 09:30:00,5.55
2020-03-10 09:40:00,5.4
2020-03-10 09:50:00,5.21
2020-03-10 10:00:00,5.05
2020-03-10 10:10:00,4.89
2020-03-10 10:20:00,4.7
2020-03-10 10:30:00,4.89
2020-03-10 10:40:00,5.08
2020-03-10 10:50:00,5.27
2020-03-10 11:00:00,5.56
2020-03-10 11:10:00,5.76
2020-03-10 11:20:00,5.85
2020-03-10 11:30:00,6.09
2020-03-10 11:40:00,6.35
2020-03-10 11:50:00,6.47
2020-03-10 12:00:00,6.54
2020-03-10 12:10:00,6.59
2020-03-10 12:20:00,6.71
2020-03-10 12:30:00,6.76
2020-03-10 12:40:00,6.82
2020-03-10 12:50:00,6.86
2020-03-10 13:00:00,6.83
2020-03-10 13:10:00,6.81
2020-03-10 13:20:00,6.77
2020-03-10 13:30:00,6.8
2020-03-10 13:40:00,6.75
2020-03-10 13:50:00,6.74
2020-03-10 14:00:00,6.69
2020-03-10 14:10:00,6.67
2020-03-10 14:20:00,6.68
2020-03-10 14:30:00,6.62
2020-03-10 14:40:00,6.45
2020-03-10 14:50:00,6.31
2020-03-10 15:00:00,6.31
2020-03-10 15:10:00,6.36
2020-03-10 15:20:00,6.41
2020-03-10 15:30:00,6.48
2020-03-10 15:40:00,6.51
2020-03-10 15:50:00,6.46
2020-03-10 16:00:00,6.53
2020-03-10 16:10:00,6.64
2020-03-10 16:20:00,6.71
2020-03-10 16:30:00,6.67
2020-03-10 16:40:00,6.66
2020-03-10 16:50:00,6.75
2020-03-10 17:00:00,6.84
2020-03-10 17:10:00,6.9
2020-03-10 17:20:00,7.02
2020-03-10 17:30:00,7.03
2020-03-10 17:40:00,7.05
2020-03-10 17:50:00,7.08
2020-03-10 18:00:00,7.14
2020-03-10 18:10:00,7.22
2020-03-10 18:20:00,7.36
2020-03-10 18:30:00,7.36
2020-03-10 18:40:00,7.36
2020-03-10 18:50:00,7.44
2020-03-10 19:00:00,7.56
2020-03-10 19:10:00,7.58
2020-03-10 19:20:00,7.89
2020-03-10 19:30:00,8.18
2020-03-10 19:40:00,8.31
2020-03-10 19:50:00,8.39
2020-03-10 20:00:00,8.45
2020-03-10 20:10:00,8.59
2020-03-10 20:20:00,8.64
2020-03-10 20:30:00,8.69
2020-03-10 20:40:00,8.81
2020-03-10 20:50:00,9.03
2020-03-10 21:00:00,9.23
2020-03-10 21:10:00,9.37
2020-03-10 21:20:00,9.41
2020-03-10 21:30:00,9.46
2020-03-10 21:40:00,9.52
2020-03-10 21:50:00,9.64
2020-03-10 22:00:00,9.75
2020-03-10 22:10:00,9.89
2020-03-10 22:20:00,9.99
2020-03-10 22:30:00,10.02
2020-03-10 22:40:00,10.13
2020-03-10 22:50:00,10.33
2020-03-10 23:00:00,10.48
2020-03-10 23:10:00,10.6
2020-03-10 23:20:00,10.73
2020-03-10 23:30:00,10.88
2020-03-10 23:40:00,11.11
2020-03-10 23:50:00,11.26
2020-03-11 00:00:00,11.3
2020-03-11 00:10:00,11.34
2020-03-11 00:20:00,11.41
2020-03-11 00:30:00,11.51
2020-03-11 00:40:00,11.57
2020-03-11 00:50:00,11.66
2020-03-11 01:00:00,11.63
2020-03-11 01:10:00,11.45
2020-03-11 01:20:00,11.23
2020-03-11 01:30:00,10.91
2020-03-11 01:40:00,10.94
2020-03-11 01:50:00,11.14
2020-03-11 02:00:00,11.37
2020-03-11 02:10:00,11.53
2020-03-11 02:20:00,11.81
2020-03-11 02:30:00,11.93
2020-03-11 02:40:00,12.1
2020-03-11 02:50:00,12.12
2020-03-11 03:00:00,12.19
2020-03-11 03:10:00,12.21
2020-03-11 03:20:00,12.11
2020-03-11 03:30:00,12.11
2020-03-11 03:40:00,12.08
2020-03-11 03:50:00,12.11
2020-03-11 04:00:00,11.72
2020-03-11 04:10:00,11.32
2020-03-11 04:20:00,11.05
2020-03-11 04:30:00,11.08
2020-03-11 04:40:00,11.15
2020-03-11 04:50:00,9.85
2020-03-11 05:00:00,8.83
2020-03-11 05:10:00,8.34
2020-03-11 05:20:00,7.92
2020-03-11 05:30:00,7.69
2020-03-11 05:40:00,7.62
2020-03-11 05:50:00,7.6
2020-03-11 06:00:00,7.54
2020-03-11 06:10:00,7.49
2020-03-11 06:20:00,7.31
2020-03-11 06:30:00,7.12
2020-03-11 06:40:00,7.0
2020-03-11 06:50:00,6.87
2020-03-11 07:00:00,6.77
2020-03-11 07:10:00,6.74
2020-03-11 07:20:00,6.77
2020-03-11 07:30:00,6.86
2020-03-11 07:40:00,6.97
2020-03-11 07:50:00,7.12
2020-03-11 08:00:00,7.25
2020-03-11 08:10:00,7.37
2020-03-11 08:20:00,7.49
2020-03-11 08:30:00,7.61
2020-03-11 08:40:00,7.72
2020-03-11 08:50:00,7.78
2020-03-11 09:00:00,7.78
2020-03-11 09:10:00,7.8
2020-03-11 09:20:00,7.83
2020-03-11 09:30:00,7.91
2020-03-11 09:40:00,8.03
2020-03-11 09:50:00,8.17
2020-03-11 10:00:00,8.31
2020-03-11 10:10:00,8.4
2020-03-11 10:20:00,8.45
2020-03-11 10:30:00,8.42
2020-03-11 10:40:00,8.33
2020-03-11 10:50:00,8.35
2020-03-11 11:00:00,8.43
2020-03-11 11:10:00,8.5
2020-03-11 11:20:00,8.49
2020-03-11 11:30:00,8.46
2020-03-11 11:40:00,8.45
2020-03-11 11:50:00,8.48
2020-03-11 12:00:00,8.52
2020-03-11 12:10:00,8.57
2020-03-11 12:20:00,8.68
2020-03-11 12:30:00,8.98
2020-03-11 12:40:00,9.47
2020-03-11 12:50:00,9.76
2020-03-11 13:00:00,9.94
2020-03-11 13:10:00,9.93
2020-03-11 13:20:00,9.99
2020-03-11 13:30:00,10.06
2020-03-11 13:40:00,10.04
2020-03-11 13:50:00,9.98
2020-03-11 14:00:00,9.93
2020-03-11 14:10:00,9.86
2020-03-11 14:20:00,9.92
2020-03-11 14:30:00,9.98
2020-03-11 14:40:00,10.09
2020-03-11 14:50:00,10.13
2020-03-11 15:00:00,10.06
2020-03-11 15:10:00,10.02
2020-03-11 15:20:00,10.08
2020-03-11 15:30:00,10.14
2020-03-11 15:40:00,10.19
2020-03-11 15:50:00,10.24
2020-03-11 16:00:00,10.31
2020-03-11 16:10:00,10.44
2020-03-11 16:20:00,10.59
2020-03-11 16:30:00,10.67
2020-03-11 16:40:00,10.72
2020-03-11 16:50:00,10.65
2020-03-11 17:00:00,10.7
2020-03-11 17:10:00,10.66
2020-03-11 17:20:00,10.6
2020-03-11 17:30:00,10.63
2020-03-11 17:40:00,10.61
2020-03-11 17:50:00,10.53
2020-03-11 18:00:00,10.46
2020-03-11 18:10:00,10.43
2020-03-11 18:20:00,10.33
2020-03-11 18:30:00,10.19
2020-03-11 18:40:00,10.02
2020-03-11 18:50:00,9.96
2020-03-11 19:00:00,9.93
2020-03-11 19:10:00,9.92
2020-03-11 19:20:00,9.88
2020-03-11 19:30:00,9.9
2020-03-11 19:40:00,10.04
2020-03-11 19:50:00,10.17
2020-03-11 20:00:00,10.31
2020-03-11 20:10:00,10.36
2020-03-11 20:20:00,10.42
2020-03-11 20:30:00,10.53
2020-03-11 20:40:00,10.59
2020-03-11 20:50:00,10.67
2020-03-11 21:00:00,10.77
2020-03-11 21:10:00,10.8
2020-03-11 21:20:00,10.83
2020-03-11 21:30:00,10.84
2020-03-11 21:40:00,10.66
2020-03-11 21:50:00,10.61
2020-03-11 22:00:00,10.6
2020-03-11 22:10:00,10.61
2020-03-11 22:20:00,10.58
2020-03-11 22:30:00,10.46
2020-03-11 22:40:00,10.31
2020-03-11 22:50:00,10.05
2020-03-11 23:00:00,9.87
2020-03-11 23:10:00,9.87
2020-03-11 23:20:00,9.79
2020-03-11 23:30:00,9.78
2020-03-11 23:40:00,9.97
2020-03-11 23:50:00,10.27
2020-03-12 00:00:00,10.44
2020-03-12 00:10:00,10.71
2020-03-12 00:20:00,10.93
2020-03-12 00:30:00,11.1
2020-03-12 00:40:00,11.15
2020-03-12 00:50:00,11.24
2020-03-12 01:00:00,11.39
2020-03-12 01:10:00,11.36
2020-03-12 01:20:00,11.34
2020-03-12 01:30:00,11.4
2020-03-12 01:40:00,11.47
2020-03-12 01:50:00,11.49
2020-03-12 02:00:00,11.57
2020-03-12 02:10:00,11.63
2020-03-12 02:20:00,11.72
2020-03-12 02:30:00,11.74
2020-03-12 02:40:00,11.68
2020-03-12 02:50:00,11.65
2020-03-12 03:00:00,11.67
2020-03-12 03:10:00,11.69
2020-03-12 03:20:00,11.74
2020-03-12 03:30:00,11.74
2020-03-12 03:40:00,11.64
2020-03-12 03:50:00,11.58
2020-03-12 04:00:00,11.63
2020-03-12 04:10:00,11.63
2020-03-12 04:20:00,11.75
2020-03-12 04:30:00,11.69
2020-03-12 04:40:00,11.7
2020-03-12 04:50:00,11.67
2020-03-12 05:00:00,11.53
2020-03-12 05:10:00,11.47
2020-03-12 05:20:00,11.53
2020-03-12 05:30:00,11.43
2020-03-12 05:40:00,11.39
2020-03-12 05:50:00,11.29
2020-03-12 06:00:00,11.37
2020-03-12 06:10:00,11.37
2020-03-12 06:20:00,11.4
2020-03-12 06:30:00,11.58
2020-03-12 06:40:00,11.64
2020-03-12 06:50:00,11.62
2020-03-12 07:00:00,11.58
2020-03-12 07:10:00,11.7
2020-03-12 07:20:00,11.69
2020-03-12 07:30:00,11.74
2020-03-12 07:40:00,12.2
2020-03-12 07:50:00,12.42
2020-03-12 08:00:00,12.48
2020-03-12 08:10:00,12.21
2020-03-12 08:20:00,12.27
2020-03-12 08:30:00,12.2
2020-03-12 08:40:00,12.34
2020-03-12 08:50:00,12.78
2020-03-12 09:00:00,12.9
2020-03-12 09:10:00,12.76
2020-03-12 09:20:00,12.74
2020-03-12 09:30:00,12.98
2020-03-12 09:40:00,12.62
2020-03-12 09:50:00,12.55
2020-03-12 10:00:00,12.83
2020-03-12 10:10:00,13.03
2020-03-12 10:20:00,12.9
2020-03-12 10:30:00,12.93
2020-03-12 10:40:00,12.93
2020-03-12 10:50:00,12.97
2020-03-12 11:00:00,13.23
2020-03-12 11:10:00,13.19
2020-03-12 11:20:00,12.65
2020-03-12 11:30:00,10.24
2020-03-12 11:40:00,9.44
2020-03-12 11:50:00,9.91
2020-03-12 12:00:00,10.67
2020-03-12 12:10:00,11.4
2020-03-12 12:20:00,11.65
2020-03-12 12:30:00,11.62
2020-03-12 12:40:00,11.93
2020-03-12 12:50:00,11.93
2020-03-12 13:00:00,10.81
2020-03-12 13:10:00,10.36
2020-03-12 13:20:00,10.44
2020-03-12 13:30:00,10.01
2020-03-12 13:40:00,10.42
2020-03-12 13:50:00,10.88
2020-03-12 14:00:00,11.26
2020-03-12 14:10:00,11.19
2020-03-12 14:20:00,10.92
2020-03-12 14:30:00,11.12
2020-03-12 14:40:00,11.17
2020-03-12 14:50:00,11.12
2020-03-12 15:00:00,10.75
2020-03-12 15:10:00,10.53
2020-03-12 15:20:00,10.41
2020-03-12 15:30:00,10.38
2020-03-12 15:40:00,10.42
2020-03-12 15:50:00,10.45
2020-03-12 16:00:00,10.51
2020-03-12 16:10:00,10.47
2020-03-12 16:20:00,10.59
2020-03-12 16:30:00,10.43
2020-03-12 16:40:00,10.26
2020-03-12 16:50:00,10.2
2020-03-12 17:00:00,10.15
2020-03-12 17:10:00,10.05
2020-03-12 17:20:00,9.97
2020-03-12 17:30:00,9.88
2020-03-12 17:40:00,9.78
2020-03-12 17:50:00,9.6
2020-03-12 18:00:00,9.48
2020-03-12 18:10:00,9.24
2020-03-12 18:20:00,8.96
2020-03-12 18:30:00,8.46
2020-03-12 18:40:00,8.04
2020-03-12 18:50:00,7.94
2020-03-12 19:00:00,7.75
2020-03-12 19:10:00,7.48
2020-03-12 19:20:00,7.35
2020-03-12 19:30:00,7.29
2020-03-12 19:40:00,7.21
2020-03-12 19:50:00,7.21
2020-03-12 20:00:00,7.22
2020-03-12 20:10:00,7.18
2020-03-12 20:20:00,7.25
2020-03-12 20:30:00,7.28
2020-03-12 20:40:00,7.34
2020-03-12 20:50:00,7.37
2020-03-12 21:00:00,7.33
2020-03-12 21:10:00,7.16
2020-03-12 21:20:00,7.05
2020-03-12 21:30:00,6.77
2020-03-12 21:40:00,6.48
2020-03-12 21:50:00,6.53
2020-03-12 22:00:00,6.42
2020-03-12 22:10:00,6.17
2020-03-12 22:20:00,6.06
2020-03-12 22:30:00,6.13
2020-03-12 22:40:00,6.11
2020-03-12 22:50:00,6.1
2020-03-12 23:00:00,6.12
2020-03-12 23:10:00,5.96
2020-03-12 23:20:00,5.8
2020-03-12 23:30:00,5.68
2020-03-12 23:40:00,5.68
2020-03-12 23:50:00,5.65
2020-03-13 00:00:00,5.36
2020-03-13 00:10:00,5.1
2020-03-13 00:20:00,5.17
2020-03-13 00:30:00,5.2
2020-03-13 00:40:00,5.12
2020-03-13 00:50:00,4.94
2020-03-13 01:00:00,4.76
2020-03-13 01:10:00,4.81
2020-03-13 01:20:00,4.92
2020-03-13 01:30:00,5.15
2020-03-13 01:40:00,5.31
2020-03-13 01:50:00,5.02
2020-03-13 02:00:00,4.97
2020-03-13 02:10:00,5.02
2020-03-13 02:20:00,5.09
2020-03-13 02:30:00,5.35
2020-03-13 02:40:00,5.24
2020-03-13 02:50:00,5.05
2020-03-13 03:00:00,4.82
2020-03-13 03:10:00,4.58
2020-03-13 03:20:00,4.44
2020-03-13 03:30:00,4.43
2020-03-13 03:40:00,4.28
2020-03-13 03:50:00,3.18
2020-03-13 04:00:00,2.58
2020-03-13 04:10:00,2.51
2020-03-13 04:20:00,2.69
2020-03-13 04:30:00,2.76
2020-03-13 04:40:00,2.68
2020-03-13 04:50:00,2.69
2020-03-13 05:00:00,2.79
2020-03-13 05:10:00,2.96
2020-03-13 05:20:00,3.0
2020-03-13 05:30:00,2.98
2020-03-13 05:40:00,2.97
2020-03-13 05:50:00,2.95
2020-03-13 06:00:00,3.08
2020-03-13 06:10:00,3.27
2020-03-13 06:20:00,3.43
2020-03-13 06:30:00,3.83
2020-03-13 06:40:00,4.23
2020-03-13 06:50:00,4.38
2020-03-13 07:00:00,4.53
2020-03-13 07:10:00,4.59
2020-03-13 07:20:00,4.7
2020-03-13 07:30:00,4.95
2020-03-13 07:40:00,4.81
2020-03-13 07:50:00,4.82
2020-03-13 08:00:00,4.87
2020-03-13 08:10:00,5.36
2020-03-13 08:20:00,5.77
2020-03-13 08:30:00,5.81
2020-03-13 08:40:00,5.7
2020-03-13 08:50:00,5.82
2020-03-13 09:00:00,5.99
2020-03-13 09:10:00,6.11
2020-03-13 09:20:00,6.14
2020-03-13 09:30:00,6.06
2020-03-13 09:40:00,6.18
2020-03-13 09:50:00,6.51
2020-03-13 10:00:00,6.88
2020-03-13 10:10:00,7.2
2020-03-13 10:20:00,7.46
2020-03-13 10:30:00,7.56
2020-03-13 10:40:00,7.43
2020-03-13 10:50:00,7.56
2020-03-13 11:00:00,7.8
2020-03-13 11:10:00,7.89
2020-03-13 11:20:00,7.94
2020-03-13 11:30:00,7.79
2020-03-13 11:40:00,7.81
2020-03-13 11:50:00,7.89
2020-03-13 12:00:00,8.06
2020-03-13 12:10:00,8.06
2020-03-13 12:20:00,8.0
2020-03-13 12:30:00,7.95
2020-03-13 12:40:00,8.03
2020-03-13 12:50:00,7.93
2020-03-13 13:00:00,8.12
2020-03-13 13:10:00,8.19
2020-03-13 13:20:00,8.46
2020-03-13 13:30:00,8.72
2020-03-13 13:40:00,8.76
2020-03-13 13:50:00,8.88
2020-03-13 14:00:00,9.04
2020-03-13 14:10:00,9.01
2020-03-13 14:20:00,9.42
2020-03-13 14:30:00,9.61
2020-03-13 14:40:00,9.44
2020-03-13 14:50:00,9.61
2020-03-13 15:00:00,9.8
2020-03-13 15:10:00,9.81
2020-03-13 15:20:00,9.62
2020-03-13 15:30:00,9.55
2020-03-13 15:40:00,9.56
2020-03-13 15:50:00,9.7
2020-03-13 16:00:00,9.67
2020-03-13 16:10:00,9.77
2020-03-13 16:20:00,9.89
2020-03-13 16:30:00,9.7
2020-03-13 16:40:00,9.02
2020-03-13 16:50:00,8.79
2020-03-13 17:00:00,8.83
2020-03-13 17:10:00,8.83
2020-03-13 17:20:00,8.8
2020-03-13 17:30:00,8.79
2020-03-13 17:40:00,8.74
2020-03-13 17:50:00,8.7
2020-03-13 18:00:00,8.63
2020-03-13 18:10:00,8.48
2020-03-13 18:20:00,8.41
2020-03-13 18:30:00,8.42
2020-03-13 18:40:00,7.22
2020-03-13 18:50:00,5.63
2020-03-13 19:00:00,5.22
2020-03-13 19:10:00,5.16
2020-03-13 19:20:00,5.25
2020-03-13 19:30:00,5.34
2020-03-13 19:40:00,5.22
2020-03-13 19:50:00,4.2
2020-03-13 20:00:00,3.4
2020-03-13 20:10:00,3.39
2020-03-13 20:20:00,3.55
2020-03-13 20:30:00,3.69
2020-03-13 20:40:00,3.84
2020-03-13 20:50:00,3.94
2020-03-13 21:00:00,4.09
2020-03-13 21:10:00,4.22
2020-03-13 21:20:00,4.3
2020-03-13 21:30:00,4.41
2020-03-13 21:40:00,4.53
2020-03-13 21:50:00,4.62
2020-03-13 22:00:00,4.73
2020-03-13 22:10:00,4.84
2020-03-13 22:20:00,4.89
2020-03-13 22:30:00,4.88
2020-03-13 22:40:00,4.74
2020-03-13 22:50:00,4.64
2020-03-13 23:00:00,4.56
2020-03-13 23:10:00,4.42
2020-03-13 23:20:00,4.3
2020-03-13 23:30:00,4.32
2020-03-13 23:40:00,4.16
2020-03-13 23:50:00,4.04
2020-03-14 00:00:00,4.0
2020-03-14 00:10:00,3.87
2020-03-14 00:20:00,3.83
2020-03-14 00:30:00,3.85
2020-03-14 00:40:00,3.8
2020-03-14 00:50:00,3.89
2020-03-14 01:00:00,3.95
2020-03-14 01:10:00,4.04
2020-03-14 01:20:00,3.98
2020-03-14 01:30:00,3.87
2020-03-14 01:40:00,3.86
2020-03-14 01:50:00,3.89
2020-03-14 02:00:00,4.02
2020-03-14 02:10:00,4.13
2020-03-14 02:20:00,4.2
2020-03-14 02:30:00,4.2
2020-03-14 02:40:00,4.19
2020-03-14 02:50:00,4.2
2020-03-14 03:00:00,4.2
2020-03-14 03:10:00,4.06
2020-03-14 03:20:00,3.83
2020-03-14 03:30:00,3.75
2020-03-14 03:40:00,3.86
2020-03-14 03:50:00,3.87
2020-03-14 04:00:00,3.85
2020-03-14 04:10:00,3.94
2020-03-14 04:20:00,3.98
2020-03-14 04:30:00,3.87
2020-03-14 04:40:00,3.69
2020-03-14 04:50:00,3.5
2020-03-14 05:00:00,3.38
2020-03-14 05:10:00,3.21
2020-03-14 05:20:00,3.04
2020-03-14 05:30:00,2.87
2020-03-14 05:40:00,2.78
2020-03-14 05:50:00,2.7
2020-03-14 06:00:00,2.67
2020-03-14 06:10:00,2.57
2020-03-14 06:20:00,2.47
2020-03-14 06:30:00,2.43
2020-03-14 06:40:00,2.39
2020-03-14 06:50:00,2.39
2020-03-14 07:00:00,2.43
2020-03-14 07:10:00,2.46
2020-03-14 07:20:00,2.44
2020-03-14 07:30:00,2.43
2020-03-14 07:40:00,2.43
2020-03-14 07:50:00,2.43
2020-03-14 08:00:00,2.42
2020-03-14 08:10:00,2.33
2020-03-14 08:20:00,2.32
2020-03-14 08:30:00,2.34
2020-03-14 08:40:00,2.36
2020-03-14 08:50:00,2.51
2020-03-14 09:00:00,2.79
2020-03-14 09:10:00,3.01
2020-03-14 09:20:00,3.54
2020-03-14 09:30:00,3.74
2020-03-14 09:40:00,3.92
2020-03-14 09:50:00,4.59
2020-03-14 10:00:00,4.87
2020-03-14 10:10:00,4.89
2020-03-14 10:20:00,5.29
2020-03-14 10:30:00,5.56
2020-03-14 10:40:00,6.37
2020-03-14 10:50:00,6.56
2020-03-14 11:00:00,6.8
2020-03-14 11:10:00,7.55
2020-03-14 11:20:00,7.02
2020-03-14 11:30:00,6.35
2020-03-14 11:40:00,6.27
2020-03-14 11:50:00,6.66
2020-03-14 12:00:00,7.08
2020-03-14 12:10:00,7.15
2020-03-14 12:20:00,7.45
2020-03-14 12:30:00,7.55
2020-03-14 12:40:00,7.41
2020-03-14 12:50:00,7.14
2020-03-14 13:00:00,7.38
2020-03-14 13:10:00,7.5
2020-03-14 13:20:00,7.65
2020-03-14 13:30:00,7.84
2020-03-14 13:40:00,7.66
2020-03-14 13:50:00,7.9
2020-03-14 14:00:00,7.9
2020-03-14 14:10:00,7.78
2020-03-14 14:20:00,8.5
2020-03-14 14:30:00,8.67
2020-03-14 14:40:00,8.37
2020-03-14 14:50:00,8.42
2020-03-14 15:00:00,8.38
2020-03-14 15:10:00,8.5
2020-03-14 15:20:00,8.98
2020-03-14 15:30:00,9.13
2020-03-14 15:40:00,8.56
2020-03-14 15:50:00,8.55
2020-03-14 16:00:00,8.55
2020-03-14 16:10:00,8.78
2020-03-14 16:20:00,9.04
2020-03-14 16:30:00,9.26
2020-03-14 16:40:00,8.62
2020-03-14 16:50:00,8.52
2020-03-14 17:00:00,8.46
2020-03-14 17:10:00,8.51
2020-03-14 17:20:00,8.26
2020-03-14 17:30:00,8.35
2020-03-14 17:40:00,8.23
2020-03-14 17:50:00,8.06
2020-03-14 18:00:00,7.64
2020-03-14 18:10:00,7.39
2020-03-14 18:20:00,7.04
2020-03-14 18:30:00,6.95
2020-03-14 18:40:00,6.78
2020-03-14 18:50:00,6.66
2020-03-14 19:00:00,6.63
2020-03-14 19:10:00,6.52
2020-03-14 19:20:00,6.31
2020-03-14 19:30:00,5.87
2020-03-14 19:40:00,5.38
2020-03-14 19:50:00,5.11
2020-03-14 20:00:00,4.95
2020-03-14 20:10:00,4.88
2020-03-14 20:20:00,4.82
2020-03-14 20:30:00,4.67
2020-03-14 20:40:00,4.56
2020-03-14 20:50:00,4.41
2020-03-14 21:00:00,4.32
2020-03-14 21:10:00,4.15
2020-03-14 21:20:00,4.03
2020-03-14 21:30:00,3.94
2020-03-14 21:40:00,3.77
2020-03-14 21:50:00,3.63
2020-03-14 22:00:00,3.57
2020-03-14 22:10:00,3.42
2020-03-14 22:20:00,3.23
2020-03-14 22:30:00,3.11
2020-03-14 22:40:00,2.92
2020-03-14 22:50:00,2.69
2020-03-14 23:00:00,2.56
2020-03-14 23:10:00,2.47
2020-03-14 23:20:00,2.19
2020-03-14 23:30:00,1.82
2020-03-14 23:40:00,1.72
2020-03-14 23:50:00,1.6
2020-03-15 00:00:00,1.57
2020-03-15 00:10:00,1.57
2020-03-15 00:20:00,1.62
2020-03-15 00:30:00,1.8
2020-03-15 00:40:00,1.91
2020-03-15 00:50:00,1.83
2020-03-15 01:00:00,1.77
2020-03-15 01:10:00,1.78
2020-03-15 01:20:00,1.8
2020-03-15 01:30:00,1.69
2020-03-15 01:40:00,1.47
2020-03-15 01:50:00,1.14
2020-03-15 02:00:00,0.96
2020-03-15 02:10:00,1.21
2020-03-15 02:20:00,1.13
2020-03-15 02:30:00,1.1
2020-03-15 02:40:00,1.25
2020-03-15 02:50:00,1.44
2020-03-15 03:00:00,1.6
2020-03-15 03:10:00,1.57
2020-03-15 03:20:00,1.5
2020-03-15 03:30:00,1.18
2020-03-15 03:40:00,0.97
2020-03-15 03:50:00,0.89
2020-03-15 04:00:00,0.87
2020-03-15 04:10:00,1.02
2020-03-15 04:20:00,1.16
2020-03-15 04:30:00,1.13
2020-03-15 04:40:00,1.15
2020-03-15 04:50:00,1.15
2020-03-15 05:00:00,1.04
2020-03-15 05:10:00,1.04
2020-03-15 05:20:00,1.03
2020-03-15 05:30:00,0.95
2020-03-15 05:40:00,1.03
2020-03-15 05:50:00,1.14
2020-03-15 06:00:00,1.14
2020-03-15 06:10:00,1.09
2020-03-15 06:20:00,0.95
2020-03-15 06:30:00,0.73
2020-03-15 06:40:00,0.34
2020-03-15 06:50:00,0.14
2020-03-15 07:00:00,0.19
2020-03-15 07:10:00,0.48
2020-03-15 07:20:00,0.99
2020-03-15 07:30:00,1.08
2020-03-15 07:40:00,1.36
2020-03-15 07:50:00,1.35
2020-03-15 08:00:00,1.6
2020-03-15 08:10:00,2.45
2020-03-15 08:20:00,3.19
2020-03-15 08:30:00,3.69
2020-03-15 08:40:00,4.24
2020-03-15 08:50:00,5.1
2020-03-15 09:00:00,5.69
2020-03-15 09:10:00,6.0
2020-03-15 09:20:00,6.25
2020-03-15 09:30:00,6.77
2020-03-15 09:40:00,7.13
2020-03-15 09:50:00,7.57
2020-03-15 10:00:00,7.95
2020-03-15 10:10:00,8.38
2020-03-15 10:20:00,8.49
2020-03-15 10:30:00,8.74
2020-03-15 10:40:00,9.07
2020-03-15 10:50:00,9.49
2020-03-15 11:00:00,9.63
2020-03-15 11:10:00,9.95
2020-03-15 11:20:00,10.15
2020-03-15 11:30:00,10.08
2020-03-15 11:40:00,10.16
2020-03-15 11:50:00,10.47
2020-03-15 12:00:00,10.7
2020-03-15 12:10:00,10.81
2020-03-15 12:20:00,10.85
2020-03-15 12:30:00,11.24
2020-03-15 12:40:00,11.3
2020-03-15 12:50:00,11.3
2020-03-15 13:00:00,11.27
2020-03-15 13:10:00,11.42
2020-03-15 13:20:00,11.61
2020-03-15 13:30:00,11.62
2020-03-15 13:40:00,11.75
2020-03-15 13:50:00,11.72
2020-03-15 14:00:00,12.05
2020-03-15 14:10:00,12.02
2020-03-15 14:20:00,12.1
2020-03-15 14:30:00,12.16
2020-03-15 14:40:00,12.21
2020-03-15 14:50:00,12.14
2020-03-15 15:00:00,12.26
2020-03-15 15:10:00,12.28
2020-03-15 15:20:00,12.54
2020-03-15 15:30:00,12.53
2020-03-15 15:40:00,12.41
2020-03-15 15:50:00,12.35
2020-03-15 16:00:00,12.47
2020-03-15 16:10:00,12.48
2020-03-15 16:20:00,12.68
2020-03-15 16:30:00,12.47
2020-03-15 16:40:00,12.42
2020-03-15 16:50:00,12.45
2020-03-15 17:00:00,12.3
2020-03-15 17:10:00,12.08
2020-03-15 17:20:00,11.91
2020-03-15 17:30:00,11.75
2020-03-15 17:40:00,11.59
2020-03-15 17:50:00,11.47
2020-03-15 18:00:00,11.29
2020-03-15 18:10:00,11.15
2020-03-15 18:20:00,10.98
2020-03-15 18:30:00,10.87
2020-03-15 18:40:00,10.73
2020-03-15 18:50:00,10.61
2020-03-15 19:00:00,10.5
2020-03-15 19:10:00,10.46
2020-03-15 19:20:00,10.19
2020-03-15 19:30:00,9.64
2020-03-15 19:40:00,9.31
2020-03-15 19:50:00,8.96
2020-03-15 20:00:00,8.5
2020-03-15 20:10:00,8.1
2020-03-15 20:20:00,8.05
2020-03-15 20:30:00,7.96
2020-03-15 20:40:00,7.87
2020-03-15 20:50:00,7.77
2020-03-15 21:00:00,7.69
2020-03-15 21:10:00,7.54
2020-03-15 21:20:00,7.17
2020-03-15 21:30:00,7.02
2020-03-15 21:40:00,7.07
2020-03-15 21:50:00,6.94
2020-03-15 22:00:00,6.87
2020-03-15 22:10:00,6.76
2020-03-15 22:20:00,6.52
2020-03-15 22:30:00,6.18
2020-03-15 22:40:00,5.97
2020-03-15 22:50:00,5.95
2020-03-15 23:00:00,5.82
2020-03-15 23:10:00,5.86
2020-03-15 23:20:00,5.83
2020-03-15 23:30:00,5.78
2020-03-15 23:40:00,5.66
2020-03-15 23:50:00,5.55
2020-03-16 00:00:00,5.54
2020-03-16 00:10:00,5.56
2020-03-16 00:20:00,5.55
2020-03-16 00:30:00,5.58
2020-03-16 00:40:00,5.5
2020-03-16 00:50:00,5.42
2020-03-16 01:00:00,5.24
2020-03-16 01:10:00,5.12
2020-03-16 01:20:00,5.08
2020-03-16 01:30:00,5.08
2020-03-16 01:40:00,5.2
2020-03-16 01:50:00,5.23
2020-03-16 02:00:00,5.2
2020-03-16 02:10:00,5.34
2020-03-16 02:20:00,5.37
2020-03-16 02:30:00,5.28
2020-03-16 02:40:00,5.29
2020-03-16 02:50:00,5.38
2020-03-16 03:00:00,5.31
2020-03-16 03:10:00,5.22
2020-03-16 03:20:00,4.81
2020-03-16 03:30:00,4.46
2020-03-16 03:40:00,4.34
2020-03-16 03:50:00,4.26
2020-03-16 04:00:00,3.94
2020-03-16 04:10:00,4.0
2020-03-16 04:20:00,4.05
2020-03-16 04:30:00,4.11
2020-03-16 04:40:00,4.34
2020-03-16 04:50:00,4.4
2020-03-16 05:00:00,4.33
2020-03-16 05:10:00,4.11
2020-03-16 05:20:00,3.85
2020-03-16 05:30:00,3.69
2020-03-16 05:40:00,3.26
2020-03-16 05:50:00,2.84
2020-03-16 06:00:00,2.37
2020-03-16 06:10:00,2.12
2020-03-16 06:20:00,2.2
2020-03-16 06:30:00,1.82
2020-03-16 06:40:00,1.4
2020-03-16 06:50:00,1.64
2020-03-16 07:00:00,2.13
2020-03-16 07:10:00,2.54
2020-03-16 07:20:00,2.63
2020-03-16 07:30:00,2.68
2020-03-16 07:40:00,3.13
2020-03-16 07:50:00,3.7
2020-03-16 08:00:00,3.83
2020-03-16 08:10:00,3.71
2020-03-16 08:20:00,3.8
2020-03-16 08:30:00,4.44
2020-03-16 08:40:00,4.77
2020-03-16 08:50:00,5.27
2020-03-16 09:00:00,5.73
2020-03-16 09:10:00,6.2
2020-03-16 09:20:00,6.43
2020-03-16 09:30:00,7.17
2020-03-16 09:40:00,7.88
2020-03-16 09:50:00,8.47
2020-03-16 10:00:00,9.11
2020-03-16 10:10:00,9.56
2020-03-16 10:20:00,10.33
2020-03-16 10:30:00,10.96
2020-03-16 10:40:00,11.37
2020-03-16 10:50:00,11.21
2020-03-16 11:00:00,11.63
2020-03-16 11:10:00,12.09
2020-03-16 11:20:00,12.62
2020-03-16 11:30:00,13.11
2020-03-16 11:40:00,13.59
2020-03-16 11:50:00,14.18
2020-03-16 12:00:00,14.59
2020-03-16 12:10:00,15.53
2020-03-16 12:20:00,15.78
2020-03-16 12:30:00,15.98
2020-03-16 12:40:00,16.49
2020-03-16 12:50:00,16.75
2020-03-16 13:00:00,16.82
2020-03-16 13:10:00,16.83
2020-03-16 13:20:00,16.91
2020-03-16 13:30:00,17.26
2020-03-16 13:40:00,17.57
2020-03-16 13:50:00,16.97
2020-03-16 14:00:00,16.57
2020-03-16 14:10:00,16.4
2020-03-16 14:20:00,16.36
2020-03-16 14:30:00,16.23
2020-03-16 14:40:00,16.22
2020-03-16 14:50:00,16.54
2020-03-16 15:00:00,16.71
2020-03-16 15:10:00,16.45
2020-03-16 15:20:00,16.54
2020-03-16 15:30:00,16.82
2020-03-16 15:40:00,16.87
2020-03-16 15:50:00,16.66
2020-03-16 16:00:00,16.5
2020-03-16 16:10:00,16.25
2020-03-16 16:20:00,16.29
2020-03-16 16:30:00,16.51
2020-03-16 16:40:00,16.27
2020-03-16 16:50:00,15.82
2020-03-16 17:00:00,15.56
2020-03-16 17:10:00,15.32
2020-03-16 17:20:00,15.07
2020-03-16 17:30:00,14.85
2020-03-16 17:40:00,14.63
2020-03-16 17:50:00,14.47
2020-03-16 18:00:00,14.24
2020-03-16 18:10:00,13.98
2020-03-16 18:20:00,13.74
2020-03-16 18:30:00,13.68
2020-03-16 18:40:00,13.69
2020-03-16 18:50:00,13.54
2020-03-16 19:00:00,13.5
2020-03-16 19:10:00,13.51
2020-03-16 19:20:00,13.3
2020-03-16 19:30:00,13.05
2020-03-16 19:40:00,12.25
2020-03-16 19:50:00,11.55
2020-03-16 20:00:00,11.57
2020-03-16 20:10:00,11.09
2020-03-16 20:20:00,10.7
2020-03-16 20:30:00,10.62
2020-03-16 20:40:00,10.25
2020-03-16 20:50:00,10.1
2020-03-16 21:00:00,9.97
2020-03-16 21:10:00,10.02
2020-03-16 21:20:00,9.93
2020-03-16 21:30:00,9.61
2020-03-16 21:40:00,9.37
2020-03-16 21:50:00,9.11
2020-03-16 22:00:00,8.72
2020-03-16 22:10:00,8.59
2020-03-16 22:20:00,8.59
2020-03-16 22:30:00,8.48
2020-03-16 22:40:00,8.27
2020-03-16 22:50:00,7.7
2020-03-16 23:00:00,7.49
2020-03-16 23:10:00,7.49
2020-03-16 23:20:00,7.61
2020-03-16 23:30:00,7.52
2020-03-16 23:40:00,7.46
2020-03-16 23:50:00,7.0
2020-03-17 00:00:00,6.6
2020-03-17 00:10:00,6.6
2020-03-17 00:20:00,6.77
2020-03-17 00:30:00,6.0
2020-03-17 00:40:00,5.8
2020-03-17 00:50:00,5.76
2020-03-17 01:00:00,5.79
2020-03-17 01:10:00,5.76
2020-03-17 01:20:00,5.88
2020-03-17 01:30:00,6.08
2020-03-17 01:40:00,5.41
2020-03-17 01:50:00,5.32
2020-03-17 02:00:00,5.62
2020-03-17 02:10:00,5.72
2020-03-17 02:20:00,5.73
2020-03-17 02:30:00,5.74
2020-03-17 02:40:00,5.53
2020-03-17 02:50:00,5.48
2020-03-17 03:00:00,5.59
2020-03-17 03:10:00,5.57
2020-03-17 03:20:00,5.26
2020-03-17 03:30:00,5.02
2020-03-17 03:40:00,4.84
2020-03-17 03:50:00,5.19
2020-03-17 04:00:00,5.41
2020-03-17 04:10:00,5.43
2020-03-17 04:20:00,5.51
2020-03-17 04:30:00,5.46
2020-03-17 04:40:00,5.6
2020-03-17 04:50:00,5.47
2020-03-17 05:00:00,5.34
2020-03-17 05:10:00,5.07
2020-03-17 05:20:00,4.94
2020-03-17 05:30:00,4.93
2020-03-17 05:40:00,4.96
2020-03-17 05:50:00,4.87
2020-03-17 06:00:00,5.03
2020-03-17 06:10:00,5.14
2020-03-17 06:20:00,5.08
2020-03-17 06:30:00,5.21
2020-03-17 06:40:00,5.36
2020-03-17 06:50:00,5.43
2020-03-17 07:00:00,5.6
2020-03-17 07:10:00,5.65
2020-03-17 07:20:00,5.59
2020-03-17 07:30:00,5.79
2020-03-17 07:40:00,6.07
2020-03-17 07:50:00,6.33
2020-03-17 08:00:00,6.74
2020-03-17 08:10:00,7.03
2020-03-17 08:20:00,7.21
2020-03-17 08:30:00,7.36
2020-03-17 08:40:00,7.33
2020-03-17 08:50:00,7.6
2020-03-17 09:00:00,8.03
2020-03-17 09:10:00,8.18
2020-03-17 09:20:00,8.4
2020-03-17 09:30:00,8.68
2020-03-17 09:40:00,8.53
2020-03-17 09:50:00,8.41
2020-03-17 10:00:00,8.52
2020-03-17 10:10:00,9.01
2020-03-17 10:20:00,9.58
2020-03-17 10:30:00,9.96
2020-03-17 10:40:00,10.25
2020-03-17 10:50:00,10.38
2020-03-17 11:00:00,10.34
2020-03-17 11:10:00,10.57
2020-03-17 11:20:00,10.92
2020-03-17 11:30:00,11.16
2020-03-17 11:40:00,11.53
2020-03-17 11:50:00,11.89
2020-03-17 12:00:00,11.74
2020-03-17 12:10:00,10.8
2020-03-17 12:20:00,10.2
2020-03-17 12:30:00,10.17
2020-03-17 12:40:00,10.43
2020-03-17 12:50:00,10.43
2020-03-17 13:00:00,10.41
2020-03-17 13:10:00,10.6
2020-03-17 13:20:00,10.95
2020-03-17 13:30:00,11.23
2020-03-17 13:40:00,11.36
2020-03-17 13:50:00,11.62
2020-03-17 14:00:00,11.94
2020-03-17 14:10:00,12.05
2020-03-17 14:20:00,12.1
2020-03-17 14:30:00,11.82
2020-03-17 14:40:00,11.66
2020-03-17 14:50:00,11.81
2020-03-17 15:00:00,11.89
2020-03-17 15:10:00,11.81
2020-03-17 15:20:00,11.78
2020-03-17 15:30:00,11.84
2020-03-17 15:40:00,11.96
2020-03-17 15:50:00,12.17
2020-03-17 16:00:00,12.6
2020-03-17 16:10:00,12.91
2020-03-17 16:20:00,13.18
2020-03-17 16:30:00,13.22
2020-03-17 16:40:00,12.93
2020-03-17 16:50:00,12.7
2020-03-17 17:00:00,12.59
2020-03-17 17:10:00,12.58
2020-03-17 17:20:00,12.67
2020-03-17 17:30:00,12.59
2020-03-17 17:40:00,12.43
2020-03-17 17:50:00,12.29
2020-03-17 18:00:00,12.18
2020-03-17 18:10:00,11.97
2020-03-17 18:20:00,11.7
2020-03-17 18:30:00,11.49
2020-03-17 18:40:00,11.37
2020-03-17 18:50:00,11.09
2020-03-17 19:00:00,11.04
2020-03-17 19:10:00,10.91
2020-03-17 19:20:00,10.88
2020-03-17 19:30:00,10.73
2020-03-17 19:40:00,10.54
2020-03-17 19:50:00,10.38
2020-03-17 20:00:00,9.62
2020-03-17 20:10:00,9.43
2020-03-17 20:20:00,9.26
2020-03-17 20:30:00,9.23
2020-03-17 20:40:00,9.08
2020-03-17 20:50:00,8.77
2020-03-17 21:00:00,8.39
2020-03-17 21:10:00,8.15
2020-03-17 21:20:00,7.89
2020-03-17 21:30:00,7.59
2020-03-17 21:40:00,7.44
2020-03-17 21:50:00,7.4
2020-03-17 22:00:00,7.27
2020-03-17 22:10:00,7.15
2020-03-17 22:20:00,6.98
2020-03-17 22:30:00,6.87
2020-03-17 22:40:00,6.76
2020-03-17 22:50:00,6.67
2020-03-17 23:00:00,6.44
2020-03-17 23:10:00,6.2
2020-03-17 23:20:00,6.15
2020-03-17 23:30:00,5.56
2020-03-17 23:40:00,5.46
2020-03-17 23:50:00,5.34
2020-03-18 00:00:00,5.21
2020-03-18 00:10:00,5.06
2020-03-18 00:20:00,4.94
2020-03-18 00:30:00,4.58
2020-03-18 00:40:00,4.31
2020-03-18 00:50:00,4.16
2020-03-18 01:00:00,3.98
2020-03-18 01:10:00,3.96
2020-03-18 01:20:00,3.83
2020-03-18 01:30:00,3.78
2020-03-18 01:40:00,3.68
2020-03-18 01:50:00,3.63
2020-03-18 02:00:00,3.24
2020-03-18 02:10:00,3.09
2020-03-18 02:20:00,3.07
2020-03-18 02:30:00,2.94
2020-03-18 02:40:00,2.82
2020-03-18 02:50:00,2.8
2020-03-18 03:00:00,2.69
2020-03-18 03:10:00,2.49
2020-03-18 03:20:00,2.25
2020-03-18 03:30:00,2.07
2020-03-18 03:40:00,1.96
2020-03-18 03:50:00,2.1
2020-03-18 04:00:00,2.07
2020-03-18 04:10:00,1.95
2020-03-18 04:20:00,1.81
2020-03-18 04:30:00,1.73
2020-03-18 04:40:00,1.76
2020-03-18 04:50:00,1.69
2020-03-18 05:00:00,1.71
2020-03-18 05:10:00,1.67
2020-03-18 05:20:00,1.52
2020-03-18 05:30:00,1.4
2020-03-18 05:40:00,1.29
2020-03-18 05:50:00,1.26
2020-03-18 06:00:00,1.24
2020-03-18 06:10:00,1.09
2020-03-18 06:20:00,0.93
2020-03-18 06:30:00,0.81
2020-03-18 06:40:00,0.79
2020-03-18 06:50:00,0.74
2020-03-18 07:00:00,0.63
2020-03-18 07:10:00,0.64
2020-03-18 07:20:00,0.63
2020-03-18 07:30:00,0.61
2020-03-18 07:40:00,0.66
2020-03-18 07:50:00,0.79
2020-03-18 08:00:00,1.08
2020-03-18 08:10:00,1.29
2020-03-18 08:20:00,1.53
2020-03-18 08:30:00,2.08
2020-03-18 08:40:00,2.6
2020-03-18 08:50:00,3.23
2020-03-18 09:00:00,3.74
2020-03-18 09:10:00,4.26
2020-03-18 09:20:00,5.07
2020-03-18 09:30:00,5.61
2020-03-18 09:40:00,6.51
2020-03-18 09:50:00,7.27
2020-03-18 10:00:00,8.12
2020-03-18 10:10:00,9.17
2020-03-18 10:20:00,10.01
2020-03-18 10:30:00,10.91
2020-03-18 10:40:00,11.71
2020-03-18 10:50:00,11.99
2020-03-18 11:00:00,12.99
2020-03-18 11:10:00,13.15
2020-03-18 11:20:00,13.85
2020-03-18 11:30:00,14.47
2020-03-18 11:40:00,14.96
2020-03-18 11:50:00,15.21
2020-03-18 12:00:00,15.42
2020-03-18 12:10:00,15.57
2020-03-18 12:20:00,16.17
2020-03-18 12:30:00,16.26
2020-03-18 12:40:00,16.32
2020-03-18 12:50:00,16.4
2020-03-18 13:00:00,16.87
2020-03-18 13:10:00,17.03
2020-03-18 13:20:00,17.31
2020-03-18 13:30:00,17.1
2020-03-18 13:40:00,16.72
2020-03-18 13:50:00,16.76
2020-03-18 14:00:00,16.66
2020-03-18 14:10:00,16.45
2020-03-18 14:20:00,16.45
2020-03-18 14:30:00,16.99
2020-03-18 14:40:00,17.15
2020-03-18 14:50:00,16.91
2020-03-18 15:00:00,17.22
2020-03-18 15:10:00,17.53
2020-03-18 15:20:00,17.42
2020-03-18 15:30:00,17.33
2020-03-18 15:40:00,17.39
2020-03-18 15:50:00,17.55
2020-03-18 16:00:00,17.24
2020-03-18 16:10:00,17.22
2020-03-18 16:20:00,17.34
2020-03-18 16:30:00,17.36
2020-03-18 16:40:00,17.05
2020-03-18 16:50:00,16.7
2020-03-18 17:00:00,16.51
2020-03-18 17:10:00,16.24
2020-03-18 17:20:00,15.93
2020-03-18 17:30:00,15.73
2020-03-18 17:40:00,15.63
2020-03-18 17:50:00,15.63
2020-03-18 18:00:00,15.51
2020-03-18 18:10:00,15.35
2020-03-18 18:20:00,15.24
2020-03-18 18:30:00,15.1
2020-03-18 18:40:00,14.86
2020-03-18 18:50:00,14.5
2020-03-18 19:00:00,14.17
2020-03-18 19:10:00,13.88
2020-03-18 19:20:00,13.61
2020-03-18 19:30:00,13.42
2020-03-18 19:40:00,13.18
2020-03-18 19:50:00,12.98
2020-03-18 20:00:00,13.22
2020-03-18 20:10:00,13.31
2020-03-18 20:20:00,13.33
2020-03-18 20:30:00,13.22
2020-03-18 20:40:00,12.85
2020-03-18 20:50:00,12.73
2020-03-18 21:00:00,12.47
2020-03-18 21:10:00,12.24
2020-03-18 21:20:00,11.98
2020-03-18 21:30:00,11.61
2020-03-18 21:40:00,11.38
2020-03-18 21:50:00,10.73
2020-03-18 22:00:00,10.21
2020-03-18 22:10:00,9.96
2020-03-18 22:20:00,10.17
2020-03-18 22:30:00,9.79
2020-03-18 22:40:00,8.99
2020-03-18 22:50:00,8.46
2020-03-18 23:00:00,8.77
2020-03-18 23:10:00,9.0
2020-03-18 23:20:00,8.87
2020-03-18 23:30:00,8.56
2020-03-18 23:40:00,8.03
2020-03-18 23:50:00,7.6
2020-03-19 00:00:00,7.2
2020-03-19 00:10:00,6.92
2020-03-19 00:20:00,6.73
2020-03-19 00:30:00,6.64
2020-03-19 00:40:00,6.63
2020-03-19 00:50:00,6.59
2020-03-19 01:00:00,6.17
2020-03-19 01:10:00,6.24
2020-03-19 01:20:00,6.56
2020-03-19 01:30:00,6.69
2020-03-19 01:40:00,6.36
2020-03-19 01:50:00,6.26
2020-03-19 02:00:00,6.52
2020-03-19 02:10:00,6.61
2020-03-19 02:20:00,6.3
2020-03-19 02:30:00,5.9
2020-03-19 02:40:00,5.82
2020-03-19 02:50:00,5.9
2020-03-19 03:00:00,6.1
2020-03-19 03:10:00,6.14
2020-03-19 03:20:00,6.32
2020-03-19 03:30:00,6.41
2020-03-19 03:40:00,6.5
2020-03-19 03:50:00,6.19
2020-03-19 04:00:00,5.96
2020-03-19 04:10:00,5.91
2020-03-19 04:20:00,6.01
2020-03-19 04:30:00,5.85
2020-03-19 04:40:00,5.64
2020-03-19 04:50:00,5.55
2020-03-19 05:00:00,5.58
2020-03-19 05:10:00,5.84
2020-03-19 05:20:00,5.65
2020-03-19 05:30:00,5.53
2020-03-19 05:40:00,5.4
2020-03-19 05:50:00,5.3
2020-03-19 06:00:00,5.52
2020-03-19 06:10:00,5.63
2020-03-19 06:20:00,5.17
2020-03-19 06:30:00,5.24
2020-03-19 06:40:00,5.59
2020-03-19 06:50:00,5.72
2020-03-19 07:00:00,5.72
2020-03-19 07:10:00,5.72
2020-03-19 07:20:00,5.67
2020-03-19 07:30:00,5.42
2020-03-19 07:40:00,5.52
2020-03-19 07:50:00,6.39
2020-03-19 08:00:00,7.33
2020-03-19 08:10:00,7.89
2020-03-19 08:20:00,8.51
2020-03-19 08:30:00,8.62
2020-03-19 08:40:00,9.25
2020-03-19 08:50:00,9.83
2020-03-19 09:00:00,10.48
2020-03-19 09:10:00,10.85
2020-03-19 09:20:00,11.13
2020-03-19 09:30:00,11.46
2020-03-19 09:40:00,11.64
2020-03-19 09:50:00,12.06
2020-03-19 10:00:00,12.44
2020-03-19 10:10:00,12.75
2020-03-19 10:20:00,13.25
2020-03-19 10:30:00,13.8
2020-03-19 10:40:00,14.28
2020-03-19 10:50:00,14.96
2020-03-19 11:00:00,15.05
2020-03-19 11:10:00,15.17
2020-03-19 11:20:00,15.28
2020-03-19 11:30:00,15.12
2020-03-19 11:40:00,15.14
2020-03-19 11:50:00,14.74
2020-03-19 12:00:00,14.57
2020-03-19 12:10:00,14.43
2020-03-19 12:20:00,14.83
2020-03-19 12:30:00,14.92
2020-03-19 12:40:00,15.07
2020-03-19 12:50:00,14.76
2020-03-19 13:00:00,14.87
2020-03-19 13:10:00,14.86
2020-03-19 13:20:00,15.26
2020-03-19 13:30:00,15.05
2020-03-19 13:40:00,15.17
2020-03-19 13:50:00,15.37
2020-03-19 14:00:00,15.12
2020-03-19 14:10:00,15.17
2020-03-19 14:20:00,15.22
2020-03-19 14:30:00,15.32
2020-03-19 14:40:00,15.42
2020-03-19 14:50:00,15.44
2020-03-19 15:00:00,15.54
2020-03-19 15:10:00,15.61
2020-03-19 15:20:00,15.63
2020-03-19 15:30:00,15.71
2020-03-19 15:40:00,15.5
2020-03-19 15:50:00,15.53
2020-03-19 16:00:00,15.49
2020-03-19 16:10:00,15.36
2020-03-19 16:20:00,15.27
2020-03-19 16:30:00,15.22
2020-03-19 16:40:00,15.13
2020-03-19 16:50:00,15.02
2020-03-19 17:00:00,14.88
2020-03-19 17:10:00,14.93
2020-03-19 17:20:00,14.88
2020-03-19 17:30:00,14.81
2020-03-19 17:40:00,14.79
2020-03-19 17:50:00,14.72
2020-03-19 18:00:00,14.61
2020-03-19 18:10:00,14.38
2020-03-19 18:20:00,13.99
2020-03-19 18:30:00,13.84
2020-03-19 18:40:00,13.72
2020-03-19 18:50:00,13.64
2020-03-19 19:00:00,13.53
2020-03-19 19:10:00,13.45
2020-03-19 19:20:00,13.35
2020-03-19 19:30:00,13.26
2020-03-19 19:40:00,13.15
2020-03-19 19:50:00,13.09
2020-03-19 20:00:00,12.95
2020-03-19 20:10:00,12.82
2020-03-19 20:20:00,12.71
2020-03-19 20:30:00,12.62
2020-03-19 20:40:00,12.53
2020-03-19 20:50:00,12.47
2020-03-19 21:00:00,12.38
2020-03-19 21:10:00,12.3
2020-03-19 21:20:00,12.24
2020-03-19 21:30:00,12.17
2020-03-19 21:40:00,12.01
2020-03-19 21:50:00,11.84
2020-03-19 22:00:00,11.6
2020-03-19 22:10:00,11.2
2020-03-19 22:20:00,10.92
2020-03-19 22:30:00,10.6
2020-03-19 22:40:00,10.3
2020-03-19 22:50:00,10.07
2020-03-19 23:00:00,9.89
2020-03-19 23:10:00,9.73
2020-03-19 23:20:00,9.62
2020-03-19 23:30:00,9.53
2020-03-19 23:40:00,9.39
2020-03-19 23:50:00,9.2
2020-03-20 00:00:00,9.04
2020-03-20 00:10:00,8.97
2020-03-20 00:20:00,8.94
2020-03-20 00:30:00,8.92
2020-03-20 00:40:00,8.85
2020-03-20 00:50:00,8.83
2020-03-20 01:00:00,8.82
2020-03-20 01:10:00,8.75
2020-03-20 01:20:00,8.7
2020-03-20 01:30:00,8.62
2020-03-20 01:40:00,8.61
2020-03-20 01:50:00,8.53
2020-03-20 02:00:00,8.45
2020-03-20 02:10:00,8.39
2020-03-20 02:20:00,8.32
2020-03-20 02:30:00,8.25
2020-03-20 02:40:00,8.12
2020-03-20 02:50:00,7.98
2020-03-20 03:00:00,7.93
2020-03-20 03:10:00,7.94
2020-03-20 03:20:00,8.01
2020-03-20 03:30:00,8.07
2020-03-20 03:40:00,7.86
2020-03-20 03:50:00,7.55
2020-03-20 04:00:00,7.54
2020-03-20 04:10:00,7.56
2020-03-20 04:20:00,7.61
2020-03-20 04:30:00,7.6
2020-03-20 04:40:00,7.48
2020-03-20 04:50:00,7.41
2020-03-20 05:00:00,7.45
2020-03-20 05:10:00,7.43
2020-03-20 05:20:00,7.41
2020-03-20 05:30:00,7.34
2020-03-20 05:40:00,7.33
2020-03-20 05:50:00,7.35
2020-03-20 06:00:00,7.27
2020-03-20 06:10:00,7.27
2020-03-20 06:20:00,7.27
2020-03-20 06:30:00,7.18
2020-03-20 06:40:00,7.1
2020-03-20 06:50:00,7.08
2020-03-20 07:00:00,7.06
2020-03-20 07:10:00,7.01
2020-03-20 07:20:00,6.97
2020-03-20 07:30:00,6.9
2020-03-20 07:40:00,6.92
2020-03-20 07:50:00,6.9
2020-03-20 08:00:00,6.87
2020-03-20 08:10:00,6.86
2020-03-20 08:20:00,6.82
2020-03-20 08:30:00,6.84
2020-03-20 08:40:00,6.87
2020-03-20 08:50:00,6.91
2020-03-20 09:00:00,6.94
2020-03-20 09:10:00,6.97
2020-03-20 09:20:00,7.07
2020-03-20 09:30:00,7.15
2020-03-20 09:40:00,7.26
2020-03-20 09:50:00,7.26
2020-03-20 10:00:00,7.26
2020-03-20 10:10:00,7.18
2020-03-20 10:20:00,7.04
2020-03-20 10:30:00,7.04
2020-03-20 10:40:00,7.07
2020-03-20 10:50:00,7.11
2020-03-20 11:00:00,7.07
2020-03-20 11:10:00,7.05
2020-03-20 11:20:00,6.99
2020-03-20 11:30:00,7.03
2020-03-20 11:40:00,7.1
2020-03-20 11:50:00,7.15
2020-03-20 12:00:00,7.18
2020-03-20 12:10:00,7.21
2020-03-20 12:20:00,7.21
2020-03-20 12:30:00,7.28
2020-03-20 12:40:00,7.41
2020-03-20 12:50:00,7.46
2020-03-20 13:00:00,7.43
2020-03-20 13:10:00,7.42
2020-03-20 13:20:00,7.45
2020-03-20 13:30:00,7.45
2020-03-20 13:40:00,7.34
2020-03-20 13:50:00,7.3
2020-03-20 14:00:00,7.32
2020-03-20 14:10:00,7.27
2020-03-20 14:20:00,7.24
2020-03-20 14:30:00,7.1
2020-03-20 14:40:00,6.96
2020-03-20 14:50:00,6.7
2020-03-20 15:00:00,6.53
2020-03-20 15:10:00,6.48
2020-03-20 15:20:00,6.47
2020-03-20 15:30:00,6.49
2020-03-20 15:40:00,6.43
2020-03-20 15:50:00,6.35
2020-03-20 16:00:00,6.36
2020-03-20 16:10:00,6.27
2020-03-20 16:20:00,6.26
2020-03-20 16:30:00,6.24
2020-03-20 16:40:00,6.16
2020-03-20 16:50:00,6.14
2020-03-20 17:00:00,6.09
2020-03-20 17:10:00,6.06
2020-03-20 17:20:00,6.07
2020-03-20 17:30:00,6.0
2020-03-20 17:40:00,6.01
2020-03-20 17:50:00,5.97
2020-03-20 18:00:00,5.94
2020-03-20 18:10:00,5.85
2020-03-20 18:20:00,5.73
2020-03-20 18:30:00,5.58
2020-03-20 18:40:00,5.51
2020-03-20 18:50:00,5.4
2020-03-20 19:00:00,5.39
2020-03-20 19:10:00,5.3
2020-03-20 19:20:00,5.27
2020-03-20 19:30:00,5.22
2020-03-20 19:40:00,5.17
2020-03-20 19:50:00,5.13
2020-03-20 20:00:00,5.07
2020-03-20 20:10:00,4.98
2020-03-20 20:20:00,4.88
2020-03-20 20:30:00,4.68
2020-03-20 20:40:00,4.39
2020-03-20 20:50:00,4.2
2020-03-20 21:00:00,4.01
2020-03-20 21:10:00,3.99
2020-03-20 21:20:00,3.96
2020-03-20 21:30:00,3.79
2020-03-20 21:40:00,3.69
2020-03-20 21:50:00,3.73
2020-03-20 22:00:00,3.82
2020-03-20 22:10:00,3.81
2020-03-20 22:20:00,3.67
2020-03-20 22:30:00,3.54
2020-03-20 22:40:00,3.54
2020-03-20 22:50:00,3.5
2020-03-20 23:00:00,3.47
2020-03-20 23:10:00,3.42
2020-03-20 23:20:00,3.36
2020-03-20 23:30:00,3.42
2020-03-20 23:40:00,3.49
2020-03-20 23:50:00,3.57
2020-03-21 00:00:00,3.57
2020-03-21 00:10:00,3.54
2020-03-21 00:20:00,3.54
2020-03-21 00:30:00,3.54
2020-03-21 00:40:00,3.6
2020-03-21 00:50:00,3.65
2020-03-21 01:00:00,3.68
2020-03-21 01:10:00,3.68
2020-03-21 01:20:00,3.65
2020-03-21 01:30:00,3.58
2020-03-21 01:40:00,3.52
2020-03-21 01:50:00,3.51
2020-03-21 02:00:00,3.54
2020-03-21 02:10:00,3.54
2020-03-21 02:20:00,3.54
2020-03-21 02:30:00,3.48
2020-03-21 02:40:00,3.52
2020-03-21 02:50:00,3.5
2020-03-21 03:00:00,3.54
2020-03-21 03:10:00,3.54
2020-03-21 03:20:00,3.56
2020-03-21 03:30:00,3.57
2020-03-21 03:40:00,3.6
2020-03-21 03:50:00,3.61
2020-03-21 04:00:00,3.61
2020-03-21 04:10:00,3.6
2020-03-21 04:20:00,3.61
2020-03-21 04:30:00,3.62
2020-03-21 04:40:00,3.62
2020-03-21 04:50:00,3.64
2020-03-21 05:00:00,3.62
2020-03-21 05:10:00,3.6
2020-03-21 05:20:00,3.58
2020-03-21 05:30:00,3.59
2020-03-21 05:40:00,3.54
2020-03-21 05:50:00,3.49
2020-03-21 06:00:00,3.41
2020-03-21 06:10:00,3.31
2020-03-21 06:20:00,3.24
2020-03-21 06:30:00,3.18
2020-03-21 06:40:00,3.09
2020-03-21 06:50:00,3.04
2020-03-21 07:00:00,3.01
2020-03-21 07:10:00,2.95
2020-03-21 07:20:00,2.93
2020-03-21 07:30:00,2.88
2020-03-21 07:40:00,2.87
2020-03-21 07:50:00,2.87
2020-03-21 08:00:00,2.89
2020-03-21 08:10:00,2.94
2020-03-21 08:20:00,2.85
2020-03-21 08:30:00,2.77
2020-03-21 08:40:00,2.76
2020-03-21 08:50:00,2.68
2020-03-21 09:00:00,2.46
2020-03-21 09:10:00,2.42
2020-03-21 09:20:00,2.46
2020-03-21 09:30:00,2.54
2020-03-21 09:40:00,2.55
2020-03-21 09:50:00,2.54
2020-03-21 10:00:00,2.59
2020-03-21 10:10:00,2.69
2020-03-21 10:20:00,2.92
2020-03-21 10:30:00,3.2
2020-03-21 10:40:00,3.4
2020-03-21 10:50:00,3.54
2020-03-21 11:00:00,3.55
2020-03-21 11:10:00,3.74
2020-03-21 11:20:00,4.14
2020-03-21 11:30:00,4.44
2020-03-21 11:40:00,4.22
2020-03-21 11:50:00,4.14
2020-03-21 12:00:00,4.43
2020-03-21 12:10:00,4.64
2020-03-21 12:20:00,4.73
2020-03-21 12:30:00,4.53
2020-03-21 12:40:00,4.42
2020-03-21 12:50:00,4.43
2020-03-21 13:00:00,4.51
2020-03-21 13:10:00,4.5
2020-03-21 13:20:00,4.36
2020-03-21 13:30:00,4.33
2020-03-21 13:40:00,4.3
2020-03-21 13:50:00,4.33
2020-03-21 14:00:00,4.4
2020-03-21 14:10:00,4.25
2020-03-21 14:20:00,4.02
2020-03-21 14:30:00,3.89
2020-03-21 14:40:00,3.88
2020-03-21 14:50:00,3.87
2020-03-21 15:00:00,3.81
2020-03-21 15:10:00,3.89
2020-03-21 15:20:00,3.84
2020-03-21 15:30:00,3.73
2020-03-21 15:40:00,3.81
2020-03-21 15:50:00,3.83
2020-03-21 16:00:00,3.74
2020-03-21 16:10:00,3.62
2020-03-21 16:20:00,3.61
2020-03-21 16:30:00,3.6
2020-03-21 16:40:00,3.52
2020-03-21 16:50:00,3.41
2020-03-21 17:00:00,3.34
2020-03-21 17:10:00,3.34
2020-03-21 17:20:00,3.39
2020-03-21 17:30:00,3.41
2020-03-21 17:40:00,3.36
2020-03-21 17:50:00,3.33
2020-03-21 18:00:00,3.28
2020-03-21 18:10:00,3.25
2020-03-21 18:20:00,3.28
2020-03-21 18:30:00,3.28
2020-03-21 18:40:00,3.28
2020-03-21 18:50:00,3.24
2020-03-21 19:00:00,3.23
2020-03-21 19:10:00,3.21
2020-03-21 19:20:00,3.17
2020-03-21 19:30:00,3.09
2020-03-21 19:40:00,3.01
2020-03-21 19:50:00,2.92
2020-03-21 20:00:00,2.89
2020-03-21 20:10:00,2.83
2020-03-21 20:20:00,2.81
2020-03-21 20:30:00,2.81
2020-03-21 20:40:00,2.8
2020-03-21 20:50:00,2.79
2020-03-21 21:00:00,2.74
2020-03-21 21:10:00,2.63
2020-03-21 21:20:00,2.48
2020-03-21 21:30:00,2.37
2020-03-21 21:40:00,2.16
2020-03-21 21:50:00,2.08
2020-03-21 22:00:00,1.96
2020-03-21 22:10:00,1.93
2020-03-21 22:20:00,1.79
2020-03-21 22:30:00,1.76
2020-03-21 22:40:00,1.57
2020-03-21 22:50:00,1.4
2020-03-21 23:00:00,1.27
2020-03-21 23:10:00,1.1
2020-03-21 23:20:00,1.01
2020-03-21 23:30:00,0.91
2020-03-21 23:40:00,0.74
2020-03-21 23:50:00,0.64
2020-03-22 00:00:00,0.54
2020-03-22 00:10:00,0.46
2020-03-22 00:20:00,0.3
2020-03-22 00:30:00,0.23
2020-03-22 00:40:00,0.17
2020-03-22 00:50:00,0.11
2020-03-22 01:00:00,0.01
2020-03-22 01:10:00,-0.05
2020-03-22 01:20:00,-0.18
2020-03-22 01:30:00,-0.21
2020-03-22 01:40:00,-0.21
2020-03-22 01:50:00,-0.37
2020-03-22 02:00:00,-0.48
2020-03-22 02:10:00,-0.69
2020-03-22 02:20:00,-1.12
2020-03-22 02:30:00,-1.29
2020-03-22 02:40:00,-1.44
2020-03-22 02:50:00,-1.51
2020-03-22 03:00:00,-1.51
2020-03-22 03:10:00,-1.59
2020-03-22 03:20:00,-1.54
2020-03-22 03:30:00,-1.58
2020-03-22 03:40:00,-1.63
2020-03-22 03:50:00,-1.75
2020-03-22 04:00:00,-1.86
2020-03-22 04:10:00,-1.98
2020-03-22 04:20:00,-2.07
2020-03-22 04:30:00,-2.18
2020-03-22 04:40:00,-2.27
2020-03-22 04:50:00,-2.37
2020-03-22 05:00:00,-2.51
2020-03-22 05:10:00,-2.61
2020-03-22 05:20:00,-2.68
2020-03-22 05:30:00,-2.73
2020-03-22 05:40:00,-2.81
2020-03-22 05:50:00,-2.88
2020-03-22 06:00:00,-2.93
2020-03-22 06:10:00,-2.93
2020-03-22 06:20:00,-2.9
2020-03-22 06:30:00,-2.89
2020-03-22 06:40:00,-2.81
2020-03-22 06:50:00,-2.55
2020-03-22 07:00:00,-2.33
2020-03-22 07:10:00,-2.17
2020-03-22 07:20:00,-2.0
2020-03-22 07:30:00,-1.81
2020-03-22 07:40:00,-1.59
2020-03-22 07:50:00,-1.49
2020-03-22 08:00:00,-1.33
2020-03-22 08:10:00,-1.15
2020-03-22 08:20:00,-0.94
2020-03-22 08:30:00,-0.71
2020-03-22 08:40:00,-0.73
2020-03-22 08:50:00,-0.62
2020-03-22 09:00:00,-0.4
2020-03-22 09:10:00,-0.22
2020-03-22 09:20:00,-0.07
2020-03-22 09:30:00,0.15
2020-03-22 09:40:00,0.3
2020-03-22 09:50:00,-0.03
2020-03-22 10:00:00,0.48
2020-03-22 10:10:00,0.84
2020-03-22 10:20:00,0.91
2020-03-22 10:30:00,0.81
2020-03-22 10:40:00,0.53
2020-03-22 10:50:00,0.67
2020-03-22 11:00:00,0.85
2020-03-22 11:10:00,1.03
2020-03-22 11:20:00,1.34
2020-03-22 11:30:00,1.72
2020-03-22 11:40:00,1.84
2020-03-22 11:50:00,2.04
2020-03-22 12:00:00,1.49
2020-03-22 12:10:00,1.31
2020-03-22 12:20:00,1.64
2020-03-22 12:30:00,2.04
2020-03-22 12:40:00,2.21
2020-03-22 12:50:00,2.33
2020-03-22 13:00:00,2.57
2020-03-22 13:10:00,2.61
2020-03-22 13:20:00,2.76
2020-03-22 13:30:00,2.85
2020-03-22 13:40:00,2.79
2020-03-22 13:50:00,3.02
2020-03-22 14:00:00,3.1
2020-03-22 14:10:00,3.25
2020-03-22 14:20:00,3.38
2020-03-22 14:30:00,3.58
2020-03-22 14:40:00,3.61
2020-03-22 14:50:00,3.5
2020-03-22 15:00:00,3.84
2020-03-22 15:10:00,3.7
2020-03-22 15:20:00,3.75
2020-03-22 15:30:00,3.65
2020-03-22 15:40:00,3.57
2020-03-22 15:50:00,3.51
2020-03-22 16:00:00,3.6
2020-03-22 16:10:00,3.87
2020-03-22 16:20:00,3.67
2020-03-22 16:30:00,3.46
2020-03-22 16:40:00,3.5
2020-03-22 16:50:00,3.33
2020-03-22 17:00:00,3.32
2020-03-22 17:10:00,3.2
2020-03-22 17:20:00,3.1
2020-03-22 17:30:00,3.07
2020-03-22 17:40:00,2.92
2020-03-22 17:50:00,2.73
2020-03-22 18:00:00,2.58
2020-03-22 18:10:00,2.49
2020-03-22 18:20:00,2.32
2020-03-22 18:30:00,2.2
2020-03-22 18:40:00,2.04
2020-03-22 18:50:00,1.94
2020-03-22 19:00:00,1.8
2020-03-22 19:10:00,1.68
2020-03-22 19:20:00,1.54
2020-03-22 19:30:00,1.37
2020-03-22 19:40:00,1.27
2020-03-22 19:50:00,1.14
2020-03-22 20:00:00,1.04
2020-03-22 20:10:00,0.98
2020-03-22 20:20:00,0.87
2020-03-22 20:30:00,0.75
2020-03-22 20:40:00,0.66
2020-03-22 20:50:00,0.56
2020-03-22 21:00:00,0.47
2020-03-22 21:10:00,0.46
2020-03-22 21:20:00,0.45
2020-03-22 21:30:00,0.42
2020-03-22 21:40:00,0.31
2020-03-22 21:50:00,0.14
2020-03-22 22:00:00,-0.01
2020-03-22 22:10:00,-0.22
2020-03-22 22:20:00,-0.38
2020-03-22 22:30:00,-0.54
2020-03-22 22:40:00,-0.82
2020-03-22 22:50:00,-1.01
2020-03-22 23:00:00,-1.11
2020-03-22 23:10:00,-1.23
2020-03-22 23:20:00,-1.48
2020-03-22 23:30:00,-1.7
2020-03-22 23:40:00,-1.94
2020-03-22 23:50:00,-2.06
2020-03-23 00:00:00,-2.16
2020-03-23 00:10:00,-2.03
2020-03-23 00:20:00,-2.16
2020-03-23 00:30:00,-2.17
2020-03-23 00:40:00,-2.0
2020-03-23 00:50:00,-2.03
2020-03-23 01:00:00,-1.98
2020-03-23 01:10:00,-1.92
2020-03-23 01:20:00,-1.86
2020-03-23 01:30:00,-1.8
2020-03-23 01:40:00,-2.04
2020-03-23 01:50:00,-2.52
2020-03-23 02:00:00,-2.82
2020-03-23 02:10:00,-3.15
2020-03-23 02:20:00,-2.75
2020-03-23 02:30:00,-2.72
2020-03-23 02:40:00,-3.03
2020-03-23 02:50:00,-3.12
2020-03-23 03:00:00,-3.25
2020-03-23 03:10:00,-3.39
2020-03-23 03:20:00,-3.39
2020-03-23 03:30:00,-3.39
2020-03-23 03:40:00,-3.42
2020-03-23 03:50:00,-3.41
2020-03-23 04:00:00,-3.46
2020-03-23 04:10:00,-3.48
2020-03-23 04:20:00,-3.55
2020-03-23 04:30:00,-3.65
2020-03-23 04:40:00,-3.77
2020-03-23 04:50:00,-3.84
2020-03-23 05:00:00,-3.93
2020-03-23 05:10:00,-4.08
2020-03-23 05:20:00,-4.15
2020-03-23 05:30:00,-4.12
2020-03-23 05:40:00,-4.2
2020-03-23 05:50:00,-4.26
2020-03-23 06:00:00,-4.46
2020-03-23 06:10:00,-4.88
2020-03-23 06:20:00,-5.18
2020-03-23 06:30:00,-5.22
2020-03-23 06:40:00,-5.33
2020-03-23 06:50:00,-4.62
2020-03-23 07:00:00,-4.41
2020-03-23 07:10:00,-3.59
2020-03-23 07:20:00,-2.85
2020-03-23 07:30:00,-2.59
2020-03-23 07:40:00,-2.24
2020-03-23 07:50:00,-1.38
2020-03-23 08:00:00,-1.31
2020-03-23 08:10:00,-1.11
2020-03-23 08:20:00,-0.46
2020-03-23 08:30:00,0.21
2020-03-23 08:40:00,0.64
2020-03-23 08:50:00,0.84
2020-03-23 09:00:00,0.86
2020-03-23 09:10:00,0.78
2020-03-23 09:20:00,0.96
2020-03-23 09:30:00,0.58
2020-03-23 09:40:00,0.55
2020-03-23 09:50:00,0.75
2020-03-23 10:00:00,0.82
2020-03-23 10:10:00,1.3
2020-03-23 10:20:00,1.11
2020-03-23 10:30:00,1.29
2020-03-23 10:40:00,1.31
2020-03-23 10:50:00,1.29
2020-03-23 11:00:00,1.38
2020-03-23 11:10:00,1.47
2020-03-23 11:20:00,1.87
2020-03-23 11:30:00,1.87
2020-03-23 11:40:00,2.32
2020-03-23 11:50:00,2.57
2020-03-23 12:00:00,2.73
2020-03-23 12:10:00,2.38
2020-03-23 12:20:00,2.68
2020-03-23 12:30:00,2.93
2020-03-23 12:40:00,3.03
2020-03-23 12:50:00,3.15
2020-03-23 13:00:00,3.09
2020-03-23 13:10:00,3.16
2020-03-23 13:20:00,3.5
2020-03-23 13:30:00,3.65
2020-03-23 13:40:00,3.72
2020-03-23 13:50:00,4.27
2020-03-23 14:00:00,3.88
2020-03-23 14:10:00,3.89
2020-03-23 14:20:00,4.26
2020-03-23 14:30:00,4.0
2020-03-23 14:40:00,4.33
2020-03-23 14:50:00,4.12
2020-03-23 15:00:00,4.13
2020-03-23 15:10:00,4.12
2020-03-23 15:20:00,4.24
2020-03-23 15:30:00,4.18
2020-03-23 15:40:00,4.13
2020-03-23 15:50:00,4.09
2020-03-23 16:00:00,4.09
2020-03-23 16:10:00,4.2
2020-03-23 16:20:00,4.17
2020-03-23 16:30:00,3.9
2020-03-23 16:40:00,3.77
2020-03-23 16:50:00,3.62
2020-03-23 17:00:00,3.53
2020-03-23 17:10:00,3.51
2020-03-23 17:20:00,3.4
2020-03-23 17:30:00,3.28
2020-03-23 17:40:00,3.19
2020-03-23 17:50:00,3.03
2020-03-23 18:00:00,2.92
2020-03-23 18:10:00,2.83
2020-03-23 18:20:00,2.7
2020-03-23 18:30:00,2.62
2020-03-23 18:40:00,2.45
2020-03-23 18:50:00,2.32
2020-03-23 19:00:00,2.14
2020-03-23 19:10:00,2.0
2020-03-23 19:20:00,1.88
2020-03-23 19:30:00,1.7
2020-03-23 19:40:00,1.58
2020-03-23 19:50:00,1.56
2020-03-23 20:00:00,1.53
2020-03-23 20:10:00,1.45
2020-03-23 20:20:00,1.29
2020-03-23 20:30:00,1.22
2020-03-23 20:40:00,1.06
2020-03-23 20:50:00,1.09
2020-03-23 21:00:00,0.9
2020-03-23 21:10:00,0.79
2020-03-23 21:20:00,0.7
2020-03-23 21:30:00,0.61
2020-03-23 21:40:00,0.55
2020-03-23 21:50:00,0.55
2020-03-23 22:00:00,0.49
2020-03-23 22:10:00,0.2
2020-03-23 22:20:00,-0.11
2020-03-23 22:30:00,-0.34
2020-03-23 22:40:00,-0.48
2020-03-23 22:50:00,-0.59
2020-03-23 23:00:00,-0.61
2020-03-23 23:10:00,-0.62
2020-03-23 23:20:00,-0.69
2020-03-23 23:30:00,-0.92
2020-03-23 23:40:00,-1.26
2020-03-23 23:50:00,-1.56
2020-03-24 00:00:00,-1.41
2020-03-24 00:10:00,-1.39
2020-03-24 00:20:00,-1.41
2020-03-24 00:30:00,-1.54
2020-03-24 00:40:00,-2.11
2020-03-24 00:50:00,-2.17
2020-03-24 01:00:00,-2.37
2020-03-24 01:10:00,-2.68
2020-03-24 01:20:00,-2.77
2020-03-24 01:30:00,-2.69
2020-03-24 01:40:00,-2.98
2020-03-24 01:50:00,-3.19
2020-03-24 02:00:00,-3.38
2020-03-24 02:10:00,-3.3
2020-03-24 02:20:00,-3.49
2020-03-24 02:30:00,-3.47
2020-03-24 02:40:00,-3.51
2020-03-24 02:50:00,-3.46
2020-03-24 03:00:00,-3.87
2020-03-24 03:10:00,-4.25
2020-03-24 03:20:00,-4.31
2020-03-24 03:30:00,-4.33
2020-03-24 03:40:00,-4.49
2020-03-24 03:50:00,-4.56
2020-03-24 04:00:00,-4.68
2020-03-24 04:10:00,-4.82
2020-03-24 04:20:00,-4.92
2020-03-24 04:30:00,-5.3
2020-03-24 04:40:00,-5.14
2020-03-24 04:50:00,-5.28
2020-03-24 05:00:00,-5.36
2020-03-24 05:10:00,-5.32
2020-03-24 05:20:00,-5.48
2020-03-24 05:30:00,-5.35
2020-03-24 05:40:00,-5.34
2020-03-24 05:50:00,-5.29
2020-03-24 06:00:00,-5.55
2020-03-24 06:10:00,-5.61
2020-03-24 06:20:00,-5.22
2020-03-24 06:30:00,-5.56
2020-03-24 06:40:00,-5.66
2020-03-24 06:50:00,-5.12
2020-03-24 07:00:00,-4.16
2020-03-24 07:10:00,-3.92
2020-03-24 07:20:00,-3.67
2020-03-24 07:30:00,-3.25
2020-03-24 07:40:00,-3.0
2020-03-24 07:50:00,-2.62
2020-03-24 08:00:00,-2.19
2020-03-24 08:10:00,-1.84
2020-03-24 08:20:00,-1.27
2020-03-24 08:30:00,-0.7
2020-03-24 08:40:00,-0.45
2020-03-24 08:50:00,-0.55
2020-03-24 09:00:00,-0.19
2020-03-24 09:10:00,0.37
2020-03-24 09:20:00,1.02
2020-03-24 09:30:00,1.4
2020-03-24 09:40:00,1.78
2020-03-24 09:50:00,1.8
2020-03-24 10:00:00,2.01
2020-03-24 10:10:00,2.74
2020-03-24 10:20:00,2.89
2020-03-24 10:30:00,2.73
2020-03-24 10:40:00,3.01
2020-03-24 10:50:00,3.1
2020-03-24 11:00:00,3.29
2020-03-24 11:10:00,3.1
2020-03-24 11:20:00,3.26
2020-03-24 11:30:00,3.43
2020-03-24 11:40:00,3.47
2020-03-24 11:50:00,3.89
2020-03-24 12:00:00,4.22
2020-03-24 12:10:00,4.14
2020-03-24 12:20:00,4.17
2020-03-24 12:30:00,4.53
2020-03-24 12:40:00,4.6
2020-03-24 12:50:00,4.46
2020-03-24 13:00:00,4.43
2020-03-24 13:10:00,4.73
2020-03-24 13:20:00,4.79
2020-03-24 13:30:00,4.86
2020-03-24 13:40:00,5.1
2020-03-24 13:50:00,4.98
2020-03-24 14:00:00,5.12
2020-03-24 14:10:00,5.2
2020-03-24 14:20:00,5.61
2020-03-24 14:30:00,5.63
2020-03-24 14:40:00,5.69
2020-03-24 14:50:00,5.56
2020-03-24 15:00:00,5.7
2020-03-24 15:10:00,5.71
2020-03-24 15:20:00,5.79
2020-03-24 15:30:00,5.82
2020-03-24 15:40:00,5.78
2020-03-24 15:50:00,5.93
2020-03-24 16:00:00,5.93
2020-03-24 16:10:00,6.13
2020-03-24 16:20:00,6.17
2020-03-24 16:30:00,6.07
2020-03-24 16:40:00,5.95
2020-03-24 16:50:00,6.08
2020-03-24 17:00:00,5.97
2020-03-24 17:10:00,5.89
2020-03-24 17:20:00,5.87
2020-03-24 17:30:00,5.74
2020-03-24 17:40:00,5.6
2020-03-24 17:50:00,5.45
2020-03-24 18:00:00,5.27
2020-03-24 18:10:00,5.15
2020-03-24 18:20:00,5.08
2020-03-24 18:30:00,4.9
2020-03-24 18:40:00,4.67
2020-03-24 18:50:00,4.48
2020-03-24 19:00:00,4.34
2020-03-24 19:10:00,4.18
2020-03-24 19:20:00,3.98
2020-03-24 19:30:00,3.75
2020-03-24 19:40:00,3.59
2020-03-24 19:50:00,3.32
2020-03-24 20:00:00,3.07
2020-03-24 20:10:00,2.85
2020-03-24 20:20:00,2.72
2020-03-24 20:30:00,2.52
2020-03-24 20:40:00,2.37
2020-03-24 20:50:00,2.21
2020-03-24 21:00:00,2.11
2020-03-24 21:10:00,2.09
2020-03-24 21:20:00,2.15
2020-03-24 21:30:00,2.12
2020-03-24 21:40:00,2.05
2020-03-24 21:50:00,1.82
2020-03-24 22:00:00,1.5
2020-03-24 22:10:00,1.31
2020-03-24 22:20:00,1.38
2020-03-24 22:30:00,1.48
2020-03-24 22:40:00,1.46
2020-03-24 22:50:00,1.48
2020-03-24 23:00:00,1.21
2020-03-24 23:10:00,1.08
2020-03-24 23:20:00,0.62
2020-03-24 23:30:00,0.44
2020-03-24 23:40:00,0.19
2020-03-24 23:50:00,0.05
2020-03-25 00:00:00,0.02
2020-03-25 00:10:00,-0.11
2020-03-25 00:20:00,-0.28
2020-03-25 00:30:00,-0.47
2020-03-25 00:40:00,-0.73
2020-03-25 00:50:00,-0.71
2020-03-25 01:00:00,-0.89
2020-03-25 01:10:00,-1.2
2020-03-25 01:20:00,-1.11
2020-03-25 01:30:00,-1.35
2020-03-25 01:40:00,-1.71
2020-03-25 01:50:00,-1.82
2020-03-25 02:00:00,-1.84
2020-03-25 02:10:00,-2.02
2020-03-25 02:20:00,-2.28
2020-03-25 02:30:00,-2.21
2020-03-25 02:40:00,-2.19
2020-03-25 02:50:00,-2.77
2020-03-25 03:00:00,-3.07
2020-03-25 03:10:00,-3.09
2020-03-25 03:20:00,-3.04
2020-03-25 03:30:00,-3.28
2020-03-25 03:40:00,-3.43
2020-03-25 03:50:00,-3.81
2020-03-25 04:00:00,-3.56
2020-03-25 04:10:00,-3.92
2020-03-25 04:20:00,-4.11
2020-03-25 04:30:00,-4.25
2020-03-25 04:40:00,-4.23
2020-03-25 04:50:00,-4.58
2020-03-25 05:00:00,-4.58
2020-03-25 05:10:00,-4.66
2020-03-25 05:20:00,-4.95
2020-03-25 05:30:00,-5.25
2020-03-25 05:40:00,-5.15
2020-03-25 05:50:00,-5.17
2020-03-25 06:00:00,-5.3
2020-03-25 06:10:00,-5.19
2020-03-25 06:20:00,-5.45
2020-03-25 06:30:00,-5.34
2020-03-25 06:40:00,-4.7
2020-03-25 06:50:00,-4.13
2020-03-25 07:00:00,-3.46
2020-03-25 07:10:00,-3.12
2020-03-25 07:20:00,-2.4
2020-03-25 07:30:00,-2.57
2020-03-25 07:40:00,-2.1
2020-03-25 07:50:00,-1.55
2020-03-25 08:00:00,-0.85
2020-03-25 08:10:00,-0.62
2020-03-25 08:20:00,-0.17
2020-03-25 08:30:00,0.48
2020-03-25 08:40:00,0.25
2020-03-25 08:50:00,0.64
2020-03-25 09:00:00,0.94
2020-03-25 09:10:00,1.15
2020-03-25 09:20:00,1.54
2020-03-25 09:30:00,1.93
2020-03-25 09:40:00,2.19
2020-03-25 09:50:00,2.62
2020-03-25 10:00:00,2.98
2020-03-25 10:10:00,3.5
2020-03-25 10:20:00,3.89
2020-03-25 10:30:00,3.97
2020-03-25 10:40:00,3.81
2020-03-25 10:50:00,4.16
2020-03-25 11:00:00,4.6
2020-03-25 11:10:00,4.7
2020-03-25 11:20:00,4.87
2020-03-25 11:30:00,4.73
2020-03-25 11:40:00,4.78
2020-03-25 11:50:00,5.03
2020-03-25 12:00:00,5.0
2020-03-25 12:10:00,5.04
2020-03-25 12:20:00,5.31
2020-03-25 12:30:00,5.38
2020-03-25 12:40:00,5.46
2020-03-25 12:50:00,5.75
2020-03-25 13:00:00,5.87
2020-03-25 13:10:00,6.06
2020-03-25 13:20:00,6.32
2020-03-25 13:30:00,6.43
2020-03-25 13:40:00,6.59
2020-03-25 13:50:00,6.52
2020-03-25 14:00:00,6.7
2020-03-25 14:10:00,6.71
2020-03-25 14:20:00,6.66
2020-03-25 14:30:00,6.55
2020-03-25 14:40:00,6.45
2020-03-25 14:50:00,6.39
2020-03-25 15:00:00,6.55
2020-03-25 15:10:00,6.62
2020-03-25 15:20:00,6.55
2020-03-25 15:30:00,6.55
2020-03-25 15:40:00,6.55
2020-03-25 15:50:00,6.57
2020-03-25 16:00:00,6.63
2020-03-25 16:10:00,6.8
2020-03-25 16:20:00,6.75
2020-03-25 16:30:00,6.66
2020-03-25 16:40:00,6.75
2020-03-25 16:50:00,6.69
2020-03-25 17:00:00,6.57
2020-03-25 17:10:00,6.54
2020-03-25 17:20:00,6.48
2020-03-25 17:30:00,6.46
2020-03-25 17:40:00,6.41
2020-03-25 17:50:00,6.31
2020-03-25 18:00:00,6.18
2020-03-25 18:10:00,6.11
2020-03-25 18:20:00,6.02
2020-03-25 18:30:00,5.9
2020-03-25 18:40:00,5.69
2020-03-25 18:50:00,5.48
2020-03-25 19:00:00,5.32
2020-03-25 19:10:00,5.07
2020-03-25 19:20:00,4.87
2020-03-25 19:30:00,4.65
2020-03-25 19:40:00,4.4
2020-03-25 19:50:00,4.24
2020-03-25 20:00:00,4.15
2020-03-25 20:10:00,4.01
2020-03-25 20:20:00,3.91
2020-03-25 20:30:00,3.95
2020-03-25 20:40:00,3.85
2020-03-25 20:50:00,3.61
2020-03-25 21:00:00,3.47
2020-03-25 21:10:00,3.32
2020-03-25 21:20:00,3.17
2020-03-25 21:30:00,2.97
2020-03-25 21:40:00,2.73
2020-03-25 21:50:00,2.53
2020-03-25 22:00:00,2.36
2020-03-25 22:10:00,2.26
2020-03-25 22:20:00,1.9
2020-03-25 22:30:00,1.96
2020-03-25 22:40:00,2.03
2020-03-25 22:50:00,1.93
2020-03-25 23:00:00,2.11
2020-03-25 23:10:00,1.96
2020-03-25 23:20:00,2.04
2020-03-25 23:30:00,2.06
2020-03-25 23:40:00,1.96
2020-03-25 23:50:00,1.88
2020-03-26 00:00:00,1.81
2020-03-26 00:10:00,1.74
2020-03-26 00:20:00,1.66
2020-03-26 00:30:00,1.66
2020-03-26 00:40:00,1.57
2020-03-26 00:50:00,1.23
2020-03-26 01:00:00,0.71
2020-03-26 01:10:00,0.8
2020-03-26 01:20:00,0.82
2020-03-26 01:30:00,0.62
2020-03-26 01:40:00,0.13
2020-03-26 01:50:00,0.2
2020-03-26 02:00:00,0.27
2020-03-26 02:10:00,0.06
2020-03-26 02:20:00,-0.05
2020-03-26 02:30:00,-0.04
2020-03-26 02:40:00,-0.45
2020-03-26 02:50:00,-0.48
2020-03-26 03:00:00,-0.45
2020-03-26 03:10:00,-0.1
2020-03-26 03:20:00,-0.12
2020-03-26 03:30:00,-0.45
2020-03-26 03:40:00,-0.53
2020-03-26 03:50:00,-0.62
2020-03-26 04:00:00,-0.77
2020-03-26 04:10:00,-0.79
2020-03-26 04:20:00,-0.75
2020-03-26 04:30:00,-0.79
2020-03-26 04:40:00,-0.85
2020-03-26 04:50:00,-0.84
2020-03-26 05:00:00,-0.86
2020-03-26 05:10:00,-0.79
2020-03-26 05:20:00,-0.84
2020-03-26 05:30:00,-0.83
2020-03-26 05:40:00,-0.79
2020-03-26 05:50:00,-0.78
2020-03-26 06:00:00,-0.61
2020-03-26 06:10:00,-0.52
2020-03-26 06:20:00,-0.57
2020-03-26 06:30:00,-0.42
2020-03-26 06:40:00,-0.47
2020-03-26 06:50:00,-0.29
2020-03-26 07:00:00,0.1
2020-03-26 07:10:00,0.16
2020-03-26 07:20:00,0.44
2020-03-26 07:30:00,0.7
2020-03-26 07:40:00,0.9
2020-03-26 07:50:00,1.25
2020-03-26 08:00:00,1.34
2020-03-26 08:10:00,1.62
2020-03-26 08:20:00,2.03
2020-03-26 08:30:00,2.28
2020-03-26 08:40:00,2.04
2020-03-26 08:50:00,2.26
2020-03-26 09:00:00,2.44
2020-03-26 09:10:00,2.98
2020-03-26 09:20:00,3.28
2020-03-26 09:30:00,3.45
2020-03-26 09:40:00,3.5
2020-03-26 09:50:00,3.58
2020-03-26 10:00:00,3.85
2020-03-26 10:10:00,3.97
2020-03-26 10:20:00,4.04
2020-03-26 10:30:00,4.32
2020-03-26 10:40:00,4.61
2020-03-26 10:50:00,5.04
2020-03-26 11:00:00,5.4
2020-03-26 11:10:00,5.73
2020-03-26 11:20:00,6.12
2020-03-26 11:30:00,6.26
2020-03-26 11:40:00,6.69
2020-03-26 11:50:00,6.88
2020-03-26 12:00:00,7.02
2020-03-26 12:10:00,7.23
2020-03-26 12:20:00,7.55
2020-03-26 12:30:00,7.62
2020-03-26 12:40:00,7.75
2020-03-26 12:50:00,8.13
2020-03-26 13:00:00,8.56
2020-03-26 13:10:00,8.5
2020-03-26 13:20:00,8.55
2020-03-26 13:30:00,8.48
2020-03-26 13:40:00,8.4
2020-03-26 13:50:00,8.76
2020-03-26 14:00:00,9.06
2020-03-26 14:10:00,8.94
2020-03-26 14:20:00,9.31
2020-03-26 14:30:00,9.36
2020-03-26 14:40:00,9.58
2020-03-26 14:50:00,9.7
2020-03-26 15:00:00,9.69
2020-03-26 15:10:00,9.41
2020-03-26 15:20:00,9.31
2020-03-26 15:30:00,9.27
2020-03-26 15:40:00,9.05
2020-03-26 15:50:00,8.92
2020-03-26 16:00:00,8.99
2020-03-26 16:10:00,9.05
2020-03-26 16:20:00,9.01
2020-03-26 16:30:00,9.07
2020-03-26 16:40:00,8.97
2020-03-26 16:50:00,8.91
2020-03-26 17:00:00,8.87
2020-03-26 17:10:00,8.87
2020-03-26 17:20:00,8.87
2020-03-26 17:30:00,8.87
2020-03-26 17:40:00,8.81
2020-03-26 17:50:00,8.8
2020-03-26 18:00:00,8.67
2020-03-26 18:10:00,8.5
2020-03-26 18:20:00,8.38
2020-03-26 18:30:00,8.3
2020-03-26 18:40:00,8.15
2020-03-26 18:50:00,8.0
2020-03-26 19:00:00,7.87
2020-03-26 19:10:00,7.77
2020-03-26 19:20:00,7.62
2020-03-26 19:30:00,7.58
2020-03-26 19:40:00,7.36
2020-03-26 19:50:00,7.17
2020-03-26 20:00:00,7.05
2020-03-26 20:10:00,6.82
2020-03-26 20:20:00,6.58
2020-03-26 20:30:00,6.38
2020-03-26 20:40:00,6.19
2020-03-26 20:50:00,5.97
2020-03-26 21:00:00,5.76
2020-03-26 21:10:00,5.59
2020-03-26 21:20:00,5.47
2020-03-26 21:30:00,5.33
2020-03-26 21:40:00,5.21
2020-03-26 21:50:00,5.05
2020-03-26 22:00:00,4.96
2020-03-26 22:10:00,4.79
2020-03-26 22:20:00,4.67
2020-03-26 22:30:00,4.6
2020-03-26 22:40:00,4.48
2020-03-26 22:50:00,4.4
2020-03-26 23:00:00,4.44
2020-03-26 23:10:00,4.41
2020-03-26 23:20:00,4.39
2020-03-26 23:30:00,4.33
2020-03-26 23:40:00,4.14
2020-03-26 23:50:00,4.07
2020-03-27 00:00:00,4.0
2020-03-27 00:10:00,3.85
2020-03-27 00:20:00,3.77
2020-03-27 00:30:00,3.9
2020-03-27 00:40:00,3.84
2020-03-27 00:50:00,3.7
2020-03-27 01:00:00,3.65
2020-03-27 01:10:00,3.57
2020-03-27 01:20:00,3.48
2020-03-27 01:30:00,3.31
2020-03-27 01:40:00,3.24
2020-03-27 01:50:00,3.13
2020-03-27 02:00:00,3.0
2020-03-27 02:10:00,2.9
2020-03-27 02:20:00,2.9
2020-03-27 02:30:00,2.78
2020-03-27 02:40:00,2.69
2020-03-27 02:50:00,2.64
2020-03-27 03:00:00,2.58
2020-03-27 03:10:00,2.52
2020-03-27 03:20:00,2.41
2020-03-27 03:30:00,2.34
2020-03-27 03:40:00,2.35
2020-03-27 03:50:00,2.22
2020-03-27 04:00:00,2.22
2020-03-27 04:10:00,2.31
2020-03-27 04:20:00,2.38
2020-03-27 04:30:00,2.24
2020-03-27 04:40:00,2.25
2020-03-27 04:50:00,2.24
2020-03-27 05:00:00,2.19
2020-03-27 05:10:00,2.07
2020-03-27 05:20:00,1.91
2020-03-27 05:30:00,1.73
2020-03-27 05:40:00,1.65
2020-03-27 05:50:00,1.48
2020-03-27 06:00:00,1.32
2020-03-27 06:10:00,1.14
2020-03-27 06:20:00,0.91
2020-03-27 06:30:00,0.75
2020-03-27 06:40:00,0.81
2020-03-27 06:50:00,0.88
2020-03-27 07:00:00,0.93
2020-03-27 07:10:00,0.88
2020-03-27 07:20:00,0.91
2020-03-27 07:30:00,1.0
2020-03-27 07:40:00,1.23
2020-03-27 07:50:00,1.47
2020-03-27 08:00:00,1.78
2020-03-27 08:10:00,2.15
2020-03-27 08:20:00,2.61
2020-03-27 08:30:00,3.03
2020-03-27 08:40:00,3.35
2020-03-27 08:50:00,3.67
2020-03-27 09:00:00,4.18
2020-03-27 09:10:00,4.64
2020-03-27 09:20:00,4.95
2020-03-27 09:30:00,5.3
2020-03-27 09:40:00,5.69
2020-03-27 09:50:00,6.17
2020-03-27 10:00:00,6.42
2020-03-27 10:10:00,6.82
2020-03-27 10:20:00,7.33
2020-03-27 10:30:00,7.62
2020-03-27 10:40:00,8.13
2020-03-27 10:50:00,8.65
2020-03-27 11:00:00,8.94
2020-03-27 11:10:00,9.53
2020-03-27 11:20:00,9.75
2020-03-27 11:30:00,10.06
2020-03-27 11:40:00,10.44
2020-03-27 11:50:00,11.1
2020-03-27 12:00:00,11.41
2020-03-27 12:10:00,11.95
2020-03-27 12:20:00,12.65
2020-03-27 12:30:00,13.21
2020-03-27 12:40:00,13.59
2020-03-27 12:50:00,13.86
2020-03-27 13:00:00,13.99
2020-03-27 13:10:00,14.14
2020-03-27 13:20:00,14.33
2020-03-27 13:30:00,14.57
2020-03-27 13:40:00,14.78
2020-03-27 13:50:00,14.97
2020-03-27 14:00:00,15.05
2020-03-27 14:10:00,15.41
2020-03-27 14:20:00,15.39
2020-03-27 14:30:00,15.57
2020-03-27 14:40:00,15.71
2020-03-27 14:50:00,15.74
2020-03-27 15:00:00,15.85
2020-03-27 15:10:00,16.07
2020-03-27 15:20:00,16.04
2020-03-27 15:30:00,16.23
2020-03-27 15:40:00,16.26
2020-03-27 15:50:00,16.25
2020-03-27 16:00:00,16.44
2020-03-27 16:10:00,16.56
2020-03-27 16:20:00,16.29
2020-03-27 16:30:00,16.01
2020-03-27 16:40:00,15.95
2020-03-27 16:50:00,15.9
2020-03-27 17:00:00,15.8
2020-03-27 17:10:00,15.58
2020-03-27 17:20:00,15.41
2020-03-27 17:30:00,15.15
2020-03-27 17:40:00,15.01
2020-03-27 17:50:00,14.84
2020-03-27 18:00:00,14.67
2020-03-27 18:10:00,14.55
2020-03-27 18:20:00,14.34
2020-03-27 18:30:00,14.14
2020-03-27 18:40:00,13.95
2020-03-27 18:50:00,13.79
2020-03-27 19:00:00,13.65
2020-03-27 19:10:00,13.43
2020-03-27 19:20:00,13.31
2020-03-27 19:30:00,13.09
2020-03-27 19:40:00,12.83
2020-03-27 19:50:00,12.7
2020-03-27 20:00:00,12.56
2020-03-27 20:10:00,12.38
2020-03-27 20:20:00,12.15
2020-03-27 20:30:00,11.98
2020-03-27 20:40:00,11.79
2020-03-27 20:50:00,11.6
2020-03-27 21:00:00,11.35
2020-03-27 21:10:00,11.14
2020-03-27 21:20:00,10.86
2020-03-27 21:30:00,10.62
2020-03-27 21:40:00,10.48
2020-03-27 21:50:00,10.34
2020-03-27 22:00:00,10.17
2020-03-27 22:10:00,9.96
2020-03-27 22:20:00,9.9
2020-03-27 22:30:00,10.07
2020-03-27 22:40:00,10.08
2020-03-27 22:50:00,10.08
2020-03-27 23:00:00,9.98
2020-03-27 23:10:00,9.77
2020-03-27 23:20:00,9.49
2020-03-27 23:30:00,9.13
2020-03-27 23:40:00,8.68
2020-03-27 23:50:00,8.41
2020-03-28 00:00:00,8.33
2020-03-28 00:10:00,8.42
2020-03-28 00:20:00,8.03
2020-03-28 00:30:00,7.78
2020-03-28 00:40:00,7.59
2020-03-28 00:50:00,7.36
2020-03-28 01:00:00,7.1
2020-03-28 01:10:00,7.05
2020-03-28 01:20:00,6.93
2020-03-28 01:30:00,7.0
2020-03-28 01:40:00,6.93
2020-03-28 01:50:00,6.88
2020-03-28 02:00:00,6.78
2020-03-28 02:10:00,6.7
2020-03-28 02:20:00,6.56
2020-03-28 02:30:00,6.46
2020-03-28 02:40:00,6.19
2020-03-28 02:50:00,6.01
2020-03-28 03:00:00,5.84
2020-03-28 03:10:00,5.73
2020-03-28 03:20:00,5.65
2020-03-28 03:30:00,4.65
2020-03-28 03:40:00,4.27
2020-03-28 03:50:00,4.03
2020-03-28 04:00:00,4.05
2020-03-28 04:10:00,4.61
2020-03-28 04:20:00,4.95
2020-03-28 04:30:00,4.68
2020-03-28 04:40:00,4.52
2020-03-28 04:50:00,4.39
2020-03-28 05:00:00,4.16
2020-03-28 05:10:00,3.69
2020-03-28 05:20:00,2.96
2020-03-28 05:30:00,2.67
2020-03-28 05:40:00,2.68
2020-03-28 05:50:00,2.74
2020-03-28 06:00:00,2.41
2020-03-28 06:10:00,2.14
2020-03-28 06:20:00,2.14
2020-03-28 06:30:00,2.3
2020-03-28 06:40:00,2.52
2020-03-28 06:50:00,3.04
2020-03-28 07:00:00,3.63
2020-03-28 07:10:00,3.81
2020-03-28 07:20:00,4.57
2020-03-28 07:30:00,4.75
2020-03-28 07:40:00,4.92
2020-03-28 07:50:00,4.7
2020-03-28 08:00:00,4.66
2020-03-28 08:10:00,4.6
2020-03-28 08:20:00,4.77
2020-03-28 08:30:00,4.91
2020-03-28 08:40:00,5.21
2020-03-28 08:50:00,5.4
2020-03-28 09:00:00,5.8
2020-03-28 09:10:00,6.02
2020-03-28 09:20:00,6.43
2020-03-28 09:30:00,6.6
2020-03-28 09:40:00,6.89
2020-03-28 09:50:00,7.41
2020-03-28 10:00:00,7.67
2020-03-28 10:10:00,8.01
2020-03-28 10:20:00,8.28
2020-03-28 10:30:00,8.58
2020-03-28 10:40:00,8.9
2020-03-28 10:50:00,9.28
2020-03-28 11:00:00,9.57
2020-03-28 11:10:00,9.95
2020-03-28 11:20:00,10.2
2020-03-28 11:30:00,10.44
2020-03-28 11:40:00,10.6
2020-03-28 11:50:00,10.74
2020-03-28 12:00:00,11.05
2020-03-28 12:10:00,11.22
2020-03-28 12:20:00,11.52
2020-03-28 12:30:00,11.8
2020-03-28 12:40:00,11.87
2020-03-28 12:50:00,12.01
2020-03-28 13:00:00,12.13
2020-03-28 13:10:00,12.22
2020-03-28 13:20:00,12.2
2020-03-28 13:30:00,12.35
2020-03-28 13:40:00,12.41
2020-03-28 13:50:00,12.4
2020-03-28 14:00:00,12.43
2020-03-28 14:10:00,12.62
2020-03-28 14:20:00,12.83
2020-03-28 14:30:00,12.72
2020-03-28 14:40:00,12.65
2020-03-28 14:50:00,12.62
2020-03-28 15:00:00,12.8
2020-03-28 15:10:00,12.92
2020-03-28 15:20:00,12.74
2020-03-28 15:30:00,12.81
2020-03-28 15:40:00,12.8
2020-03-28 15:50:00,12.78
2020-03-28 16:00:00,12.78
2020-03-28 16:10:00,12.85
2020-03-28 16:20:00,12.67
2020-03-28 16:30:00,12.53
2020-03-28 16:40:00,12.52
2020-03-28 16:50:00,12.39
2020-03-28 17:00:00,12.27
2020-03-28 17:10:00,12.21
2020-03-28 17:20:00,12.17
2020-03-28 17:30:00,12.02
2020-03-28 17:40:00,11.86
2020-03-28 17:50:00,11.73
2020-03-28 18:00:00,11.51
2020-03-28 18:10:00,11.3
2020-03-28 18:20:00,11.09
2020-03-28 18:30:00,10.78
2020-03-28 18:40:00,10.5
2020-03-28 18:50:00,10.34
2020-03-28 19:00:00,10.09
2020-03-28 19:10:00,9.88
2020-03-28 19:20:00,9.69
2020-03-28 19:30:00,9.47
2020-03-28 19:40:00,9.3
2020-03-28 19:50:00,9.17
2020-03-28 20:00:00,8.99
2020-03-28 20:10:00,8.92
2020-03-28 20:20:00,8.89
2020-03-28 20:30:00,8.58
2020-03-28 20:40:00,8.42
2020-03-28 20:50:00,8.37
2020-03-28 21:00:00,8.41
2020-03-28 21:10:00,8.42
2020-03-28 21:20:00,8.1
2020-03-28 21:30:00,7.92
2020-03-28 21:40:00,7.73
2020-03-28 21:50:00,7.58
2020-03-28 22:00:00,7.14
2020-03-28 22:10:00,6.67
2020-03-28 22:20:00,6.45
2020-03-28 22:30:00,6.23
2020-03-28 22:40:00,5.78
2020-03-28 22:50:00,5.72
2020-03-28 23:00:00,5.72
2020-03-28 23:10:00,5.78
2020-03-28 23:20:00,5.19
2020-03-28 23:30:00,5.07
2020-03-28 23:40:00,4.76
2020-03-28 23:50:00,4.35
2020-03-29 00:00:00,4.26
2020-03-29 00:10:00,4.21
2020-03-29 00:20:00,4.3
2020-03-29 00:30:00,4.45
2020-03-29 00:40:00,4.54
2020-03-29 00:50:00,4.42
2020-03-29 01:00:00,4.31
2020-03-29 01:10:00,4.2
2020-03-29 01:20:00,4.08
2020-03-29 01:30:00,3.81
2020-03-29 01:40:00,3.61
2020-03-29 01:50:00,3.34
2020-03-29 02:00:00,3.27
2020-03-29 02:10:00,3.35
2020-03-29 02:20:00,3.41
2020-03-29 02:30:00,3.16
2020-03-29 02:40:00,3.15
2020-03-29 02:50:00,3.03
2020-03-29 03:00:00,2.65
2020-03-29 03:10:00,2.53
2020-03-29 03:20:00,2.69
2020-03-29 03:30:00,2.89
2020-03-29 03:40:00,2.95
2020-03-29 03:50:00,2.93
2020-03-29 04:00:00,2.82
2020-03-29 04:10:00,2.74
2020-03-29 04:20:00,2.73
2020-03-29 04:30:00,2.67
2020-03-29 04:40:00,2.65
2020-03-29 04:50:00,2.6
2020-03-29 05:00:00,2.57
2020-03-29 05:10:00,2.44
2020-03-29 05:20:00,2.32
2020-03-29 05:30:00,2.27
2020-03-29 05:40:00,2.27
2020-03-29 05:50:00,2.31
2020-03-29 06:00:00,2.37
2020-03-29 06:10:00,2.53
2020-03-29 06:20:00,2.5
2020-03-29 06:30:00,2.47
2020-03-29 06:40:00,2.55
2020-03-29 06:50:00,2.64
2020-03-29 07:00:00,2.74
2020-03-29 07:10:00,2.79
2020-03-29 07:20:00,2.86
2020-03-29 07:30:00,2.92
2020-03-29 07:40:00,2.94
2020-03-29 07:50:00,2.94
2020-03-29 08:00:00,2.95
2020-03-29 08:10:00,3.06
2020-03-29 08:20:00,3.19
2020-03-29 08:30:00,3.35
2020-03-29 08:40:00,3.5
2020-03-29 08:50:00,3.74
2020-03-29 09:00:00,3.96
2020-03-29 09:10:00,4.06
2020-03-29 09:20:00,4.21
2020-03-29 09:30:00,4.39
2020-03-29 09:40:00,4.62
2020-03-29 09:50:00,4.7
2020-03-29 10:00:00,4.95
2020-03-29 10:10:00,4.97
2020-03-29 10:20:00,4.93
2020-03-29 10:30:00,4.97
2020-03-29 10:40:00,5.12
2020-03-29 10:50:00,5.33
2020-03-29 11:00:00,5.41
2020-03-29 11:10:00,5.35
2020-03-29 11:20:00,5.05
2020-03-29 11:30:00,5.14
2020-03-29 11:40:00,5.14
2020-03-29 11:50:00,5.22
2020-03-29 12:00:00,5.34
2020-03-29 12:10:00,5.43
2020-03-29 12:20:00,5.26
2020-03-29 12:30:00,4.99
2020-03-29 12:40:00,4.88
2020-03-29 12:50:00,5.07
2020-03-29 13:00:00,5.2
2020-03-29 13:10:00,4.94
2020-03-29 13:20:00,4.74
2020-03-29 13:30:00,4.62
2020-03-29 13:40:00,4.46
2020-03-29 13:50:00,3.88
2020-03-29 14:00:00,3.2
2020-03-29 14:10:00,2.87
2020-03-29 14:20:00,2.73
2020-03-29 14:30:00,2.41
2020-03-29 14:40:00,2.37
2020-03-29 14:50:00,2.42
2020-03-29 15:00:00,2.3
2020-03-29 15:10:00,2.2
2020-03-29 15:20:00,2.1
2020-03-29 15:30:00,1.95
2020-03-29 15:40:00,1.76
2020-03-29 15:50:00,1.58
2020-03-29 16:00:00,1.36
2020-03-29 16:10:00,1.27
2020-03-29 16:20:00,1.24
2020-03-29 16:30:00,1.21
2020-03-29 16:40:00,1.28
2020-03-29 16:50:00,1.32
2020-03-29 17:00:00,1.15
2020-03-29 17:10:00,1.14
2020-03-29 17:20:00,0.96
2020-03-29 17:30:00,0.96
2020-03-29 17:40:00,1.02
2020-03-29 17:50:00,1.06
2020-03-29 18:00:00,1.03
2020-03-29 18:10:00,1.0
2020-03-29 18:20:00,0.82
2020-03-29 18:30:00,0.65
2020-03-29 18:40:00,0.7
2020-03-29 18:50:00,0.87
2020-03-29 19:00:00,0.81
2020-03-29 19:10:00,0.4
2020-03-29 19:20:00,0.25
2020-03-29 19:30:00,0.25
2020-03-29 19:40:00,0.33
2020-03-29 19:50:00,0.34
2020-03-29 20:00:00,0.32
2020-03-29 20:10:00,0.34
2020-03-29 20:20:00,0.35
2020-03-29 20:30:00,0.35
2020-03-29 20:40:00,0.34
2020-03-29 20:50:00,0.3
2020-03-29 21:00:00,0.38
2020-03-29 21:10:00,0.43
2020-03-29 21:20:00,0.48
2020-03-29 21:30:00,0.46
2020-03-29 21:40:00,0.41
2020-03-29 21:50:00,0.37
2020-03-29 22:00:00,0.26
2020-03-29 22:10:00,0.17
2020-03-29 22:20:00,0.06
2020-03-29 22:30:00,-0.06
2020-03-29 22:40:00,-0.18
2020-03-29 22:50:00,-0.28
2020-03-29 23:00:00,-0.4
2020-03-29 23:10:00,-0.51
2020-03-29 23:20:00,-0.62
2020-03-29 23:30:00,-0.72
2020-03-29 23:40:00,-0.85
2020-03-29 23:50:00,-0.96
2020-03-30 00:00:00,-1.03
2020-03-30 00:10:00,-1.13
2020-03-30 00:20:00,-1.26
2020-03-30 00:30:00,-1.4
2020-03-30 00:40:00,-1.53
2020-03-30 00:50:00,-1.64
2020-03-30 01:00:00,-1.69
2020-03-30 01:10:00,-1.79
2020-03-30 01:20:00,-1.93
2020-03-30 01:30:00,-2.01
2020-03-30 01:40:00,-2.12
2020-03-30 01:50:00,-2.28
2020-03-30 02:00:00,-2.23
2020-03-30 02:10:00,-2.37
2020-03-30 02:20:00,-2.48
2020-03-30 02:30:00,-2.64
2020-03-30 02:40:00,-2.66
2020-03-30 02:50:00,-2.68
2020-03-30 03:00:00,-2.75
2020-03-30 03:10:00,-2.83
2020-03-30 03:20:00,-2.92
2020-03-30 03:30:00,-3.16
2020-03-30 03:40:00,-3.2
2020-03-30 03:50:00,-3.24
2020-03-30 04:00:00,-3.21
2020-03-30 04:10:00,-3.24
2020-03-30 04:20:00,-3.29
2020-03-30 04:30:00,-3.34
2020-03-30 04:40:00,-3.49
2020-03-30 04:50:00,-3.62
2020-03-30 05:00:00,-3.73
2020-03-30 05:10:00,-3.71
2020-03-30 05:20:00,-3.8
2020-03-30 05:30:00,-3.86
2020-03-30 05:40:00,-3.9
2020-03-30 05:50:00,-3.97
2020-03-30 06:00:00,-4.1
2020-03-30 06:10:00,-4.32
2020-03-30 06:20:00,-4.32
2020-03-30 06:30:00,-3.83
2020-03-30 06:40:00,-3.21
2020-03-30 06:50:00,-2.6
2020-03-30 07:00:00,-2.14
2020-03-30 07:10:00,-1.82
2020-03-30 07:20:00,-2.21
2020-03-30 07:30:00,-1.94
2020-03-30 07:40:00,-1.33
2020-03-30 07:50:00,-1.15
2020-03-30 08:00:00,-1.03
2020-03-30 08:10:00,-0.71
2020-03-30 08:20:00,-0.32
2020-03-30 08:30:00,0.13
2020-03-30 08:40:00,0.23
2020-03-30 08:50:00,0.38
2020-03-30 09:00:00,0.28
2020-03-30 09:10:00,0.38
2020-03-30 09:20:00,0.96
2020-03-30 09:30:00,1.24
2020-03-30 09:40:00,1.48
2020-03-30 09:50:00,1.53
2020-03-30 10:00:00,1.66
2020-03-30 10:10:00,1.72
2020-03-30 10:20:00,2.02
2020-03-30 10:30:00,1.95
2020-03-30 10:40:00,1.88
2020-03-30 10:50:00,2.09
2020-03-30 11:00:00,2.04
2020-03-30 11:10:00,2.01
2020-03-30 11:20:00,1.9
2020-03-30 11:30:00,2.24
2020-03-30 11:40:00,2.65
2020-03-30 11:50:00,2.91
2020-03-30 12:00:00,3.51
2020-03-30 12:10:00,3.54
2020-03-30 12:20:00,3.11
2020-03-30 12:30:00,3.52
2020-03-30 12:40:00,3.66
2020-03-30 12:50:00,3.23
2020-03-30 13:00:00,3.04
2020-03-30 13:10:00,3.9
2020-03-30 13:20:00,3.55
2020-03-30 13:30:00,3.54
2020-03-30 13:40:00,3.67
2020-03-30 13:50:00,3.7
2020-03-30 14:00:00,3.97
2020-03-30 14:10:00,4.86
2020-03-30 14:20:00,4.87
2020-03-30 14:30:00,4.52
2020-03-30 14:40:00,4.53
2020-03-30 14:50:00,4.72
2020-03-30 15:00:00,5.11
2020-03-30 15:10:00,5.01
2020-03-30 15:20:00,5.23
2020-03-30 15:30:00,5.14
2020-03-30 15:40:00,4.94
2020-03-30 15:50:00,5.07
2020-03-30 16:00:00,5.12
2020-03-30 16:10:00,5.24
2020-03-30 16:20:00,5.44
2020-03-30 16:30:00,5.35
2020-03-30 16:40:00,4.95
2020-03-30 16:50:00,4.58
2020-03-30 17:00:00,4.13
2020-03-30 17:10:00,4.04
2020-03-30 17:20:00,3.52
2020-03-30 17:30:00,2.91
2020-03-30 17:40:00,2.34
2020-03-30 17:50:00,2.03
2020-03-30 18:00:00,1.61
2020-03-30 18:10:00,1.46
2020-03-30 18:20:00,1.31
2020-03-30 18:30:00,1.3
2020-03-30 18:40:00,1.13
2020-03-30 18:50:00,0.95
2020-03-30 19:00:00,0.86
2020-03-30 19:10:00,0.82
2020-03-30 19:20:00,0.84
2020-03-30 19:30:00,0.79
2020-03-30 19:40:00,0.7
2020-03-30 19:50:00,0.66
2020-03-30 20:00:00,0.66
2020-03-30 20:10:00,0.7
2020-03-30 20:20:00,0.8
2020-03-30 20:30:00,0.87
2020-03-30 20:40:00,0.86
2020-03-30 20:50:00,0.95
2020-03-30 21:00:00,1.0
2020-03-30 21:10:00,1.09
2020-03-30 21:20:00,1.3
2020-03-30 21:30:00,1.31
2020-03-30 21:40:00,1.17
2020-03-30 21:50:00,1.12
2020-03-30 22:00:00,1.09
2020-03-30 22:10:00,1.04
2020-03-30 22:20:00,1.07
2020-03-30 22:30:00,1.08
2020-03-30 22:40:00,1.2
2020-03-30 22:50:00,1.32
2020-03-30 23:00:00,1.36
2020-03-30 23:10:00,1.26
2020-03-30 23:20:00,1.11
2020-03-30 23:30:00,1.06
2020-03-30 23:40:00,1.13
2020-03-30 23:50:00,1.14
2020-03-31 00:00:00,1.19
2020-03-31 00:10:00,1.27
2020-03-31 00:20:00,1.24
2020-03-31 00:30:00,1.22
2020-03-31 00:40:00,1.37
2020-03-31 00:50:00,1.28
2020-03-31 01:00:00,1.16
2020-03-31 01:10:00,1.13
2020-03-31 01:20:00,1.12
2020-03-31 01:30:00,1.03
2020-03-31 01:40:00,0.95
2020-03-31 01:50:00,0.97
2020-03-31 02:00:00,0.88
2020-03-31 02:10:00,0.89
2020-03-31 02:20:00,0.92
2020-03-31 02:30:00,0.86
2020-03-31 02:40:00,0.79
2020-03-31 02:50:00,0.74
2020-03-31 03:00:00,0.72
2020-03-31 03:10:00,0.67
2020-03-31 03:20:00,0.67
2020-03-31 03:30:00,0.66
2020-03-31 03:40:00,0.61
2020-03-31 03:50:00,0.6
2020-03-31 04:00:00,0.61
2020-03-31 04:10:00,0.72
2020-03-31 04:20:00,0.71
2020-03-31 04:30:00,0.65
2020-03-31 04:40:00,0.57
2020-03-31 04:50:00,0.53
2020-03-31 05:00:00,0.48
2020-03-31 05:10:00,0.44
2020-03-31 05:20:00,0.4
2020-03-31 05:30:00,0.37
2020-03-31 05:40:00,0.29
2020-03-31 05:50:00,0.21
2020-03-31 06:00:00,0.14
2020-03-31 06:10:00,0.08
2020-03-31 06:20:00,0.08
2020-03-31 06:30:00,0.06
2020-03-31 06:40:00,0.04
2020-03-31 06:50:00,-0.04
2020-03-31 07:00:00,-0.06
2020-03-31 07:10:00,-0.13
2020-03-31 07:20:00,-0.38
2020-03-31 07:30:00,-0.53
2020-03-31 07:40:00,-0.46
2020-03-31 07:50:00,-0.39
2020-03-31 08:00:00,-0.3
2020-03-31 08:10:00,-0.26
2020-03-31 08:20:00,0.58
2020-03-31 08:30:00,0.96
2020-03-31 08:40:00,0.61
2020-03-31 08:50:00,0.59
2020-03-31 09:00:00,1.09
2020-03-31 09:10:00,1.16
2020-03-31 09:20:00,1.14
2020-03-31 09:30:00,1.42
2020-03-31 09:40:00,1.43
2020-03-31 09:50:00,1.69
2020-03-31 10:00:00,1.97
2020-03-31 10:10:00,1.89
2020-03-31 10:20:00,2.0
2020-03-31 10:30:00,1.92
2020-03-31 10:40:00,1.9
2020-03-31 10:50:00,1.61
2020-03-31 11:00:00,1.61
2020-03-31 11:10:00,2.03
2020-03-31 11:20:00,1.99
2020-03-31 11:30:00,2.3
2020-03-31 11:40:00,2.58
2020-03-31 11:50:00,2.68
2020-03-31 12:00:00,2.91
2020-03-31 12:10:00,2.48
2020-03-31 12:20:00,2.35
2020-03-31 12:30:00,2.36
2020-03-31 12:40:00,2.19
2020-03-31 12:50:00,2.41
2020-03-31 13:00:00,2.37
2020-03-31 13:10:00,2.43
2020-03-31 13:20:00,2.6
2020-03-31 13:30:00,2.66
2020-03-31 13:40:00,2.53
2020-03-31 13:50:00,2.53
2020-03-31 14:00:00,2.7
2020-03-31 14:10:00,3.22
2020-03-31 14:20:00,3.19
2020-03-31 14:30:00,3.57
2020-03-31 14:40:00,3.58
2020-03-31 14:50:00,2.92
2020-03-31 15:00:00,3.23
2020-03-31 15:10:00,3.59
2020-03-31 15:20:00,3.18
2020-03-31 15:30:00,3.15
2020-03-31 15:40:00,3.57
2020-03-31 15:50:00,3.7
2020-03-31 16:00:00,3.14
2020-03-31 16:10:00,3.07
2020-03-31 16:20:00,2.99
2020-03-31 16:30:00,3.2
2020-03-31 16:40:00,3.11
2020-03-31 16:50:00,2.82
2020-03-31 17:00:00,3.2
2020-03-31 17:10:00,3.06
2020-03-31 17:20:00,2.91
2020-03-31 17:30:00,2.84
2020-03-31 17:40:00,2.84
2020-03-31 17:50:00,2.91
2020-03-31 18:00:00,2.7
2020-03-31 18:10:00,2.56
2020-03-31 18:20:00,2.47
2020-03-31 18:30:00,2.33
2020-03-31 18:40:00,2.18
2020-03-31 18:50:00,2.04
2020-03-31 19:00:00,1.93
2020-03-31 19:10:00,1.84
2020-03-31 19:20:00,1.7
2020-03-31 19:30:00,1.34
2020-03-31 19:40:00,1.14
2020-03-31 19:50:00,1.08
2020-03-31 20:00:00,0.97
2020-03-31 20:10:00,0.72
2020-03-31 20:20:00,0.55
2020-03-31 20:30:00,0.23
2020-03-31 20:40:00,-0.07
2020-03-31 20:50:00,-0.27
2020-03-31 21:00:00,-0.28
2020-03-31 21:10:00,-0.8
2020-03-31 21:20:00,-1.06
2020-03-31 21:30:00,-1.01
2020-03-31 21:40:00,-1.15
2020-03-31 21:50:00,-1.24
2020-03-31 22:00:00,-1.28
2020-03-31 22:10:00,-1.47
2020-03-31 22:20:00,-1.85
2020-03-31 22:30:00,-1.85
2020-03-31 22:40:00,-2.08
2020-03-31 22:50:00,-2.25
2020-03-31 23:00:00,-2.25
2020-03-31 23:10:00,-2.29
2020-03-31 23:20:00,-2.54
2020-03-31 23:30:00,-2.67
2020-03-31 23:40:00,-2.8
2020-03-31 23:50:00,-2.87
2020-04-01 00:00:00,-2.96
2020-04-01 00:10:00,-2.99
2020-04-01 00:20:00,-3.02
2020-04-01 00:30:00,-3.19
2020-04-01 00:40:00,-3.43
2020-04-01 00:50:00,-3.56
2020-04-01 01:00:00,-3.83
2020-04-01 01:10:00,-3.93
2020-04-01 01:20:00,-3.94
2020-04-01 01:30:00,-4.0
2020-04-01 01:40:00,-4.11
2020-04-01 01:50:00,-4.1
2020-04-01 02:00:00,-4.18
2020-04-01 02:10:00,-4.29
2020-04-01 02:20:00,-4.46
2020-04-01 02:30:00,-4.61
2020-04-01 02:40:00,-4.64
2020-04-01 02:50:00,-4.67
2020-04-01 03:00:00,-5.02
2020-04-01 03:10:00,-5.01
2020-04-01 03:20:00,-5.01
2020-04-01 03:30:00,-5.08
2020-04-01 03:40:00,-5.22
2020-04-01 03:50:00,-5.31
2020-04-01 04:00:00,-5.34
2020-04-01 04:10:00,-5.46
2020-04-01 04:20:00,-5.47
2020-04-01 04:30:00,-5.6
2020-04-01 04:40:00,-5.73
2020-04-01 04:50:00,-5.85
2020-04-01 05:00:00,-5.84
2020-04-01 05:10:00,-5.98
2020-04-01 05:20:00,-6.14
2020-04-01 05:30:00,-6.1
2020-04-01 05:40:00,-6.4
2020-04-01 05:50:00,-6.28
2020-04-01 06:00:00,-6.25
2020-04-01 06:10:00,-6.25
2020-04-01 06:20:00,-6.34
2020-04-01 06:30:00,-5.67
2020-04-01 06:40:00,-5.1
2020-04-01 06:50:00,-4.65
2020-04-01 07:00:00,-3.86
2020-04-01 07:10:00,-3.63
2020-04-01 07:20:00,-3.53
2020-04-01 07:30:00,-3.27
2020-04-01 07:40:00,-2.69
2020-04-01 07:50:00,-2.39
2020-04-01 08:00:00,-1.91
2020-04-01 08:10:00,-1.37
2020-04-01 08:20:00,-0.93
2020-04-01 08:30:00,-0.66
2020-04-01 08:40:00,-0.31
2020-04-01 08:50:00,0.1
2020-04-01 09:00:00,0.44
2020-04-01 09:10:00,0.77
2020-04-01 09:20:00,1.7
2020-04-01 09:30:00,1.97
2020-04-01 09:40:00,2.06
2020-04-01 09:50:00,2.85
2020-04-01 10:00:00,3.15
2020-04-01 10:10:00,3.48
2020-04-01 10:20:00,3.7
2020-04-01 10:30:00,4.05
2020-04-01 10:40:00,4.51
2020-04-01 10:50:00,5.01
2020-04-01 11:00:00,5.41
2020-04-01 11:10:00,5.25
2020-04-01 11:20:00,5.55
2020-04-01 11:30:00,5.37
2020-04-01 11:40:00,5.71
2020-04-01 11:50:00,5.97
2020-04-01 12:00:00,6.12
2020-04-01 12:10:00,5.87
2020-04-01 12:20:00,6.13
2020-04-01 12:30:00,6.5
2020-04-01 12:40:00,6.82
2020-04-01 12:50:00,6.91
2020-04-01 13:00:00,7.15
2020-04-01 13:10:00,7.28
2020-04-01 13:20:00,7.23
2020-04-01 13:30:00,7.5
2020-04-01 13:40:00,8.22
2020-04-01 13:50:00,8.27
2020-04-01 14:00:00,8.13
2020-04-01 14:10:00,8.21
2020-04-01 14:20:00,8.82
2020-04-01 14:30:00,8.74
2020-04-01 14:40:00,8.24
2020-04-01 14:50:00,8.77
2020-04-01 15:00:00,8.5
2020-04-01 15:10:00,8.54
2020-04-01 15:20:00,8.59
2020-04-01 15:30:00,8.65
2020-04-01 15:40:00,8.91
2020-04-01 15:50:00,8.86
2020-04-01 16:00:00,8.81
2020-04-01 16:10:00,8.7
2020-04-01 16:20:00,8.47
2020-04-01 16:30:00,8.52
2020-04-01 16:40:00,8.65
2020-04-01 16:50:00,8.79
2020-04-01 17:00:00,8.7
2020-04-01 17:10:00,8.64
2020-04-01 17:20:00,8.59
2020-04-01 17:30:00,8.35
2020-04-01 17:40:00,8.53
2020-04-01 17:50:00,8.66
2020-04-01 18:00:00,8.1
2020-04-01 18:10:00,7.62
2020-04-01 18:20:00,7.48
2020-04-01 18:30:00,7.34
2020-04-01 18:40:00,7.37
2020-04-01 18:50:00,7.26
2020-04-01 19:00:00,7.11
2020-04-01 19:10:00,6.96
2020-04-01 19:20:00,6.87
2020-04-01 19:30:00,6.87
2020-04-01 19:40:00,6.48
2020-04-01 19:50:00,5.97
2020-04-01 20:00:00,5.11
2020-04-01 20:10:00,4.71
2020-04-01 20:20:00,4.27
2020-04-01 20:30:00,4.12
2020-04-01 20:40:00,4.01
2020-04-01 20:50:00,3.81
2020-04-01 21:00:00,3.4
2020-04-01 21:10:00,3.09
2020-04-01 21:20:00,3.16
2020-04-01 21:30:00,2.9
2020-04-01 21:40:00,2.44
2020-04-01 21:50:00,2.09
2020-04-01 22:00:00,1.86
2020-04-01 22:10:00,1.73
2020-04-01 22:20:00,1.85
2020-04-01 22:30:00,2.02
2020-04-01 22:40:00,1.72
2020-04-01 22:50:00,1.29
2020-04-01 23:00:00,0.61
2020-04-01 23:10:00,0.63
2020-04-01 23:20:00,0.42
2020-04-01 23:30:00,0.3
2020-04-01 23:40:00,0.29
2020-04-01 23:50:00,-0.2
2020-04-02 00:00:00,-0.12
2020-04-02 00:10:00,-0.13
2020-04-02 00:20:00,-0.43
2020-04-02 00:30:00,-0.94
2020-04-02 00:40:00,-1.35
2020-04-02 00:50:00,-1.34
2020-04-02 01:00:00,-1.46
2020-04-02 01:10:00,-1.6
2020-04-02 01:20:00,-1.64
2020-04-02 01:30:00,-1.69
2020-04-02 01:40:00,-1.83
2020-04-02 01:50:00,-1.9
2020-04-02 02:00:00,-2.27
2020-04-02 02:10:00,-2.43
2020-04-02 02:20:00,-2.35
2020-04-02 02:30:00,-2.16
2020-04-02 02:40:00,-2.23
2020-04-02 02:50:00,-2.56
2020-04-02 03:00:00,-2.57
2020-04-02 03:10:00,-2.53
2020-04-02 03:20:00,-2.5
2020-04-02 03:30:00,-2.72
2020-04-02 03:40:00,-2.96
2020-04-02 03:50:00,-3.04
2020-04-02 04:00:00,-3.1
2020-04-02 04:10:00,-3.14
2020-04-02 04:20:00,-3.31
2020-04-02 04:30:00,-3.31
2020-04-02 04:40:00,-3.42
2020-04-02 04:50:00,-3.54
2020-04-02 05:00:00,-3.52
2020-04-02 05:10:00,-3.38
2020-04-02 05:20:00,-3.56
2020-04-02 05:30:00,-3.84
2020-04-02 05:40:00,-3.66
2020-04-02 05:50:00,-3.47
2020-04-02 06:00:00,-3.54
2020-04-02 06:10:00,-3.57
2020-04-02 06:20:00,-3.28
2020-04-02 06:30:00,-2.89
2020-04-02 06:40:00,-2.38
2020-04-02 06:50:00,-1.99
2020-04-02 07:00:00,-1.51
2020-04-02 07:10:00,-1.05
2020-04-02 07:20:00,-0.69
2020-04-02 07:30:00,-0.7
2020-04-02 07:40:00,-0.79
2020-04-02 07:50:00,-0.44
2020-04-02 08:00:00,0.1
2020-04-02 08:10:00,0.67
2020-04-02 08:20:00,1.05
2020-04-02 08:30:00,1.34
2020-04-02 08:40:00,2.0
2020-04-02 08:50:00,2.81
2020-04-02 09:00:00,2.9
2020-04-02 09:10:00,3.39
2020-04-02 09:20:00,3.56
2020-04-02 09:30:00,4.21
2020-04-02 09:40:00,4.78
2020-04-02 09:50:00,5.38
2020-04-02 10:00:00,5.94
2020-04-02 10:10:00,6.37
2020-04-02 10:20:00,6.82
2020-04-02 10:30:00,7.06
2020-04-02 10:40:00,7.13
2020-04-02 10:50:00,7.24
2020-04-02 11:00:00,7.42
2020-04-02 11:10:00,7.32
2020-04-02 11:20:00,7.75
2020-04-02 11:30:00,8.24
2020-04-02 11:40:00,8.44
2020-04-02 11:50:00,8.99
2020-04-02 12:00:00,9.25
2020-04-02 12:10:00,9.55
2020-04-02 12:20:00,9.88
2020-04-02 12:30:00,10.05
2020-04-02 12:40:00,10.29
2020-04-02 12:50:00,10.6
2020-04-02 13:00:00,10.68
2020-04-02 13:10:00,10.67
2020-04-02 13:20:00,10.88
2020-04-02 13:30:00,11.07
2020-04-02 13:40:00,11.06
2020-04-02 13:50:00,11.38
2020-04-02 14:00:00,11.74
2020-04-02 14:10:00,11.41
2020-04-02 14:20:00,11.24
2020-04-02 14:30:00,11.33
2020-04-02 14:40:00,11.57
2020-04-02 14:50:00,11.63
2020-04-02 15:00:00,11.93
2020-04-02 15:10:00,12.12
2020-04-02 15:20:00,12.12
2020-04-02 15:30:00,12.3
2020-04-02 15:40:00,12.08
2020-04-02 15:50:00,12.12
2020-04-02 16:00:00,12.2
2020-04-02 16:10:00,12.07
2020-04-02 16:20:00,12.11
2020-04-02 16:30:00,12.45
2020-04-02 16:40:00,12.3
2020-04-02 16:50:00,11.99
2020-04-02 17:00:00,11.86
2020-04-02 17:10:00,11.75
2020-04-02 17:20:00,11.74
2020-04-02 17:30:00,11.56
2020-04-02 17:40:00,11.5
2020-04-02 17:50:00,11.41
2020-04-02 18:00:00,11.04
2020-04-02 18:10:00,10.75
2020-04-02 18:20:00,10.55
2020-04-02 18:30:00,10.34
2020-04-02 18:40:00,10.12
2020-04-02 18:50:00,9.84
2020-04-02 19:00:00,9.53
2020-04-02 19:10:00,9.27
2020-04-02 19:20:00,8.99
2020-04-02 19:30:00,8.8
2020-04-02 19:40:00,8.75
2020-04-02 19:50:00,8.64
2020-04-02 20:00:00,8.51
2020-04-02 20:10:00,8.28
2020-04-02 20:20:00,8.07
2020-04-02 20:30:00,7.83
2020-04-02 20:40:00,7.66
2020-04-02 20:50:00,7.9
2020-04-02 21:00:00,7.63
2020-04-02 21:10:00,7.1
2020-04-02 21:20:00,6.72
2020-04-02 21:30:00,6.49
2020-04-02 21:40:00,6.22
2020-04-02 21:50:00,6.06
2020-04-02 22:00:00,5.86
2020-04-02 22:10:00,5.6
2020-04-02 22:20:00,5.33
2020-04-02 22:30:00,5.05
2020-04-02 22:40:00,4.88
2020-04-02 22:50:00,4.74
2020-04-02 23:00:00,4.76
2020-04-02 23:10:00,4.84
2020-04-02 23:20:00,4.82
2020-04-02 23:30:00,4.71
2020-04-02 23:40:00,4.57
2020-04-02 23:50:00,4.51
2020-04-03 00:00:00,4.48
2020-04-03 00:10:00,4.35
2020-04-03 00:20:00,4.21
2020-04-03 00:30:00,4.05
2020-04-03 00:40:00,3.87
2020-04-03 00:50:00,3.9
2020-04-03 01:00:00,3.86
2020-04-03 01:10:00,3.87
2020-04-03 01:20:00,3.85
2020-04-03 01:30:00,3.87
2020-04-03 01:40:00,3.84
2020-04-03 01:50:00,3.94
2020-04-03 02:00:00,4.0
2020-04-03 02:10:00,4.03
2020-04-03 02:20:00,4.16
2020-04-03 02:30:00,4.32
2020-04-03 02:40:00,4.34
2020-04-03 02:50:00,4.11
2020-04-03 03:00:00,3.73
2020-04-03 03:10:00,3.49
2020-04-03 03:20:00,3.37
2020-04-03 03:30:00,3.3
2020-04-03 03:40:00,3.45
2020-04-03 03:50:00,3.88
2020-04-03 04:00:00,4.28
2020-04-03 04:10:00,4.24
2020-04-03 04:20:00,4.01
2020-04-03 04:30:00,3.77
2020-04-03 04:40:00,3.58
2020-04-03 04:50:00,3.08
2020-04-03 05:00:00,2.54
2020-04-03 05:10:00,2.5
2020-04-03 05:20:00,2.79
2020-04-03 05:30:00,2.91
2020-04-03 05:40:00,3.19
2020-04-03 05:50:00,3.67
2020-04-03 06:00:00,3.74
2020-04-03 06:10:00,3.75
2020-04-03 06:20:00,3.85
2020-04-03 06:30:00,4.43
2020-04-03 06:40:00,4.63
2020-04-03 06:50:00,4.96
2020-04-03 07:00:00,5.24
2020-04-03 07:10:00,5.47
2020-04-03 07:20:00,5.72
2020-04-03 07:30:00,5.88
2020-04-03 07:40:00,6.1
2020-04-03 07:50:00,6.24
2020-04-03 08:00:00,6.38
2020-04-03 08:10:00,6.47
2020-04-03 08:20:00,6.5
2020-04-03 08:30:00,6.54
2020-04-03 08:40:00,6.51
2020-04-03 08:50:00,6.51
2020-04-03 09:00:00,6.46
2020-04-03 09:10:00,6.4
2020-04-03 09:20:00,6.37
2020-04-03 09:30:00,6.21
2020-04-03 09:40:00,5.94
2020-04-03 09:50:00,5.63
2020-04-03 10:00:00,5.62
2020-04-03 10:10:00,5.65
2020-04-03 10:20:00,5.78
2020-04-03 10:30:00,6.09
2020-04-03 10:40:00,6.24
2020-04-03 10:50:00,6.21
2020-04-03 11:00:00,6.4
2020-04-03 11:10:00,6.23
2020-04-03 11:20:00,6.15
2020-04-03 11:30:00,6.16
2020-04-03 11:40:00,6.25
2020-04-03 11:50:00,6.25
2020-04-03 12:00:00,6.34
2020-04-03 12:10:00,6.37
2020-04-03 12:20:00,6.4
2020-04-03 12:30:00,6.47
2020-04-03 12:40:00,6.64
2020-04-03 12:50:00,6.58
2020-04-03 13:00:00,6.65
2020-04-03 13:10:00,6.64
2020-04-03 13:20:00,6.74
2020-04-03 13:30:00,6.72
2020-04-03 13:40:00,6.74
2020-04-03 13:50:00,7.0
2020-04-03 14:00:00,7.24
2020-04-03 14:10:00,7.36
2020-04-03 14:20:00,7.64
2020-04-03 14:30:00,7.74
2020-04-03 14:40:00,7.92
2020-04-03 14:50:00,8.29
2020-04-03 15:00:00,8.54
2020-04-03 15:10:00,9.36
2020-04-03 15:20:00,9.82
2020-04-03 15:30:00,9.4
2020-04-03 15:40:00,9.25
2020-04-03 15:50:00,9.22
2020-04-03 16:00:00,8.97
2020-04-03 16:10:00,8.97
2020-04-03 16:20:00,8.99
2020-04-03 16:30:00,8.91
2020-04-03 16:40:00,8.9
2020-04-03 16:50:00,8.78
2020-04-03 17:00:00,8.68
2020-04-03 17:10:00,8.6
2020-04-03 17:20:00,8.57
2020-04-03 17:30:00,8.48
2020-04-03 17:40:00,8.4
2020-04-03 17:50:00,8.19
2020-04-03 18:00:00,8.02
2020-04-03 18:10:00,8.01
2020-04-03 18:20:00,7.9
2020-04-03 18:30:00,7.78
2020-04-03 18:40:00,7.67
2020-04-03 18:50:00,7.55
2020-04-03 19:00:00,7.54
2020-04-03 19:10:00,7.58
2020-04-03 19:20:00,7.58
2020-04-03 19:30:00,7.6
2020-04-03 19:40:00,7.46
2020-04-03 19:50:00,7.38
2020-04-03 20:00:00,7.31
2020-04-03 20:10:00,7.17
2020-04-03 20:20:00,6.98
2020-04-03 20:30:00,6.63
2020-04-03 20:40:00,6.25
2020-04-03 20:50:00,6.01
2020-04-03 21:00:00,5.94
2020-04-03 21:10:00,5.96
2020-04-03 21:20:00,6.05
2020-04-03 21:30:00,6.12
2020-04-03 21:40:00,6.05
2020-04-03 21:50:00,5.97
2020-04-03 22:00:00,5.91
2020-04-03 22:10:00,5.95
2020-04-03 22:20:00,6.01
2020-04-03 22:30:00,6.0
2020-04-03 22:40:00,5.99
2020-04-03 22:50:00,5.96
2020-04-03 23:00:00,5.87
2020-04-03 23:10:00,5.76
2020-04-03 23:20:00,5.74
2020-04-03 23:30:00,5.75
2020-04-03 23:40:00,5.7
2020-04-03 23:50:00,5.69
2020-04-04 00:00:00,5.68
2020-04-04 00:10:00,5.76
2020-04-04 00:20:00,5.7
2020-04-04 00:30:00,5.7
2020-04-04 00:40:00,5.66
2020-04-04 00:50:00,5.8
2020-04-04 01:00:00,5.85
2020-04-04 01:10:00,6.0
2020-04-04 01:20:00,5.92
2020-04-04 01:30:00,5.71
2020-04-04 01:40:00,5.6
2020-04-04 01:50:00,5.49
2020-04-04 02:00:00,5.2
2020-04-04 02:10:00,4.87
2020-04-04 02:20:00,4.76
2020-04-04 02:30:00,4.7
2020-04-04 02:40:00,4.51
2020-04-04 02:50:00,4.35
2020-04-04 03:00:00,4.05
2020-04-04 03:10:00,4.0
2020-04-04 03:20:00,3.91
2020-04-04 03:30:00,3.82
2020-04-04 03:40:00,3.58
2020-04-04 03:50:00,3.39
2020-04-04 04:00:00,2.98
2020-04-04 04:10:00,2.12
2020-04-04 04:20:00,2.11
2020-04-04 04:30:00,2.13
2020-04-04 04:40:00,2.12
2020-04-04 04:50:00,2.06
2020-04-04 05:00:00,2.08
2020-04-04 05:10:00,2.0
2020-04-04 05:20:00,1.97
2020-04-04 05:30:00,1.57
2020-04-04 05:40:00,1.58
2020-04-04 05:50:00,1.44
2020-04-04 06:00:00,1.45
2020-04-04 06:10:00,1.63
2020-04-04 06:20:00,1.74
2020-04-04 06:30:00,1.7
2020-04-04 06:40:00,1.59
2020-04-04 06:50:00,1.72
2020-04-04 07:00:00,1.95
2020-04-04 07:10:00,2.17
2020-04-04 07:20:00,1.98
2020-04-04 07:30:00,2.18
2020-04-04 07:40:00,2.39
2020-04-04 07:50:00,2.5
2020-04-04 08:00:00,2.67
2020-04-04 08:10:00,2.74
2020-04-04 08:20:00,2.97
2020-04-04 08:30:00,3.58
2020-04-04 08:40:00,4.16
2020-04-04 08:50:00,4.67
2020-04-04 09:00:00,5.14
2020-04-04 09:10:00,5.52
2020-04-04 09:20:00,5.89
2020-04-04 09:30:00,6.47
2020-04-04 09:40:00,6.77
2020-04-04 09:50:00,6.9
2020-04-04 10:00:00,6.92
2020-04-04 10:10:00,7.0
2020-04-04 10:20:00,7.27
2020-04-04 10:30:00,7.58
2020-04-04 10:40:00,7.55
2020-04-04 10:50:00,7.59
2020-04-04 11:00:00,7.75
2020-04-04 11:10:00,7.99
2020-04-04 11:20:00,8.08
2020-04-04 11:30:00,8.23
2020-04-04 11:40:00,8.48
2020-04-04 11:50:00,8.38
2020-04-04 12:00:00,8.48
2020-04-04 12:10:00,8.89
2020-04-04 12:20:00,8.99
2020-04-04 12:30:00,9.16
2020-04-04 12:40:00,9.2
2020-04-04 12:50:00,9.39
2020-04-04 13:00:00,9.36
2020-04-04 13:10:00,9.33
2020-04-04 13:20:00,9.88
2020-04-04 13:30:00,9.85
2020-04-04 13:40:00,10.02
2020-04-04 13:50:00,10.69
2020-04-04 14:00:00,10.7
2020-04-04 14:10:00,11.09
2020-04-04 14:20:00,11.1
2020-04-04 14:30:00,11.4
2020-04-04 14:40:00,11.47
2020-04-04 14:50:00,11.49
2020-04-04 15:00:00,11.02
2020-04-04 15:10:00,10.73
2020-04-04 15:20:00,10.53
2020-04-04 15:30:00,10.92
2020-04-04 15:40:00,11.06
2020-04-04 15:50:00,11.02
2020-04-04 16:00:00,11.0
2020-04-04 16:10:00,10.91
2020-04-04 16:20:00,10.85
2020-04-04 16:30:00,10.83
2020-04-04 16:40:00,10.72
2020-04-04 16:50:00,10.84
2020-04-04 17:00:00,10.81
2020-04-04 17:10:00,10.63
2020-04-04 17:20:00,10.6
2020-04-04 17:30:00,10.56
2020-04-04 17:40:00,10.37
2020-04-04 17:50:00,10.35
2020-04-04 18:00:00,10.1
2020-04-04 18:10:00,9.87
2020-04-04 18:20:00,9.76
2020-04-04 18:30:00,9.64
2020-04-04 18:40:00,9.47
2020-04-04 18:50:00,9.29
2020-04-04 19:00:00,9.1
2020-04-04 19:10:00,8.89
2020-04-04 19:20:00,8.63
2020-04-04 19:30:00,8.4
2020-04-04 19:40:00,8.3
2020-04-04 19:50:00,8.2
2020-04-04 20:00:00,8.01
2020-04-04 20:10:00,7.77
2020-04-04 20:20:00,7.68
2020-04-04 20:30:00,7.53
2020-04-04 20:40:00,7.37
2020-04-04 20:50:00,7.37
2020-04-04 21:00:00,7.43
2020-04-04 21:10:00,7.34
2020-04-04 21:20:00,7.24
2020-04-04 21:30:00,6.63
2020-04-04 21:40:00,6.45
2020-04-04 21:50:00,6.43
2020-04-04 22:00:00,5.96
2020-04-04 22:10:00,5.73
2020-04-04 22:20:00,5.54
2020-04-04 22:30:00,5.45
2020-04-04 22:40:00,5.18
2020-04-04 22:50:00,4.96
2020-04-04 23:00:00,4.83
2020-04-04 23:10:00,4.65
2020-04-04 23:20:00,4.18
2020-04-04 23:30:00,4.08
2020-04-04 23:40:00,3.82
2020-04-04 23:50:00,3.46
2020-04-05 00:00:00,3.3
2020-04-05 00:10:00,3.19
2020-04-05 00:20:00,3.09
2020-04-05 00:30:00,3.02
2020-04-05 00:40:00,2.83
2020-04-05 00:50:00,2.71
2020-04-05 01:00:00,2.54
2020-04-05 01:10:00,2.13
2020-04-05 01:20:00,1.85
2020-04-05 01:30:00,1.79
2020-04-05 01:40:00,1.77
2020-04-05 01:50:00,1.67
2020-04-05 02:00:00,1.67
2020-04-05 02:10:00,1.42
2020-04-05 02:20:00,1.16
2020-04-05 02:30:00,0.79
2020-04-05 02:40:00,0.42
2020-04-05 02:50:00,0.53
2020-04-05 03:00:00,0.5
2020-04-05 03:10:00,0.44
2020-04-05 03:20:00,0.43
2020-04-05 03:30:00,-0.25
2020-04-05 03:40:00,-0.51
2020-04-05 03:50:00,-0.76
2020-04-05 04:00:00,-0.8
2020-04-05 04:10:00,-0.82
2020-04-05 04:20:00,-0.8
2020-04-05 04:30:00,-0.93
2020-04-05 04:40:00,-0.97
2020-04-05 04:50:00,-0.84
2020-04-05 05:00:00,-1.07
2020-04-05 05:10:00,-0.99
2020-04-05 05:20:00,-0.8
2020-04-05 05:30:00,-0.69
2020-04-05 05:40:00,-0.84
2020-04-05 05:50:00,-1.05
2020-04-05 06:00:00,-1.07
2020-04-05 06:10:00,-0.86
2020-04-05 06:20:00,-0.83
2020-04-05 06:30:00,-0.17
2020-04-05 06:40:00,0.44
2020-04-05 06:50:00,0.53
2020-04-05 07:00:00,0.84
2020-04-05 07:10:00,1.5
2020-04-05 07:20:00,2.21
2020-04-05 07:30:00,2.76
2020-04-05 07:40:00,3.14
2020-04-05 07:50:00,3.24
2020-04-05 08:00:00,3.68
2020-04-05 08:10:00,4.56
2020-04-05 08:20:00,5.28
2020-04-05 08:30:00,6.42
2020-04-05 08:40:00,6.88
2020-04-05 08:50:00,6.95
2020-04-05 09:00:00,7.52
2020-04-05 09:10:00,8.31
2020-04-05 09:20:00,9.45
2020-04-05 09:30:00,10.04
2020-04-05 09:40:00,10.73
2020-04-05 09:50:00,11.03
2020-04-05 10:00:00,11.43
2020-04-05 10:10:00,11.91
2020-04-05 10:20:00,11.93
2020-04-05 10:30:00,12.4
2020-04-05 10:40:00,12.75
2020-04-05 10:50:00,12.84
2020-04-05 11:00:00,13.07
2020-04-05 11:10:00,13.56
2020-04-05 11:20:00,13.22
2020-04-05 11:30:00,13.4
2020-04-05 11:40:00,13.44
2020-04-05 11:50:00,13.82
2020-04-05 12:00:00,13.67
2020-04-05 12:10:00,13.83
2020-04-05 12:20:00,14.31
2020-04-05 12:30:00,14.34
2020-04-05 12:40:00,14.2
2020-04-05 12:50:00,14.5
2020-04-05 13:00:00,14.89
2020-04-05 13:10:00,14.64
2020-04-05 13:20:00,14.65
2020-04-05 13:30:00,15.03
2020-04-05 13:40:00,14.94
2020-04-05 13:50:00,15.11
2020-04-05 14:00:00,15.24
2020-04-05 14:10:00,16.1
2020-04-05 14:20:00,16.25
2020-04-05 14:30:00,15.99
2020-04-05 14:40:00,16.0
2020-04-05 14:50:00,16.1
2020-04-05 15:00:00,15.99
2020-04-05 15:10:00,15.97
2020-04-05 15:20:00,16.11
2020-04-05 15:30:00,16.1
2020-04-05 15:40:00,15.99
2020-04-05 15:50:00,15.95
2020-04-05 16:00:00,16.04
2020-04-05 16:10:00,16.08
2020-04-05 16:20:00,15.93
2020-04-05 16:30:00,15.82
2020-04-05 16:40:00,15.84
2020-04-05 16:50:00,15.85
2020-04-05 17:00:00,15.83
2020-04-05 17:10:00,15.64
2020-04-05 17:20:00,15.58
2020-04-05 17:30:00,15.5
2020-04-05 17:40:00,15.47
2020-04-05 17:50:00,15.45
2020-04-05 18:00:00,15.24
2020-04-05 18:10:00,14.92
2020-04-05 18:20:00,14.71
2020-04-05 18:30:00,14.56
2020-04-05 18:40:00,14.4
2020-04-05 18:50:00,14.21
2020-04-05 19:00:00,14.0
2020-04-05 19:10:00,13.76
2020-04-05 19:20:00,13.5
2020-04-05 19:30:00,13.31
2020-04-05 19:40:00,13.11
2020-04-05 19:50:00,12.77
2020-04-05 20:00:00,12.35
2020-04-05 20:10:00,12.14
2020-04-05 20:20:00,11.9
2020-04-05 20:30:00,11.84
2020-04-05 20:40:00,11.63
2020-04-05 20:50:00,11.42
2020-04-05 21:00:00,11.32
2020-04-05 21:10:00,11.25
2020-04-05 21:20:00,11.15
2020-04-05 21:30:00,10.97
2020-04-05 21:40:00,10.75
2020-04-05 21:50:00,10.47
2020-04-05 22:00:00,10.31
2020-04-05 22:10:00,10.05
2020-04-05 22:20:00,9.8
2020-04-05 22:30:00,9.47
2020-04-05 22:40:00,9.2
2020-04-05 22:50:00,9.2
2020-04-05 23:00:00,8.77
2020-04-05 23:10:00,8.05
2020-04-05 23:20:00,7.51
2020-04-05 23:30:00,7.33
2020-04-05 23:40:00,7.44
2020-04-05 23:50:00,7.59
2020-04-06 00:00:00,7.49
2020-04-06 00:10:00,7.09
2020-04-06 00:20:00,7.03
2020-04-06 00:30:00,6.28
2020-04-06 00:40:00,5.53
2020-04-06 00:50:00,5.15
2020-04-06 01:00:00,4.93
2020-04-06 01:10:00,5.05
2020-04-06 01:20:00,4.99
2020-04-06 01:30:00,4.65
2020-04-06 01:40:00,4.25
2020-04-06 01:50:00,4.1
2020-04-06 02:00:00,3.54
2020-04-06 02:10:00,3.27
2020-04-06 02:20:00,3.11
2020-04-06 02:30:00,3.01
2020-04-06 02:40:00,2.8
2020-04-06 02:50:00,2.68
2020-04-06 03:00:00,2.65
2020-04-06 03:10:00,2.96
2020-04-06 03:20:00,3.12
2020-04-06 03:30:00,2.45
2020-04-06 03:40:00,2.11
2020-04-06 03:50:00,1.74
2020-04-06 04:00:00,1.65
2020-04-06 04:10:00,1.33
2020-04-06 04:20:00,1.21
2020-04-06 04:30:00,1.4
2020-04-06 04:40:00,1.64
2020-04-06 04:50:00,1.59
2020-04-06 05:00:00,1.46
2020-04-06 05:10:00,1.18
2020-04-06 05:20:00,1.12
2020-04-06 05:30:00,0.98
2020-04-06 05:40:00,1.4
2020-04-06 05:50:00,1.2
2020-04-06 06:00:00,0.96
2020-04-06 06:10:00,1.26
2020-04-06 06:20:00,2.21
2020-04-06 06:30:00,2.72
2020-04-06 06:40:00,3.2
2020-04-06 06:50:00,3.81
2020-04-06 07:00:00,4.23
2020-04-06 07:10:00,4.81
2020-04-06 07:20:00,5.66
2020-04-06 07:30:00,6.11
2020-04-06 07:40:00,6.64
2020-04-06 07:50:00,7.43
2020-04-06 08:00:00,8.13
2020-04-06 08:10:00,8.36
2020-04-06 08:20:00,8.72
2020-04-06 08:30:00,9.36
2020-04-06 08:40:00,10.19
2020-04-06 08:50:00,10.75
2020-04-06 09:00:00,11.0
2020-04-06 09:10:00,11.38
2020-04-06 09:20:00,11.69
2020-04-06 09:30:00,12.15
2020-04-06 09:40:00,12.76
2020-04-06 09:50:00,13.34
2020-04-06 10:00:00,13.87
2020-04-06 10:10:00,14.62
2020-04-06 10:20:00,15.29
2020-04-06 10:30:00,15.57
2020-04-06 10:40:00,15.79
2020-04-06 10:50:00,16.36
2020-04-06 11:00:00,16.76
2020-04-06 11:10:00,17.05
2020-04-06 11:20:00,17.51
2020-04-06 11:30:00,17.81
2020-04-06 11:40:00,17.74
2020-04-06 11:50:00,18.29
2020-04-06 12:00:00,17.96
2020-04-06 12:10:00,18.25
2020-04-06 12:20:00,18.77
2020-04-06 12:30:00,19.02
2020-04-06 12:40:00,19.61
2020-04-06 12:50:00,19.58
2020-04-06 13:00:00,19.85
2020-04-06 13:10:00,19.71
2020-04-06 13:20:00,19.75
2020-04-06 13:30:00,19.98
2020-04-06 13:40:00,20.03
2020-04-06 13:50:00,20.23
2020-04-06 14:00:00,20.41
2020-04-06 14:10:00,20.69
2020-04-06 14:20:00,20.8
2020-04-06 14:30:00,20.43
2020-04-06 14:40:00,20.52
2020-04-06 14:50:00,20.72
2020-04-06 15:00:00,21.04
2020-04-06 15:10:00,21.49
2020-04-06 15:20:00,21.41
2020-04-06 15:30:00,21.55
2020-04-06 15:40:00,21.88
2020-04-06 15:50:00,22.32
2020-04-06 16:00:00,22.11
2020-04-06 16:10:00,21.93
2020-04-06 16:20:00,22.07
2020-04-06 16:30:00,22.06
2020-04-06 16:40:00,21.79
2020-04-06 16:50:00,21.5
2020-04-06 17:00:00,21.08
2020-04-06 17:10:00,21.16
2020-04-06 17:20:00,21.06
2020-04-06 17:30:00,21.06
2020-04-06 17:40:00,21.11
2020-04-06 17:50:00,21.41
2020-04-06 18:00:00,21.03
2020-04-06 18:10:00,20.36
2020-04-06 18:20:00,20.03
2020-04-06 18:30:00,19.68
2020-04-06 18:40:00,19.45
2020-04-06 18:50:00,19.26
2020-04-06 19:00:00,19.08
2020-04-06 19:10:00,18.86
2020-04-06 19:20:00,18.09
2020-04-06 19:30:00,17.58
2020-04-06 19:40:00,18.16
2020-04-06 19:50:00,17.57
2020-04-06 20:00:00,17.22
2020-04-06 20:10:00,16.44
2020-04-06 20:20:00,15.8
2020-04-06 20:30:00,15.79
2020-04-06 20:40:00,15.48
2020-04-06 20:50:00,14.78
2020-04-06 21:00:00,14.1
2020-04-06 21:10:00,14.01
2020-04-06 21:20:00,13.97
2020-04-06 21:30:00,13.64
2020-04-06 21:40:00,13.17
2020-04-06 21:50:00,12.94
2020-04-06 22:00:00,12.9
2020-04-06 22:10:00,12.42
2020-04-06 22:20:00,11.22
2020-04-06 22:30:00,11.25
2020-04-06 22:40:00,11.03
2020-04-06 22:50:00,10.99
2020-04-06 23:00:00,10.49
2020-04-06 23:10:00,10.2
2020-04-06 23:20:00,9.84
2020-04-06 23:30:00,9.88
2020-04-06 23:40:00,9.61
2020-04-06 23:50:00,9.65
2020-04-07 00:00:00,9.52
2020-04-07 00:10:00,8.98
2020-04-07 00:20:00,8.54
2020-04-07 00:30:00,8.13
2020-04-07 00:40:00,8.0
2020-04-07 00:50:00,7.65
2020-04-07 01:00:00,7.54
2020-04-07 01:10:00,7.31
2020-04-07 01:20:00,7.27
2020-04-07 01:30:00,7.19
2020-04-07 01:40:00,7.09
2020-04-07 01:50:00,7.14
2020-04-07 02:00:00,7.0
2020-04-07 02:10:00,6.78
2020-04-07 02:20:00,7.01
2020-04-07 02:30:00,7.15
2020-04-07 02:40:00,6.98
2020-04-07 02:50:00,6.0
2020-04-07 03:00:00,5.8
2020-04-07 03:10:00,5.62
2020-04-07 03:20:00,5.46
2020-04-07 03:30:00,5.29
2020-04-07 03:40:00,5.1
2020-04-07 03:50:00,4.69
2020-04-07 04:00:00,4.78
2020-04-07 04:10:00,5.1
2020-04-07 04:20:00,5.58
2020-04-07 04:30:00,5.5
2020-04-07 04:40:00,5.6
2020-04-07 04:50:00,5.56
2020-04-07 05:00:00,5.23
2020-04-07 05:10:00,5.12
2020-04-07 05:20:00,4.93
2020-04-07 05:30:00,4.07
2020-04-07 05:40:00,3.94
2020-04-07 05:50:00,3.99
2020-04-07 06:00:00,4.14
2020-04-07 06:10:00,4.44
2020-04-07 06:20:00,5.05
2020-04-07 06:30:00,5.26
2020-04-07 06:40:00,5.54
2020-04-07 06:50:00,5.89
2020-04-07 07:00:00,6.33
2020-04-07 07:10:00,7.06
2020-04-07 07:20:00,7.16
2020-04-07 07:30:00,7.35
2020-04-07 07:40:00,8.22
2020-04-07 07:50:00,7.79
2020-04-07 08:00:00,8.0
2020-04-07 08:10:00,8.94
2020-04-07 08:20:00,9.66
2020-04-07 08:30:00,10.81
2020-04-07 08:40:00,11.96
2020-04-07 08:50:00,12.23
2020-04-07 09:00:00,12.57
2020-04-07 09:10:00,12.8
2020-04-07 09:20:00,13.14
2020-04-07 09:30:00,13.79
2020-04-07 09:40:00,14.33
2020-04-07 09:50:00,15.31
2020-04-07 10:00:00,15.53
2020-04-07 10:10:00,15.54
2020-04-07 10:20:00,15.58
2020-04-07 10:30:00,15.65
2020-04-07 10:40:00,15.88
2020-04-07 10:50:00,16.14
2020-04-07 11:00:00,16.4
2020-04-07 11:10:00,16.23
2020-04-07 11:20:00,16.41
2020-04-07 11:30:00,16.49
2020-04-07 11:40:00,16.68
2020-04-07 11:50:00,16.76
2020-04-07 12:00:00,16.85
2020-04-07 12:10:00,17.04
2020-04-07 12:20:00,17.08
2020-04-07 12:30:00,17.18
2020-04-07 12:40:00,17.21
2020-04-07 12:50:00,17.05
2020-04-07 13:00:00,17.02
2020-04-07 13:10:00,16.95
2020-04-07 13:20:00,17.02
2020-04-07 13:30:00,16.86
2020-04-07 13:40:00,16.95
2020-04-07 13:50:00,16.94
2020-04-07 14:00:00,16.98
2020-04-07 14:10:00,16.96
2020-04-07 14:20:00,17.07
2020-04-07 14:30:00,17.17
2020-04-07 14:40:00,17.09
2020-04-07 14:50:00,17.28
2020-04-07 15:00:00,17.27
2020-04-07 15:10:00,17.26
2020-04-07 15:20:00,17.38
2020-04-07 15:30:00,17.32
2020-04-07 15:40:00,17.38
2020-04-07 15:50:00,17.47
2020-04-07 16:00:00,17.48
2020-04-07 16:10:00,17.46
2020-04-07 16:20:00,17.29
2020-04-07 16:30:00,17.18
2020-04-07 16:40:00,17.21
2020-04-07 16:50:00,17.1
2020-04-07 17:00:00,17.11
2020-04-07 17:10:00,17.02
2020-04-07 17:20:00,16.89
2020-04-07 17:30:00,16.7
2020-04-07 17:40:00,16.76
2020-04-07 17:50:00,16.81
2020-04-07 18:00:00,16.59
2020-04-07 18:10:00,16.28
2020-04-07 18:20:00,16.16
2020-04-07 18:30:00,16.04
2020-04-07 18:40:00,15.89
2020-04-07 18:50:00,15.82
2020-04-07 19:00:00,15.71
2020-04-07 19:10:00,15.57
2020-04-07 19:20:00,15.44
2020-04-07 19:30:00,15.22
2020-04-07 19:40:00,15.04
2020-04-07 19:50:00,14.93
2020-04-07 20:00:00,14.83
2020-04-07 20:10:00,14.6
2020-04-07 20:20:00,14.48
2020-04-07 20:30:00,14.38
2020-04-07 20:40:00,14.24
2020-04-07 20:50:00,14.14
2020-04-07 21:00:00,14.01
2020-04-07 21:10:00,13.58
2020-04-07 21:20:00,12.97
2020-04-07 21:30:00,12.86
2020-04-07 21:40:00,12.54
2020-04-07 21:50:00,12.35
2020-04-07 22:00:00,12.22
2020-04-07 22:10:00,12.04
2020-04-07 22:20:00,11.93
2020-04-07 22:30:00,11.67
2020-04-07 22:40:00,11.61
2020-04-07 22:50:00,11.33
2020-04-07 23:00:00,11.19
2020-04-07 23:10:00,10.9
2020-04-07 23:20:00,11.01
2020-04-07 23:30:00,10.84
2020-04-07 23:40:00,10.5
2020-04-07 23:50:00,10.23
2020-04-08 00:00:00,10.28
2020-04-08 00:10:00,10.17
2020-04-08 00:20:00,9.86
2020-04-08 00:30:00,9.83
2020-04-08 00:40:00,9.51
2020-04-08 00:50:00,9.17
2020-04-08 01:00:00,8.74
2020-04-08 01:10:00,8.5
2020-04-08 01:20:00,8.39
2020-04-08 01:30:00,8.21
2020-04-08 01:40:00,8.12
2020-04-08 01:50:00,7.91
2020-04-08 02:00:00,7.77
2020-04-08 02:10:00,7.55
2020-04-08 02:20:00,7.27
2020-04-08 02:30:00,7.14
2020-04-08 02:40:00,7.13
2020-04-08 02:50:00,6.98
2020-04-08 03:00:00,6.98
2020-04-08 03:10:00,6.85
2020-04-08 03:20:00,6.63
2020-04-08 03:30:00,6.45
2020-04-08 03:40:00,5.85
2020-04-08 03:50:00,5.81
2020-04-08 04:00:00,5.79
2020-04-08 04:10:00,5.83
2020-04-08 04:20:00,5.82
2020-04-08 04:30:00,5.33
2020-04-08 04:40:00,4.85
2020-04-08 04:50:00,4.82
2020-04-08 05:00:00,4.76
2020-04-08 05:10:00,4.71
2020-04-08 05:20:00,4.6
2020-04-08 05:30:00,4.45
2020-04-08 05:40:00,4.28
2020-04-08 05:50:00,4.1
2020-04-08 06:00:00,4.17
2020-04-08 06:10:00,4.2
2020-04-08 06:20:00,4.1
2020-04-08 06:30:00,3.98
2020-04-08 06:40:00,3.97
2020-04-08 06:50:00,4.1
2020-04-08 07:00:00,4.23
2020-04-08 07:10:00,4.27
2020-04-08 07:20:00,4.18
2020-04-08 07:30:00,4.24
2020-04-08 07:40:00,4.46
2020-04-08 07:50:00,4.67
2020-04-08 08:00:00,4.77
2020-04-08 08:10:00,4.96
2020-04-08 08:20:00,5.16
2020-04-08 08:30:00,5.3
2020-04-08 08:40:00,5.51
2020-04-08 08:50:00,5.75
2020-04-08 09:00:00,5.99
2020-04-08 09:10:00,5.95
2020-04-08 09:20:00,6.22
2020-04-08 09:30:00,6.58
2020-04-08 09:40:00,7.52
2020-04-08 09:50:00,8.3
2020-04-08 10:00:00,9.36
2020-04-08 10:10:00,11.22
2020-04-08 10:20:00,12.45
2020-04-08 10:30:00,13.14
2020-04-08 10:40:00,13.75
2020-04-08 10:50:00,15.02
2020-04-08 11:00:00,16.29
2020-04-08 11:10:00,17.09
2020-04-08 11:20:00,17.86
2020-04-08 11:30:00,18.27
2020-04-08 11:40:00,18.18
2020-04-08 11:50:00,18.33
2020-04-08 12:00:00,18.66
2020-04-08 12:10:00,18.48
2020-04-08 12:20:00,18.72
2020-04-08 12:30:00,19.49
2020-04-08 12:40:00,19.52
2020-04-08 12:50:00,19.73
2020-04-08 13:00:00,19.81
2020-04-08 13:10:00,19.59
2020-04-08 13:20:00,19.55
2020-04-08 13:30:00,20.09
2020-04-08 13:40:00,20.08
2020-04-08 13:50:00,20.36
2020-04-08 14:00:00,20.32
2020-04-08 14:10:00,20.18
2020-04-08 14:20:00,20.35
2020-04-08 14:30:00,20.58
2020-04-08 14:40:00,20.74
2020-04-08 14:50:00,20.84
2020-04-08 15:00:00,20.95
2020-04-08 15:10:00,21.08
2020-04-08 15:20:00,20.79
2020-04-08 15:30:00,20.91
2020-04-08 15:40:00,20.93
2020-04-08 15:50:00,21.31
2020-04-08 16:00:00,21.01
2020-04-08 16:10:00,21.05
2020-04-08 16:20:00,20.88
2020-04-08 16:30:00,21.1
2020-04-08 16:40:00,20.77
2020-04-08 16:50:00,20.43
2020-04-08 17:00:00,20.3
2020-04-08 17:10:00,20.13
2020-04-08 17:20:00,20.19
2020-04-08 17:30:00,20.21
2020-04-08 17:40:00,20.03
2020-04-08 17:50:00,20.04
2020-04-08 18:00:00,19.98
2020-04-08 18:10:00,19.18
2020-04-08 18:20:00,18.65
2020-04-08 18:30:00,18.5
2020-04-08 18:40:00,18.35
2020-04-08 18:50:00,18.22
2020-04-08 19:00:00,17.99
2020-04-08 19:10:00,17.76
2020-04-08 19:20:00,17.55
2020-04-08 19:30:00,17.16
2020-04-08 19:40:00,16.71
2020-04-08 19:50:00,16.29
2020-04-08 20:00:00,16.27
2020-04-08 20:10:00,15.93
2020-04-08 20:20:00,15.53
2020-04-08 20:30:00,15.09
2020-04-08 20:40:00,14.63
2020-04-08 20:50:00,13.56
2020-04-08 21:00:00,12.96
2020-04-08 21:10:00,12.87
2020-04-08 21:20:00,12.86
2020-04-08 21:30:00,12.62
2020-04-08 21:40:00,12.41
2020-04-08 21:50:00,12.35
2020-04-08 22:00:00,12.43
2020-04-08 22:10:00,12.31
2020-04-08 22:20:00,11.79
2020-04-08 22:30:00,10.68
2020-04-08 22:40:00,10.58
2020-04-08 22:50:00,10.25
2020-04-08 23:00:00,10.02
2020-04-08 23:10:00,9.91
2020-04-08 23:20:00,9.18
2020-04-08 23:30:00,8.5
2020-04-08 23:40:00,8.31
2020-04-08 23:50:00,8.03
2020-04-09 00:00:00,8.2
2020-04-09 00:10:00,8.23
2020-04-09 00:20:00,8.24
2020-04-09 00:30:00,8.2
2020-04-09 00:40:00,7.53
2020-04-09 00:50:00,6.98
2020-04-09 01:00:00,6.8
2020-04-09 01:10:00,6.66
2020-04-09 01:20:00,6.36
2020-04-09 01:30:00,6.49
2020-04-09 01:40:00,6.86
2020-04-09 01:50:00,6.3
2020-04-09 02:00:00,5.79
2020-04-09 02:10:00,6.2
2020-04-09 02:20:00,6.03
2020-04-09 02:30:00,5.86
2020-04-09 02:40:00,6.01
2020-04-09 02:50:00,5.85
2020-04-09 03:00:00,5.27
2020-04-09 03:10:00,4.83
2020-04-09 03:20:00,4.65
2020-04-09 03:30:00,4.6
2020-04-09 03:40:00,4.72
2020-04-09 03:50:00,4.91
2020-04-09 04:00:00,5.06
2020-04-09 04:10:00,4.98
2020-04-09 04:20:00,4.84
2020-04-09 04:30:00,4.92
2020-04-09 04:40:00,5.01
2020-04-09 04:50:00,4.63
2020-04-09 05:00:00,4.14
2020-04-09 05:10:00,4.03
2020-04-09 05:20:00,4.08
2020-04-09 05:30:00,3.96
2020-04-09 05:40:00,4.03
2020-04-09 05:50:00,3.54
2020-04-09 06:00:00,3.28
2020-04-09 06:10:00,3.22
2020-04-09 06:20:00,3.79
2020-04-09 06:30:00,4.77
2020-04-09 06:40:00,5.16
2020-04-09 06:50:00,5.06
2020-04-09 07:00:00,5.44
2020-04-09 07:10:00,5.85
2020-04-09 07:20:00,6.13
2020-04-09 07:30:00,6.38
2020-04-09 07:40:00,6.03
2020-04-09 07:50:00,7.23
2020-04-09 08:00:00,8.1
2020-04-09 08:10:00,8.85
2020-04-09 08:20:00,9.48
2020-04-09 08:30:00,9.6
2020-04-09 08:40:00,10.59
2020-04-09 08:50:00,10.48
2020-04-09 09:00:00,11.6
2020-04-09 09:10:00,11.92
2020-04-09 09:20:00,12.63
2020-04-09 09:30:00,13.1
2020-04-09 09:40:00,12.86
2020-04-09 09:50:00,13.06
2020-04-09 10:00:00,13.45
2020-04-09 10:10:00,13.63
2020-04-09 10:20:00,14.02
2020-04-09 10:30:00,14.26
2020-04-09 10:40:00,14.66
2020-04-09 10:50:00,14.96
2020-04-09 11:00:00,15.31
2020-04-09 11:10:00,15.37
2020-04-09 11:20:00,15.54
2020-04-09 11:30:00,15.88
2020-04-09 11:40:00,16.11
2020-04-09 11:50:00,16.23
2020-04-09 12:00:00,16.54
2020-04-09 12:10:00,16.63
2020-04-09 12:20:00,16.64
2020-04-09 12:30:00,16.95
2020-04-09 12:40:00,17.05
2020-04-09 12:50:00,17.19
2020-04-09 13:00:00,16.92
2020-04-09 13:10:00,17.16
2020-04-09 13:20:00,17.43
2020-04-09 13:30:00,17.39
2020-04-09 13:40:00,17.55
2020-04-09 13:50:00,17.58
2020-04-09 14:00:00,17.68
2020-04-09 14:10:00,17.54
2020-04-09 14:20:00,17.23
2020-04-09 14:30:00,17.44
2020-04-09 14:40:00,17.49
2020-04-09 14:50:00,17.39
2020-04-09 15:00:00,17.25
2020-04-09 15:10:00,17.33
2020-04-09 15:20:00,17.65
2020-04-09 15:30:00,17.63
2020-04-09 15:40:00,17.63
2020-04-09 15:50:00,17.65
2020-04-09 16:00:00,17.94
2020-04-09 16:10:00,17.87
2020-04-09 16:20:00,17.68
2020-04-09 16:30:00,17.57
2020-04-09 16:40:00,17.7
2020-04-09 16:50:00,17.52
2020-04-09 17:00:00,17.35
2020-04-09 17:10:00,17.06
2020-04-09 17:20:00,16.94
2020-04-09 17:30:00,16.8
2020-04-09 17:40:00,16.8
2020-04-09 17:50:00,16.75
2020-04-09 18:00:00,16.66
2020-04-09 18:10:00,16.39
2020-04-09 18:20:00,16.23
2020-04-09 18:30:00,16.13
2020-04-09 18:40:00,15.99
2020-04-09 18:50:00,15.75
2020-04-09 19:00:00,15.65
2020-04-09 19:10:00,15.53
2020-04-09 19:20:00,15.38
2020-04-09 19:30:00,15.27
2020-04-09 19:40:00,15.09
2020-04-09 19:50:00,14.99
2020-04-09 20:00:00,14.73
2020-04-09 20:10:00,14.41
2020-04-09 20:20:00,14.11
2020-04-09 20:30:00,13.73
2020-04-09 20:40:00,13.33
2020-04-09 20:50:00,12.95
2020-04-09 21:00:00,12.59
2020-04-09 21:10:00,12.17
2020-04-09 21:20:00,12.0
2020-04-09 21:30:00,12.23
2020-04-09 21:40:00,11.65
2020-04-09 21:50:00,11.19
2020-04-09 22:00:00,11.2
2020-04-09 22:10:00,11.0
2020-04-09 22:20:00,10.43
2020-04-09 22:30:00,10.27
2020-04-09 22:40:00,10.14
2020-04-09 22:50:00,9.76
2020-04-09 23:00:00,9.58
2020-04-09 23:10:00,9.56
2020-04-09 23:20:00,9.65
2020-04-09 23:30:00,9.18
2020-04-09 23:40:00,9.12
2020-04-09 23:50:00,9.11
2020-04-10 00:00:00,9.26
2020-04-10 00:10:00,9.01
2020-04-10 00:20:00,8.73
2020-04-10 00:30:00,8.47
2020-04-10 00:40:00,8.32
2020-04-10 00:50:00,8.27
2020-04-10 01:00:00,7.71
2020-04-10 01:10:00,7.61
2020-04-10 01:20:00,7.27
2020-04-10 01:30:00,7.07
2020-04-10 01:40:00,7.07
2020-04-10 01:50:00,7.1
2020-04-10 02:00:00,6.94
2020-04-10 02:10:00,6.46
2020-04-10 02:20:00,6.23
2020-04-10 02:30:00,5.94
2020-04-10 02:40:00,6.06
2020-04-10 02:50:00,6.08
2020-04-10 03:00:00,5.93
2020-04-10 03:10:00,5.6
2020-04-10 03:20:00,5.22
2020-04-10 03:30:00,5.02
2020-04-10 03:40:00,4.97
2020-04-10 03:50:00,5.04
2020-04-10 04:00:00,5.08
2020-04-10 04:10:00,5.27
2020-04-10 04:20:00,4.92
2020-04-10 04:30:00,4.69
2020-04-10 04:40:00,4.49
2020-04-10 04:50:00,4.15
2020-04-10 05:00:00,3.94
2020-04-10 05:10:00,3.93
2020-04-10 05:20:00,4.07
2020-04-10 05:30:00,4.24
2020-04-10 05:40:00,4.17
2020-04-10 05:50:00,4.16
2020-04-10 06:00:00,4.06
2020-04-10 06:10:00,3.82
2020-04-10 06:20:00,3.95
2020-04-10 06:30:00,4.49
2020-04-10 06:40:00,4.57
2020-04-10 06:50:00,4.77
2020-04-10 07:00:00,5.53
2020-04-10 07:10:00,6.42
2020-04-10 07:20:00,6.34
2020-04-10 07:30:00,6.42
2020-04-10 07:40:00,7.07
2020-04-10 07:50:00,7.19
2020-04-10 08:00:00,7.27
2020-04-10 08:10:00,7.93
2020-04-10 08:20:00,9.13
2020-04-10 08:30:00,9.25
2020-04-10 08:40:00,9.19
2020-04-10 08:50:00,9.44
2020-04-10 09:00:00,9.78
2020-04-10 09:10:00,9.74
2020-04-10 09:20:00,10.49
2020-04-10 09:30:00,11.05
2020-04-10 09:40:00,11.25
2020-04-10 09:50:00,11.65
2020-04-10 10:00:00,12.36
2020-04-10 10:10:00,12.62
2020-04-10 10:20:00,12.94
2020-04-10 10:30:00,13.13
2020-04-10 10:40:00,13.59
2020-04-10 10:50:00,13.93
2020-04-10 11:00:00,14.19
2020-04-10 11:10:00,14.63
2020-04-10 11:20:00,15.13
2020-04-10 11:30:00,15.24
2020-04-10 11:40:00,15.54
2020-04-10 11:50:00,15.46
2020-04-10 12:00:00,15.38
2020-04-10 12:10:00,15.45
2020-04-10 12:20:00,15.55
2020-04-10 12:30:00,16.15
2020-04-10 12:40:00,16.52
2020-04-10 12:50:00,16.77
2020-04-10 13:00:00,16.77
2020-04-10 13:10:00,17.09
2020-04-10 13:20:00,17.44
2020-04-10 13:30:00,17.15
2020-04-10 13:40:00,17.0
2020-04-10 13:50:00,17.56
2020-04-10 14:00:00,17.07
2020-04-10 14:10:00,17.02
2020-04-10 14:20:00,17.12
2020-04-10 14:30:00,17.37
2020-04-10 14:40:00,17.6
2020-04-10 14:50:00,17.37
2020-04-10 15:00:00,17.12
2020-04-10 15:10:00,17.31
2020-04-10 15:20:00,17.31
2020-04-10 15:30:00,16.97
2020-04-10 15:40:00,17.29
2020-04-10 15:50:00,17.48
2020-04-10 16:00:00,17.3
2020-04-10 16:10:00,17.49
2020-04-10 16:20:00,17.1
2020-04-10 16:30:00,16.97
2020-04-10 16:40:00,16.84
2020-04-10 16:50:00,16.74
2020-04-10 17:00:00,16.77
2020-04-10 17:10:00,16.86
2020-04-10 17:20:00,16.89
2020-04-10 17:30:00,17.21
2020-04-10 17:40:00,17.04
2020-04-10 17:50:00,16.95
2020-04-10 18:00:00,16.9
2020-04-10 18:10:00,15.93
2020-04-10 18:20:00,15.12
2020-04-10 18:30:00,14.75
2020-04-10 18:40:00,14.36
2020-04-10 18:50:00,14.0
2020-04-10 19:00:00,13.71
2020-04-10 19:10:00,13.42
2020-04-10 19:20:00,13.19
2020-04-10 19:30:00,12.91
2020-04-10 19:40:00,12.58
2020-04-10 19:50:00,12.26
2020-04-10 20:00:00,12.0
2020-04-10 20:10:00,11.7
2020-04-10 20:20:00,11.45
2020-04-10 20:30:00,11.23
2020-04-10 20:40:00,11.02
2020-04-10 20:50:00,10.79
2020-04-10 21:00:00,10.73
2020-04-10 21:10:00,10.51
2020-04-10 21:20:00,10.38
2020-04-10 21:30:00,10.24
2020-04-10 21:40:00,10.13
2020-04-10 21:50:00,9.95
2020-04-10 22:00:00,9.85
2020-04-10 22:10:00,9.71
2020-04-10 22:20:00,9.57
2020-04-10 22:30:00,9.19
2020-04-10 22:40:00,9.06
2020-04-10 22:50:00,9.15
2020-04-10 23:00:00,9.1
2020-04-10 23:10:00,8.7
2020-04-10 23:20:00,8.83
2020-04-10 23:30:00,8.58
2020-04-10 23:40:00,8.2
2020-04-10 23:50:00,8.58
2020-04-11 00:00:00,8.07
2020-04-11 00:10:00,7.09
2020-04-11 00:20:00,6.62
2020-04-11 00:30:00,6.43
2020-04-11 00:40:00,6.02
2020-04-11 00:50:00,5.86
2020-04-11 01:00:00,5.72
2020-04-11 01:10:00,5.62
2020-04-11 01:20:00,5.21
2020-04-11 01:30:00,5.46
2020-04-11 01:40:00,5.43
2020-04-11 01:50:00,5.08
2020-04-11 02:00:00,4.67
2020-04-11 02:10:00,4.27
2020-04-11 02:20:00,4.27
2020-04-11 02:30:00,4.22
2020-04-11 02:40:00,4.2
2020-04-11 02:50:00,3.89
2020-04-11 03:00:00,3.71
2020-04-11 03:10:00,3.34
2020-04-11 03:20:00,3.14
2020-04-11 03:30:00,2.84
2020-04-11 03:40:00,2.89
2020-04-11 03:50:00,2.74
2020-04-11 04:00:00,2.68
2020-04-11 04:10:00,2.4
2020-04-11 04:20:00,2.39
2020-04-11 04:30:00,2.35
2020-04-11 04:40:00,2.14
2020-04-11 04:50:00,1.91
2020-04-11 05:00:00,1.79
2020-04-11 05:10:00,1.43
2020-04-11 05:20:00,1.16
2020-04-11 05:30:00,1.17
2020-04-11 05:40:00,1.29
2020-04-11 05:50:00,1.44
2020-04-11 06:00:00,1.53
2020-04-11 06:10:00,1.99
2020-04-11 06:20:00,2.56
2020-04-11 06:30:00,3.11
2020-04-11 06:40:00,3.32
2020-04-11 06:50:00,3.21
2020-04-11 07:00:00,2.95
2020-04-11 07:10:00,3.18
2020-04-11 07:20:00,3.74
2020-04-11 07:30:00,4.54
2020-04-11 07:40:00,5.24
2020-04-11 07:50:00,5.59
2020-04-11 08:00:00,6.03
2020-04-11 08:10:00,6.74
2020-04-11 08:20:00,7.12
2020-04-11 08:30:00,7.61
2020-04-11 08:40:00,8.56
2020-04-11 08:50:00,8.67
2020-04-11 09:00:00,8.63
2020-04-11 09:10:00,9.61
2020-04-11 09:20:00,10.31
2020-04-11 09:30:00,10.03
2020-04-11 09:40:00,9.66
2020-04-11 09:50:00,9.72
2020-04-11 10:00:00,10.03
2020-04-11 10:10:00,10.27
2020-04-11 10:20:00,10.94
2020-04-11 10:30:00,11.2
2020-04-11 10:40:00,11.87
2020-04-11 10:50:00,11.79
2020-04-11 11:00:00,11.86
2020-04-11 11:10:00,12.68
2020-04-11 11:20:00,12.8
2020-04-11 11:30:00,12.72
2020-04-11 11:40:00,12.94
2020-04-11 11:50:00,13.1
2020-04-11 12:00:00,13.46
2020-04-11 12:10:00,13.87
2020-04-11 12:20:00,13.6
2020-04-11 12:30:00,13.67
2020-04-11 12:40:00,14.22
2020-04-11 12:50:00,14.28
2020-04-11 13:00:00,14.68
2020-04-11 13:10:00,14.7
2020-04-11 13:20:00,14.68
2020-04-11 13:30:00,14.64
2020-04-11 13:40:00,15.16
2020-04-11 13:50:00,15.06
2020-04-11 14:00:00,14.99
2020-04-11 14:10:00,15.2
2020-04-11 14:20:00,15.15
2020-04-11 14:30:00,15.28
2020-04-11 14:40:00,15.37
2020-04-11 14:50:00,15.41
2020-04-11 15:00:00,15.39
2020-04-11 15:10:00,15.65
2020-04-11 15:20:00,15.41
2020-04-11 15:30:00,15.51
2020-04-11 15:40:00,15.46
2020-04-11 15:50:00,15.6
2020-04-11 16:00:00,15.74
2020-04-11 16:10:00,15.94
2020-04-11 16:20:00,15.67
2020-04-11 16:30:00,15.73
2020-04-11 16:40:00,15.61
2020-04-11 16:50:00,15.51
2020-04-11 17:00:00,15.41
2020-04-11 17:10:00,15.4
2020-04-11 17:20:00,15.3
2020-04-11 17:30:00,15.27
2020-04-11 17:40:00,15.26
2020-04-11 17:50:00,15.14
2020-04-11 18:00:00,15.0
2020-04-11 18:10:00,14.54
2020-04-11 18:20:00,14.23
2020-04-11 18:30:00,14.05
2020-04-11 18:40:00,13.87
2020-04-11 18:50:00,13.79
2020-04-11 19:00:00,13.62
2020-04-11 19:10:00,13.51
2020-04-11 19:20:00,13.36
2020-04-11 19:30:00,13.13
2020-04-11 19:40:00,12.91
2020-04-11 19:50:00,12.64
2020-04-11 20:00:00,12.33
2020-04-11 20:10:00,11.87
2020-04-11 20:20:00,11.8
2020-04-11 20:30:00,11.63
2020-04-11 20:40:00,11.03
2020-04-11 20:50:00,10.65
2020-04-11 21:00:00,10.43
2020-04-11 21:10:00,10.16
2020-04-11 21:20:00,10.11
2020-04-11 21:30:00,9.61
2020-04-11 21:40:00,9.2
2020-04-11 21:50:00,8.76
2020-04-11 22:00:00,8.55
2020-04-11 22:10:00,8.29
2020-04-11 22:20:00,8.26
2020-04-11 22:30:00,8.18
2020-04-11 22:40:00,8.15
2020-04-11 22:50:00,7.58
2020-04-11 23:00:00,6.92
2020-04-11 23:10:00,6.62
2020-04-11 23:20:00,6.58
2020-04-11 23:30:00,6.31
2020-04-11 23:40:00,6.06
2020-04-11 23:50:00,5.77
2020-04-12 00:00:00,5.66
2020-04-12 00:10:00,5.36
2020-04-12 00:20:00,5.07
2020-04-12 00:30:00,4.58
2020-04-12 00:40:00,4.41
2020-04-12 00:50:00,4.33
2020-04-12 01:00:00,4.18
2020-04-12 01:10:00,4.26
2020-04-12 01:20:00,4.35
2020-04-12 01:30:00,4.3
2020-04-12 01:40:00,4.21
2020-04-12 01:50:00,3.97
2020-04-12 02:00:00,3.66
2020-04-12 02:10:00,3.47
2020-04-12 02:20:00,3.17
2020-04-12 02:30:00,2.99
2020-04-12 02:40:00,2.95
2020-04-12 02:50:00,2.95
2020-04-12 03:00:00,2.79
2020-04-12 03:10:00,2.55
2020-04-12 03:20:00,2.41
2020-04-12 03:30:00,2.36
2020-04-12 03:40:00,2.3
2020-04-12 03:50:00,2.37
2020-04-12 04:00:00,2.53
2020-04-12 04:10:00,2.38
2020-04-12 04:20:00,2.27
2020-04-12 04:30:00,2.6
2020-04-12 04:40:00,2.47
2020-04-12 04:50:00,2.11
2020-04-12 05:00:00,1.76
2020-04-12 05:10:00,1.63
2020-04-12 05:20:00,1.64
2020-04-12 05:30:00,1.66
2020-04-12 05:40:00,1.7
2020-04-12 05:50:00,1.67
2020-04-12 06:00:00,1.6
2020-04-12 06:10:00,2.09
2020-04-12 06:20:00,2.4
2020-04-12 06:30:00,3.13
2020-04-12 06:40:00,3.47
2020-04-12 06:50:00,3.33
2020-04-12 07:00:00,3.69
2020-04-12 07:10:00,4.27
2020-04-12 07:20:00,4.68
2020-04-12 07:30:00,5.31
2020-04-12 07:40:00,5.95
2020-04-12 07:50:00,6.45
2020-04-12 08:00:00,7.41
2020-04-12 08:10:00,8.06
2020-04-12 08:20:00,8.59
2020-04-12 08:30:00,9.66
2020-04-12 08:40:00,10.1
2020-04-12 08:50:00,10.7
2020-04-12 09:00:00,11.05
2020-04-12 09:10:00,11.72
2020-04-12 09:20:00,12.55
2020-04-12 09:30:00,13.23
2020-04-12 09:40:00,13.84
2020-04-12 09:50:00,14.47
2020-04-12 10:00:00,15.08
2020-04-12 10:10:00,16.03
2020-04-12 10:20:00,16.43
2020-04-12 10:30:00,17.29
2020-04-12 10:40:00,18.19
2020-04-12 10:50:00,19.2
2020-04-12 11:00:00,19.98
2020-04-12 11:10:00,19.84
2020-04-12 11:20:00,19.54
2020-04-12 11:30:00,20.25
2020-04-12 11:40:00,20.82
2020-04-12 11:50:00,21.2
2020-04-12 12:00:00,20.83
2020-04-12 12:10:00,20.61
2020-04-12 12:20:00,20.71
2020-04-12 12:30:00,20.98
2020-04-12 12:40:00,21.38
2020-04-12 12:50:00,21.89
2020-04-12 13:00:00,21.48
2020-04-12 13:10:00,21.7
2020-04-12 13:20:00,21.79
2020-04-12 13:30:00,21.66
2020-04-12 13:40:00,21.99
2020-04-12 13:50:00,22.15
2020-04-12 14:00:00,22.41
2020-04-12 14:10:00,22.51
2020-04-12 14:20:00,22.4
2020-04-12 14:30:00,22.79
2020-04-12 14:40:00,22.5
2020-04-12 14:50:00,22.36
2020-04-12 15:00:00,22.18
2020-04-12 15:10:00,21.8
2020-04-12 15:20:00,21.82
2020-04-12 15:30:00,22.37
2020-04-12 15:40:00,21.89
2020-04-12 15:50:00,21.73
2020-04-12 16:00:00,21.69
2020-04-12 16:10:00,21.71
2020-04-12 16:20:00,21.61
2020-04-12 16:30:00,21.61
2020-04-12 16:40:00,21.67
2020-04-12 16:50:00,21.62
2020-04-12 17:00:00,21.69
2020-04-12 17:10:00,21.88
2020-04-12 17:20:00,21.71
2020-04-12 17:30:00,21.55
2020-04-12 17:40:00,21.69
2020-04-12 17:50:00,21.47
2020-04-12 18:00:00,21.16
2020-04-12 18:10:00,20.86
2020-04-12 18:20:00,20.6
2020-04-12 18:30:00,20.4
2020-04-12 18:40:00,20.11
2020-04-12 18:50:00,19.82
2020-04-12 19:00:00,19.39
2020-04-12 19:10:00,19.12
2020-04-12 19:20:00,18.79
2020-04-12 19:30:00,18.22
2020-04-12 19:40:00,18.04
2020-04-12 19:50:00,17.95
2020-04-12 20:00:00,17.73
2020-04-12 20:10:00,17.59
2020-04-12 20:20:00,17.57
2020-04-12 20:30:00,17.8
2020-04-12 20:40:00,18.11
2020-04-12 20:50:00,18.11
2020-04-12 21:00:00,17.98
2020-04-12 21:10:00,17.87
2020-04-12 21:20:00,17.83
2020-04-12 21:30:00,17.73
2020-04-12 21:40:00,17.16
2020-04-12 21:50:00,15.66
2020-04-12 22:00:00,16.33
2020-04-12 22:10:00,16.06
2020-04-12 22:20:00,16.49
2020-04-12 22:30:00,16.31
2020-04-12 22:40:00,15.99
2020-04-12 22:50:00,14.91
2020-04-12 23:00:00,13.9
2020-04-12 23:10:00,13.42
2020-04-12 23:20:00,14.02
2020-04-12 23:30:00,14.14
2020-04-12 23:40:00,13.5
2020-04-12 23:50:00,13.09
2020-04-13 00:00:00,13.05
2020-04-13 00:10:00,13.09
2020-04-13 00:20:00,12.94
2020-04-13 00:30:00,13.25
2020-04-13 00:40:00,13.03
2020-04-13 00:50:00,12.66
2020-04-13 01:00:00,12.88
2020-04-13 01:10:00,11.97
2020-04-13 01:20:00,11.6
2020-04-13 01:30:00,11.54
2020-04-13 01:40:00,11.38
2020-04-13 01:50:00,11.26
2020-04-13 02:00:00,11.26
2020-04-13 02:10:00,11.15
2020-04-13 02:20:00,10.76
2020-04-13 02:30:00,10.71
2020-04-13 02:40:00,10.87
2020-04-13 02:50:00,10.75
2020-04-13 03:00:00,10.18
2020-04-13 03:10:00,9.89
2020-04-13 03:20:00,9.9
2020-04-13 03:30:00,9.94
2020-04-13 03:40:00,9.63
2020-04-13 03:50:00,9.11
2020-04-13 04:00:00,8.73
2020-04-13 04:10:00,8.39
2020-04-13 04:20:00,8.34
2020-04-13 04:30:00,8.66
2020-04-13 04:40:00,8.57
2020-04-13 04:50:00,8.75
2020-04-13 05:00:00,8.79
2020-04-13 05:10:00,8.85
2020-04-13 05:20:00,8.7
2020-04-13 05:30:00,10.59
2020-04-13 05:40:00,12.86
2020-04-13 05:50:00,13.53
2020-04-13 06:00:00,13.49
2020-04-13 06:10:00,13.41
2020-04-13 06:20:00,13.13
2020-04-13 06:30:00,12.54
2020-04-13 06:40:00,12.39
2020-04-13 06:50:00,10.93
2020-04-13 07:00:00,10.79
2020-04-13 07:10:00,11.0
2020-04-13 07:20:00,11.18
2020-04-13 07:30:00,11.08
2020-04-13 07:40:00,10.92
2020-04-13 07:50:00,10.3
2020-04-13 08:00:00,10.0
2020-04-13 08:10:00,9.9
2020-04-13 08:20:00,9.68
2020-04-13 08:30:00,9.51
2020-04-13 08:40:00,9.34
2020-04-13 08:50:00,9.19
2020-04-13 09:00:00,9.19
2020-04-13 09:10:00,8.99
2020-04-13 09:20:00,9.06
2020-04-13 09:30:00,9.04
2020-04-13 09:40:00,8.84
2020-04-13 09:50:00,8.64
2020-04-13 10:00:00,8.41
2020-04-13 10:10:00,7.92
2020-04-13 10:20:00,7.72
2020-04-13 10:30:00,7.63
2020-04-13 10:40:00,7.51
2020-04-13 10:50:00,7.42
2020-04-13 11:00:00,7.24
2020-04-13 11:10:00,6.93
2020-04-13 11:20:00,6.39
2020-04-13 11:30:00,6.11
2020-04-13 11:40:00,5.98
2020-04-13 11:50:00,5.53
2020-04-13 12:00:00,5.09
2020-04-13 12:10:00,5.11
2020-04-13 12:20:00,5.18
2020-04-13 12:30:00,5.2
2020-04-13 12:40:00,5.31
2020-04-13 12:50:00,5.39
2020-04-13 13:00:00,5.59
2020-04-13 13:10:00,5.94
2020-04-13 13:20:00,6.31
2020-04-13 13:30:00,6.76
2020-04-13 13:40:00,7.28
2020-04-13 13:50:00,7.43
2020-04-13 14:00:00,7.64
2020-04-13 14:10:00,7.81
2020-04-13 14:20:00,8.15
2020-04-13 14:30:00,8.11
2020-04-13 14:40:00,8.07
2020-04-13 14:50:00,8.35
2020-04-13 15:00:00,8.51
2020-04-13 15:10:00,8.51
2020-04-13 15:20:00,8.5
2020-04-13 15:30:00,8.86
2020-04-13 15:40:00,9.22
2020-04-13 15:50:00,9.63
2020-04-13 16:00:00,9.63
2020-04-13 16:10:00,9.45
2020-04-13 16:20:00,9.02
2020-04-13 16:30:00,8.57
2020-04-13 16:40:00,8.92
2020-04-13 16:50:00,8.79
2020-04-13 17:00:00,8.56
2020-04-13 17:10:00,8.64
2020-04-13 17:20:00,8.7
2020-04-13 17:30:00,8.52
2020-04-13 17:40:00,8.62
2020-04-13 17:50:00,8.29
2020-04-13 18:00:00,7.96
2020-04-13 18:10:00,7.81
2020-04-13 18:20:00,7.59
2020-04-13 18:30:00,7.15
2020-04-13 18:40:00,6.96
2020-04-13 18:50:00,6.86
2020-04-13 19:00:00,6.8
2020-04-13 19:10:00,6.7
2020-04-13 19:20:00,6.38
2020-04-13 19:30:00,6.1
2020-04-13 19:40:00,5.93
2020-04-13 19:50:00,5.75
2020-04-13 20:00:00,5.62
2020-04-13 20:10:00,5.41
2020-04-13 20:20:00,5.14
2020-04-13 20:30:00,4.84
2020-04-13 20:40:00,4.68
2020-04-13 20:50:00,4.45
2020-04-13 21:00:00,4.27
2020-04-13 21:10:00,4.04
2020-04-13 21:20:00,3.91
2020-04-13 21:30:00,3.84
2020-04-13 21:40:00,3.74
2020-04-13 21:50:00,3.58
2020-04-13 22:00:00,3.32
2020-04-13 22:10:00,3.1
2020-04-13 22:20:00,3.03
2020-04-13 22:30:00,2.89
2020-04-13 22:40:00,2.76
2020-04-13 22:50:00,2.54
2020-04-13 23:00:00,2.38
2020-04-13 23:10:00,2.21
2020-04-13 23:20:00,2.0
2020-04-13 23:30:00,1.93
2020-04-13 23:40:00,1.87
2020-04-13 23:50:00,1.81
2020-04-14 00:00:00,1.74
2020-04-14 00:10:00,1.55
2020-04-14 00:20:00,1.58
2020-04-14 00:30:00,1.57
2020-04-14 00:40:00,1.53
2020-04-14 00:50:00,1.51
2020-04-14 01:00:00,1.57
2020-04-14 01:10:00,1.48
2020-04-14 01:20:00,1.52
2020-04-14 01:30:00,1.64
2020-04-14 01:40:00,1.84
2020-04-14 01:50:00,2.02
2020-04-14 02:00:00,2.14
2020-04-14 02:10:00,2.29
2020-04-14 02:20:00,2.38
2020-04-14 02:30:00,2.39
2020-04-14 02:40:00,2.35
2020-04-14 02:50:00,2.44
2020-04-14 03:00:00,2.53
2020-04-14 03:10:00,2.47
2020-04-14 03:20:00,2.41
2020-04-14 03:30:00,2.38
2020-04-14 03:40:00,2.34
2020-04-14 03:50:00,2.18
2020-04-14 04:00:00,1.65
2020-04-14 04:10:00,1.37
2020-04-14 04:20:00,1.35
2020-04-14 04:30:00,1.35
2020-04-14 04:40:00,1.45
2020-04-14 04:50:00,1.59
2020-04-14 05:00:00,1.3
2020-04-14 05:10:00,0.8
2020-04-14 05:20:00,0.57
2020-04-14 05:30:00,0.47
2020-04-14 05:40:00,0.48
2020-04-14 05:50:00,0.47
2020-04-14 06:00:00,0.52
2020-04-14 06:10:00,0.57
2020-04-14 06:20:00,0.61
2020-04-14 06:30:00,0.69
2020-04-14 06:40:00,1.15
2020-04-14 06:50:00,1.8
2020-04-14 07:00:00,2.36
2020-04-14 07:10:00,2.87
2020-04-14 07:20:00,3.19
2020-04-14 07:30:00,3.71
2020-04-14 07:40:00,3.93
2020-04-14 07:50:00,3.92
2020-04-14 08:00:00,4.26
2020-04-14 08:10:00,3.93
2020-04-14 08:20:00,3.38
2020-04-14 08:30:00,3.16
2020-04-14 08:40:00,3.2
2020-04-14 08:50:00,3.36
2020-04-14 09:00:00,3.35
2020-04-14 09:10:00,3.88
2020-04-14 09:20:00,4.29
2020-04-14 09:30:00,4.11
2020-04-14 09:40:00,4.04
2020-04-14 09:50:00,3.91
2020-04-14 10:00:00,4.18
2020-04-14 10:10:00,4.25
2020-04-14 10:20:00,4.18
2020-04-14 10:30:00,4.66
2020-04-14 10:40:00,4.91
2020-04-14 10:50:00,4.89
2020-04-14 11:00:00,4.52
2020-04-14 11:10:00,5.26
2020-04-14 11:20:00,5.39
2020-04-14 11:30:00,4.96
2020-04-14 11:40:00,5.15
2020-04-14 11:50:00,6.61
2020-04-14 12:00:00,6.03
2020-04-14 12:10:00,6.63
2020-04-14 12:20:00,6.03
2020-04-14 12:30:00,5.65
2020-04-14 12:40:00,5.71
2020-04-14 12:50:00,6.0
2020-04-14 13:00:00,6.86
2020-04-14 13:10:00,6.68
2020-04-14 13:20:00,6.76
2020-04-14 13:30:00,6.77
2020-04-14 13:40:00,6.62
2020-04-14 13:50:00,6.68
2020-04-14 14:00:00,7.75
2020-04-14 14:10:00,7.7
2020-04-14 14:20:00,8.16
2020-04-14 14:30:00,8.43
2020-04-14 14:40:00,8.24
2020-04-14 14:50:00,8.27
2020-04-14 15:00:00,8.53
2020-04-14 15:10:00,7.9
2020-04-14 15:20:00,7.65
2020-04-14 15:30:00,7.74
2020-04-14 15:40:00,8.0
2020-04-14 15:50:00,8.68
2020-04-14 16:00:00,9.31
2020-04-14 16:10:00,9.03
2020-04-14 16:20:00,8.87
2020-04-14 16:30:00,9.24
2020-04-14 16:40:00,8.86
2020-04-14 16:50:00,8.67
2020-04-14 17:00:00,8.7
2020-04-14 17:10:00,8.7
2020-04-14 17:20:00,8.78
2020-04-14 17:30:00,9.02
2020-04-14 17:40:00,9.1
2020-04-14 17:50:00,9.07
2020-04-14 18:00:00,8.97
2020-04-14 18:10:00,8.56
2020-04-14 18:20:00,8.05
2020-04-14 18:30:00,7.82
2020-04-14 18:40:00,7.63
2020-04-14 18:50:00,7.47
2020-04-14 19:00:00,7.22
2020-04-14 19:10:00,7.0
2020-04-14 19:20:00,6.78
2020-04-14 19:30:00,6.62
2020-04-14 19:40:00,6.33
2020-04-14 19:50:00,6.06
2020-04-14 20:00:00,5.99
2020-04-14 20:10:00,5.77
2020-04-14 20:20:00,5.59
2020-04-14 20:30:00,5.54
2020-04-14 20:40:00,5.44
2020-04-14 20:50:00,5.37
2020-04-14 21:00:00,5.34
2020-04-14 21:10:00,5.28
2020-04-14 21:20:00,5.28
2020-04-14 21:30:00,5.29
2020-04-14 21:40:00,5.21
2020-04-14 21:50:00,5.13
2020-04-14 22:00:00,5.14
2020-04-14 22:10:00,5.15
2020-04-14 22:20:00,5.18
2020-04-14 22:30:00,5.01
2020-04-14 22:40:00,4.57
2020-04-14 22:50:00,3.96
2020-04-14 23:00:00,3.69
2020-04-14 23:10:00,3.35
2020-04-14 23:20:00,2.09
2020-04-14 23:30:00,1.79
2020-04-14 23:40:00,1.74
2020-04-14 23:50:00,1.53
2020-04-15 00:00:00,1.17
2020-04-15 00:10:00,1.22
2020-04-15 00:20:00,1.36
2020-04-15 00:30:00,1.27
2020-04-15 00:40:00,0.83
2020-04-15 00:50:00,0.6
2020-04-15 01:00:00,0.49
2020-04-15 01:10:00,0.2
2020-04-15 01:20:00,0.07
2020-04-15 01:30:00,-0.02
2020-04-15 01:40:00,-0.06
2020-04-15 01:50:00,0.05
2020-04-15 02:00:00,-0.07
2020-04-15 02:10:00,-0.34
2020-04-15 02:20:00,-0.4
2020-04-15 02:30:00,-0.42
2020-04-15 02:40:00,-0.34
2020-04-15 02:50:00,-0.35
2020-04-15 03:00:00,-0.41
2020-04-15 03:10:00,-0.53
2020-04-15 03:20:00,-0.58
2020-04-15 03:30:00,-0.73
2020-04-15 03:40:00,-0.76
2020-04-15 03:50:00,-0.64
2020-04-15 04:00:00,-0.79
2020-04-15 04:10:00,-0.8
2020-04-15 04:20:00,-0.8
2020-04-15 04:30:00,-0.78
2020-04-15 04:40:00,-0.73
2020-04-15 04:50:00,-0.81
2020-04-15 05:00:00,-0.87
2020-04-15 05:10:00,-0.92
2020-04-15 05:20:00,-0.99
2020-04-15 05:30:00,-1.08
2020-04-15 05:40:00,-1.0
2020-04-15 05:50:00,-0.97
2020-04-15 06:00:00,-1.04
2020-04-15 06:10:00,-1.06
2020-04-15 06:20:00,-0.98
2020-04-15 06:30:00,-0.82
2020-04-15 06:40:00,-0.63
2020-04-15 06:50:00,-0.4
2020-04-15 07:00:00,-0.18
2020-04-15 07:10:00,0.03
2020-04-15 07:20:00,0.22
2020-04-15 07:30:00,0.45
2020-04-15 07:40:00,0.68
2020-04-15 07:50:00,1.2
2020-04-15 08:00:00,1.76
2020-04-15 08:10:00,2.45
2020-04-15 08:20:00,3.35
2020-04-15 08:30:00,3.96
2020-04-15 08:40:00,4.58
2020-04-15 08:50:00,5.28
2020-04-15 09:00:00,5.53
2020-04-15 09:10:00,6.18
2020-04-15 09:20:00,6.95
2020-04-15 09:30:00,8.18
2020-04-15 09:40:00,8.74
2020-04-15 09:50:00,8.5
2020-04-15 10:00:00,8.88
2020-04-15 10:10:00,9.02
2020-04-15 10:20:00,9.16
2020-04-15 10:30:00,9.38
2020-04-15 10:40:00,9.95
2020-04-15 10:50:00,10.82
2020-04-15 11:00:00,11.23
2020-04-15 11:10:00,11.43
2020-04-15 11:20:00,11.39
2020-04-15 11:30:00,11.0
2020-04-15 11:40:00,11.98
2020-04-15 11:50:00,12.19
2020-04-15 12:00:00,12.07
2020-04-15 12:10:00,12.31
2020-04-15 12:20:00,12.25
2020-04-15 12:30:00,12.12
2020-04-15 12:40:00,12.37
2020-04-15 12:50:00,12.87
2020-04-15 13:00:00,12.99
2020-04-15 13:10:00,13.32
2020-04-15 13:20:00,13.81
2020-04-15 13:30:00,13.78
2020-04-15 13:40:00,13.83
2020-04-15 13:50:00,14.03
2020-04-15 14:00:00,13.72
2020-04-15 14:10:00,13.65
2020-04-15 14:20:00,13.88
2020-04-15 14:30:00,14.4
2020-04-15 14:40:00,14.76
2020-04-15 14:50:00,14.75
2020-04-15 15:00:00,15.52
2020-04-15 15:10:00,16.01
2020-04-15 15:20:00,16.04
2020-04-15 15:30:00,15.93
2020-04-15 15:40:00,16.04
2020-04-15 15:50:00,15.57
2020-04-15 16:00:00,15.36
2020-04-15 16:10:00,15.53
2020-04-15 16:20:00,15.35
2020-04-15 16:30:00,15.49
2020-04-15 16:40:00,15.54
2020-04-15 16:50:00,15.73
2020-04-15 17:00:00,16.26
2020-04-15 17:10:00,16.39
2020-04-15 17:20:00,16.21
2020-04-15 17:30:00,16.3
2020-04-15 17:40:00,17.0
2020-04-15 17:50:00,17.16
2020-04-15 18:00:00,16.9
2020-04-15 18:10:00,16.12
2020-04-15 18:20:00,15.38
2020-04-15 18:30:00,15.14
2020-04-15 18:40:00,14.85
2020-04-15 18:50:00,14.61
2020-04-15 19:00:00,14.37
2020-04-15 19:10:00,14.08
2020-04-15 19:20:00,13.84
2020-04-15 19:30:00,13.36
2020-04-15 19:40:00,13.15
2020-04-15 19:50:00,13.43
2020-04-15 20:00:00,13.35
2020-04-15 20:10:00,12.66
2020-04-15 20:20:00,11.87
2020-04-15 20:30:00,10.94
2020-04-15 20:40:00,10.91
2020-04-15 20:50:00,11.29
2020-04-15 21:00:00,10.61
2020-04-15 21:10:00,10.11
2020-04-15 21:20:00,9.94
2020-04-15 21:30:00,9.67
2020-04-15 21:40:00,9.27
2020-04-15 21:50:00,8.68
2020-04-15 22:00:00,8.27
2020-04-15 22:10:00,8.37
2020-04-15 22:20:00,8.18
2020-04-15 22:30:00,7.86
2020-04-15 22:40:00,7.72
2020-04-15 22:50:00,7.67
2020-04-15 23:00:00,7.48
2020-04-15 23:10:00,6.97
2020-04-15 23:20:00,6.81
2020-04-15 23:30:00,6.62
2020-04-15 23:40:00,6.39
2020-04-15 23:50:00,5.84
2020-04-16 00:00:00,5.82
2020-04-16 00:10:00,5.96
2020-04-16 00:20:00,5.77
2020-04-16 00:30:00,5.49
2020-04-16 00:40:00,5.3
2020-04-16 00:50:00,4.86
2020-04-16 01:00:00,4.53
2020-04-16 01:10:00,4.22
2020-04-16 01:20:00,4.3
2020-04-16 01:30:00,3.9
2020-04-16 01:40:00,3.75
2020-04-16 01:50:00,3.46
2020-04-16 02:00:00,3.14
2020-04-16 02:10:00,2.99
2020-04-16 02:20:00,3.14
2020-04-16 02:30:00,2.98
2020-04-16 02:40:00,3.34
2020-04-16 02:50:00,3.33
2020-04-16 03:00:00,3.2
2020-04-16 03:10:00,2.77
2020-04-16 03:20:00,2.54
2020-04-16 03:30:00,2.57
2020-04-16 03:40:00,2.56
2020-04-16 03:50:00,2.32
2020-04-16 04:00:00,2.38
2020-04-16 04:10:00,2.71
2020-04-16 04:20:00,3.01
2020-04-16 04:30:00,2.87
2020-04-16 04:40:00,2.63
2020-04-16 04:50:00,2.73
2020-04-16 05:00:00,2.63
2020-04-16 05:10:00,2.43
2020-04-16 05:20:00,2.25
2020-04-16 05:30:00,2.19
2020-04-16 05:40:00,2.05
2020-04-16 05:50:00,2.07
2020-04-16 06:00:00,2.95
2020-04-16 06:10:00,3.37
2020-04-16 06:20:00,3.33
2020-04-16 06:30:00,3.66
2020-04-16 06:40:00,4.45
2020-04-16 06:50:00,4.03
2020-04-16 07:00:00,3.75
2020-04-16 07:10:00,4.18
2020-04-16 07:20:00,4.67
2020-04-16 07:30:00,5.02
2020-04-16 07:40:00,6.59
2020-04-16 07:50:00,7.77
2020-04-16 08:00:00,8.24
2020-04-16 08:10:00,8.4
2020-04-16 08:20:00,8.31
2020-04-16 08:30:00,8.14
2020-04-16 08:40:00,8.68
2020-04-16 08:50:00,9.7
2020-04-16 09:00:00,10.22
2020-04-16 09:10:00,11.08
2020-04-16 09:20:00,12.35
2020-04-16 09:30:00,13.38
2020-04-16 09:40:00,13.5
2020-04-16 09:50:00,13.67
2020-04-16 10:00:00,14.14
2020-04-16 10:10:00,14.63
2020-04-16 10:20:00,15.21
2020-04-16 10:30:00,15.69
2020-04-16 10:40:00,16.32
2020-04-16 10:50:00,16.74
2020-04-16 11:00:00,17.23
2020-04-16 11:10:00,17.22
2020-04-16 11:20:00,17.91
2020-04-16 11:30:00,18.07
2020-04-16 11:40:00,18.22
2020-04-16 11:50:00,18.53
2020-04-16 12:00:00,18.68
2020-04-16 12:10:00,19.01
2020-04-16 12:20:00,19.3
2020-04-16 12:30:00,19.5
2020-04-16 12:40:00,19.53
2020-04-16 12:50:00,19.85
2020-04-16 13:00:00,19.68
2020-04-16 13:10:00,20.12
2020-04-16 13:20:00,20.69
2020-04-16 13:30:00,20.99
2020-04-16 13:40:00,21.33
2020-04-16 13:50:00,21.29
2020-04-16 14:00:00,21.35
2020-04-16 14:10:00,21.53
2020-04-16 14:20:00,21.78
2020-04-16 14:30:00,21.86
2020-04-16 14:40:00,21.88
2020-04-16 14:50:00,22.01
2020-04-16 15:00:00,21.92
2020-04-16 15:10:00,21.71
2020-04-16 15:20:00,21.44
2020-04-16 15:30:00,21.69
2020-04-16 15:40:00,21.59
2020-04-16 15:50:00,21.43
2020-04-16 16:00:00,21.35
2020-04-16 16:10:00,21.36
2020-04-16 16:20:00,21.43
2020-04-16 16:30:00,21.47
2020-04-16 16:40:00,21.29
2020-04-16 16:50:00,21.17
2020-04-16 17:00:00,21.37
2020-04-16 17:10:00,21.38
2020-04-16 17:20:00,20.89
2020-04-16 17:30:00,20.73
2020-04-16 17:40:00,20.58
2020-04-16 17:50:00,20.3
2020-04-16 18:00:00,20.36
2020-04-16 18:10:00,20.23
2020-04-16 18:20:00,19.98
2020-04-16 18:30:00,19.84
2020-04-16 18:40:00,19.73
2020-04-16 18:50:00,19.64
2020-04-16 19:00:00,19.47
2020-04-16 19:10:00,19.34
2020-04-16 19:20:00,18.71
2020-04-16 19:30:00,18.35
2020-04-16 19:40:00,18.09
2020-04-16 19:50:00,17.56
2020-04-16 20:00:00,16.91
2020-04-16 20:10:00,16.6
2020-04-16 20:20:00,15.99
2020-04-16 20:30:00,15.64
2020-04-16 20:40:00,15.86
2020-04-16 20:50:00,15.91
2020-04-16 21:00:00,15.71
2020-04-16 21:10:00,15.53
2020-04-16 21:20:00,15.46
2020-04-16 21:30:00,15.21
2020-04-16 21:40:00,15.0
2020-04-16 21:50:00,14.62
2020-04-16 22:00:00,14.36
2020-04-16 22:10:00,14.2
2020-04-16 22:20:00,14.04
2020-04-16 22:30:00,13.87
2020-04-16 22:40:00,13.22
2020-04-16 22:50:00,12.89
2020-04-16 23:00:00,12.67
2020-04-16 23:10:00,11.82
2020-04-16 23:20:00,11.24
2020-04-16 23:30:00,11.15
2020-04-16 23:40:00,11.15
2020-04-16 23:50:00,11.1
2020-04-17 00:00:00,10.69
2020-04-17 00:10:00,10.63
2020-04-17 00:20:00,10.44
2020-04-17 00:30:00,10.34
2020-04-17 00:40:00,9.98
2020-04-17 00:50:00,9.77
2020-04-17 01:00:00,10.03
2020-04-17 01:10:00,9.89
2020-04-17 01:20:00,9.78
2020-04-17 01:30:00,9.74
2020-04-17 01:40:00,9.31
2020-04-17 01:50:00,9.33
2020-04-17 02:00:00,9.33
2020-04-17 02:10:00,9.34
2020-04-17 02:20:00,9.25
2020-04-17 02:30:00,9.05
2020-04-17 02:40:00,8.89
2020-04-17 02:50:00,8.22
2020-04-17 03:00:00,7.89
2020-04-17 03:10:00,7.5
2020-04-17 03:20:00,7.42
2020-04-17 03:30:00,7.51
2020-04-17 03:40:00,7.62
2020-04-17 03:50:00,8.2
2020-04-17 04:00:00,8.38
2020-04-17 04:10:00,8.41
2020-04-17 04:20:00,8.31
2020-04-17 04:30:00,8.2
2020-04-17 04:40:00,8.08
2020-04-17 04:50:00,7.94
2020-04-17 05:00:00,7.81
2020-04-17 05:10:00,7.65
2020-04-17 05:20:00,7.52
2020-04-17 05:30:00,7.41
2020-04-17 05:40:00,7.34
2020-04-17 05:50:00,7.4
2020-04-17 06:00:00,7.81
2020-04-17 06:10:00,7.97
2020-04-17 06:20:00,7.99
2020-04-17 06:30:00,7.98
2020-04-17 06:40:00,7.72
2020-04-17 06:50:00,7.58
2020-04-17 07:00:00,7.9
2020-04-17 07:10:00,8.66
2020-04-17 07:20:00,9.02
2020-04-17 07:30:00,9.4
2020-04-17 07:40:00,9.67
2020-04-17 07:50:00,9.96
2020-04-17 08:00:00,10.32
2020-04-17 08:10:00,10.59
2020-04-17 08:20:00,11.0
2020-04-17 08:30:00,11.2
2020-04-17 08:40:00,11.41
2020-04-17 08:50:00,11.59
2020-04-17 09:00:00,11.58
2020-04-17 09:10:00,11.59
2020-04-17 09:20:00,11.82
2020-04-17 09:30:00,12.25
2020-04-17 09:40:00,12.39
2020-04-17 09:50:00,12.61
2020-04-17 10:00:00,12.84
2020-04-17 10:10:00,13.23
2020-04-17 10:20:00,13.38
2020-04-17 10:30:00,13.62
2020-04-17 10:40:00,14.05
2020-04-17 10:50:00,14.19
2020-04-17 11:00:00,14.52
2020-04-17 11:10:00,14.8
2020-04-17 11:20:00,14.88
2020-04-17 11:30:00,15.1
2020-04-17 11:40:00,15.7
2020-04-17 11:50:00,15.8
2020-04-17 12:00:00,15.94
2020-04-17 12:10:00,16.19
2020-04-17 12:20:00,16.32
2020-04-17 12:30:00,16.33
2020-04-17 12:40:00,16.54
2020-04-17 12:50:00,16.66
2020-04-17 13:00:00,16.8
2020-04-17 13:10:00,17.05
2020-04-17 13:20:00,17.08
2020-04-17 13:30:00,17.25
2020-04-17 13:40:00,17.35
2020-04-17 13:50:00,17.4
2020-04-17 14:00:00,17.46
2020-04-17 14:10:00,17.53
2020-04-17 14:20:00,17.47
2020-04-17 14:30:00,17.33
2020-04-17 14:40:00,17.6
2020-04-17 14:50:00,17.69
2020-04-17 15:00:00,17.51
2020-04-17 15:10:00,17.77
2020-04-17 15:20:00,17.62
2020-04-17 15:30:00,17.77
2020-04-17 15:40:00,17.63
2020-04-17 15:50:00,17.67
2020-04-17 16:00:00,17.78
2020-04-17 16:10:00,17.78
2020-04-17 16:20:00,17.85
2020-04-17 16:30:00,17.77
2020-04-17 16:40:00,17.74
2020-04-17 16:50:00,17.58
2020-04-17 17:00:00,17.58
2020-04-17 17:10:00,17.3
2020-04-17 17:20:00,17.26
2020-04-17 17:30:00,17.33
2020-04-17 17:40:00,17.32
2020-04-17 17:50:00,17.24
2020-04-17 18:00:00,17.03
2020-04-17 18:10:00,16.83
2020-04-17 18:20:00,16.5
2020-04-17 18:30:00,16.3
2020-04-17 18:40:00,16.14
2020-04-17 18:50:00,15.99
2020-04-17 19:00:00,15.83
2020-04-17 19:10:00,15.6
2020-04-17 19:20:00,15.32
2020-04-17 19:30:00,15.13
2020-04-17 19:40:00,14.97
2020-04-17 19:50:00,14.78
2020-04-17 20:00:00,14.54
2020-04-17 20:10:00,14.32
2020-04-17 20:20:00,14.19
2020-04-17 20:30:00,14.04
2020-04-17 20:40:00,13.91
2020-04-17 20:50:00,13.79
2020-04-17 21:00:00,13.68
2020-04-17 21:10:00,13.48
2020-04-17 21:20:00,12.79
2020-04-17 21:30:00,12.25
2020-04-17 21:40:00,12.02
2020-04-17 21:50:00,11.95
2020-04-17 22:00:00,11.54
2020-04-17 22:10:00,11.45
2020-04-17 22:20:00,11.12
2020-04-17 22:30:00,10.89
2020-04-17 22:40:00,10.8
2020-04-17 22:50:00,10.54
2020-04-17 23:00:00,10.18
2020-04-17 23:10:00,10.18
2020-04-17 23:20:00,9.9
2020-04-17 23:30:00,9.66
2020-04-17 23:40:00,9.54
2020-04-17 23:50:00,9.38
2020-04-18 00:00:00,9.17
2020-04-18 00:10:00,8.92
2020-04-18 00:20:00,8.54
2020-04-18 00:30:00,8.32
2020-04-18 00:40:00,8.09
2020-04-18 00:50:00,7.89
2020-04-18 01:00:00,7.85
2020-04-18 01:10:00,7.68
2020-04-18 01:20:00,7.65
2020-04-18 01:30:00,7.41
2020-04-18 01:40:00,7.2
2020-04-18 01:50:00,7.14
2020-04-18 02:00:00,6.97
2020-04-18 02:10:00,6.89
2020-04-18 02:20:00,7.01
2020-04-18 02:30:00,6.59
2020-04-18 02:40:00,6.05
2020-04-18 02:50:00,5.82
2020-04-18 03:00:00,5.9
2020-04-18 03:10:00,5.86
2020-04-18 03:20:00,5.76
2020-04-18 03:30:00,5.62
2020-04-18 03:40:00,5.56
2020-04-18 03:50:00,5.32
2020-04-18 04:00:00,5.16
2020-04-18 04:10:00,4.83
2020-04-18 04:20:00,4.89
2020-04-18 04:30:00,4.87
2020-04-18 04:40:00,4.83
2020-04-18 04:50:00,4.81
2020-04-18 05:00:00,4.77
2020-04-18 05:10:00,4.69
2020-04-18 05:20:00,4.53
2020-04-18 05:30:00,4.69
2020-04-18 05:40:00,4.65
2020-04-18 05:50:00,5.0
2020-04-18 06:00:00,4.91
2020-04-18 06:10:00,4.62
2020-04-18 06:20:00,4.98
2020-04-18 06:30:00,5.18
2020-04-18 06:40:00,5.37
2020-04-18 06:50:00,5.48
2020-04-18 07:00:00,5.43
2020-04-18 07:10:00,5.49
2020-04-18 07:20:00,6.45
2020-04-18 07:30:00,7.5
2020-04-18 07:40:00,7.72
2020-04-18 07:50:00,7.86
2020-04-18 08:00:00,7.55
2020-04-18 08:10:00,8.18
2020-04-18 08:20:00,8.88
2020-04-18 08:30:00,9.4
2020-04-18 08:40:00,9.91
2020-04-18 08:50:00,10.56
2020-04-18 09:00:00,11.55
2020-04-18 09:10:00,12.43
2020-04-18 09:20:00,12.71
2020-04-18 09:30:00,13.17
2020-04-18 09:40:00,13.41
2020-04-18 09:50:00,13.92
2020-04-18 10:00:00,14.45
2020-04-18 10:10:00,15.08
2020-04-18 10:20:00,15.5
2020-04-18 10:30:00,15.9
2020-04-18 10:40:00,16.26
2020-04-18 10:50:00,16.67
2020-04-18 11:00:00,17.05
2020-04-18 11:10:00,17.38
2020-04-18 11:20:00,17.77
2020-04-18 11:30:00,18.22
2020-04-18 11:40:00,18.33
2020-04-18 11:50:00,18.23
2020-04-18 12:00:00,18.53
2020-04-18 12:10:00,18.94
2020-04-18 12:20:00,18.68
2020-04-18 12:30:00,18.63
2020-04-18 12:40:00,18.9
2020-04-18 12:50:00,19.16
2020-04-18 13:00:00,18.99
2020-04-18 13:10:00,19.56
2020-04-18 13:20:00,19.46
2020-04-18 13:30:00,19.44
2020-04-18 13:40:00,19.68
2020-04-18 13:50:00,19.53
2020-04-18 14:00:00,19.73
2020-04-18 14:10:00,19.84
2020-04-18 14:20:00,19.49
2020-04-18 14:30:00,19.42
2020-04-18 14:40:00,19.46
2020-04-18 14:50:00,19.36
2020-04-18 15:00:00,19.48
2020-04-18 15:10:00,19.41
2020-04-18 15:20:00,19.05
2020-04-18 15:30:00,19.13
2020-04-18 15:40:00,18.93
2020-04-18 15:50:00,18.85
2020-04-18 16:00:00,18.67
2020-04-18 16:10:00,18.7
2020-04-18 16:20:00,18.63
2020-04-18 16:30:00,18.55
2020-04-18 16:40:00,18.38
2020-04-18 16:50:00,18.41
2020-04-18 17:00:00,18.4
2020-04-18 17:10:00,18.37
2020-04-18 17:20:00,18.26
2020-04-18 17:30:00,18.2
2020-04-18 17:40:00,18.2
2020-04-18 17:50:00,18.08
2020-04-18 18:00:00,17.97
2020-04-18 18:10:00,17.87
2020-04-18 18:20:00,17.8
2020-04-18 18:30:00,17.65
2020-04-18 18:40:00,17.42
2020-04-18 18:50:00,17.19
2020-04-18 19:00:00,17.02
2020-04-18 19:10:00,16.88
2020-04-18 19:20:00,16.75
2020-04-18 19:30:00,16.58
2020-04-18 19:40:00,16.44
2020-04-18 19:50:00,16.36
2020-04-18 20:00:00,16.28
2020-04-18 20:10:00,16.13
2020-04-18 20:20:00,15.98
2020-04-18 20:30:00,15.87
2020-04-18 20:40:00,15.5
2020-04-18 20:50:00,14.13
2020-04-18 21:00:00,13.05
2020-04-18 21:10:00,12.58
2020-04-18 21:20:00,11.79
2020-04-18 21:30:00,11.7
2020-04-18 21:40:00,11.78
2020-04-18 21:50:00,11.57
2020-04-18 22:00:00,11.67
2020-04-18 22:10:00,11.45
2020-04-18 22:20:00,11.82
2020-04-18 22:30:00,11.81
2020-04-18 22:40:00,11.62
2020-04-18 22:50:00,11.21
2020-04-18 23:00:00,10.89
2020-04-18 23:10:00,10.66
2020-04-18 23:20:00,10.69
2020-04-18 23:30:00,10.76
2020-04-18 23:40:00,10.62
2020-04-18 23:50:00,10.55
2020-04-19 00:00:00,10.54
2020-04-19 00:10:00,10.53
2020-04-19 00:20:00,10.51
2020-04-19 00:30:00,10.43
2020-04-19 00:40:00,10.4
2020-04-19 00:50:00,10.43
2020-04-19 01:00:00,10.41
2020-04-19 01:10:00,10.21
2020-04-19 01:20:00,10.12
2020-04-19 01:30:00,10.11
2020-04-19 01:40:00,10.06
2020-04-19 01:50:00,9.84
2020-04-19 02:00:00,8.81
2020-04-19 02:10:00,7.94
2020-04-19 02:20:00,7.39
2020-04-19 02:30:00,7.13
2020-04-19 02:40:00,6.93
2020-04-19 02:50:00,6.87
2020-04-19 03:00:00,6.77
2020-04-19 03:10:00,6.71
2020-04-19 03:20:00,6.57
2020-04-19 03:30:00,6.27
2020-04-19 03:40:00,6.09
2020-04-19 03:50:00,5.92
2020-04-19 04:00:00,5.92
2020-04-19 04:10:00,6.01
2020-04-19 04:20:00,6.07
2020-04-19 04:30:00,6.13
2020-04-19 04:40:00,5.89
2020-04-19 04:50:00,5.87
2020-04-19 05:00:00,6.04
2020-04-19 05:10:00,6.0
2020-04-19 05:20:00,5.75
2020-04-19 05:30:00,5.61
2020-04-19 05:40:00,5.65
2020-04-19 05:50:00,5.49
2020-04-19 06:00:00,5.51
2020-04-19 06:10:00,5.71
2020-04-19 06:20:00,5.64
2020-04-19 06:30:00,5.49
2020-04-19 06:40:00,5.4
2020-04-19 06:50:00,5.36
2020-04-19 07:00:00,5.35
2020-04-19 07:10:00,5.46
2020-04-19 07:20:00,5.59
2020-04-19 07:30:00,5.72
2020-04-19 07:40:00,5.85
2020-04-19 07:50:00,6.08
2020-04-19 08:00:00,6.19
2020-04-19 08:10:00,6.41
2020-04-19 08:20:00,6.47
2020-04-19 08:30:00,6.45
2020-04-19 08:40:00,6.52
2020-04-19 08:50:00,6.57
2020-04-19 09:00:00,6.64
2020-04-19 09:10:00,7.11
2020-04-19 09:20:00,7.55
2020-04-19 09:30:00,7.79
2020-04-19 09:40:00,8.06
2020-04-19 09:50:00,8.35
2020-04-19 10:00:00,8.51
2020-04-19 10:10:00,8.71
2020-04-19 10:20:00,8.78
2020-04-19 10:30:00,9.18
2020-04-19 10:40:00,9.08
2020-04-19 10:50:00,9.2
2020-04-19 11:00:00,9.85
2020-04-19 11:10:00,9.94
2020-04-19 11:20:00,10.18
2020-04-19 11:30:00,10.48
2020-04-19 11:40:00,10.77
2020-04-19 11:50:00,11.0
2020-04-19 12:00:00,11.17
2020-04-19 12:10:00,11.3
2020-04-19 12:20:00,11.72
2020-04-19 12:30:00,11.94
2020-04-19 12:40:00,12.04
2020-04-19 12:50:00,12.11
2020-04-19 13:00:00,12.47
2020-04-19 13:10:00,12.5
2020-04-19 13:20:00,12.66
2020-04-19 13:30:00,12.84
2020-04-19 13:40:00,12.81
2020-04-19 13:50:00,12.9
2020-04-19 14:00:00,13.11
2020-04-19 14:10:00,13.29
2020-04-19 14:20:00,13.36
2020-04-19 14:30:00,13.37
2020-04-19 14:40:00,13.43
2020-04-19 14:50:00,13.59
2020-04-19 15:00:00,13.49
2020-04-19 15:10:00,13.47
2020-04-19 15:20:00,13.76
2020-04-19 15:30:00,13.65
2020-04-19 15:40:00,13.8
2020-04-19 15:50:00,13.66
2020-04-19 16:00:00,13.56
2020-04-19 16:10:00,13.76
2020-04-19 16:20:00,13.7
2020-04-19 16:30:00,13.56
2020-04-19 16:40:00,13.54
2020-04-19 16:50:00,13.48
2020-04-19 17:00:00,13.4
2020-04-19 17:10:00,13.4
2020-04-19 17:20:00,13.45
2020-04-19 17:30:00,13.6
2020-04-19 17:40:00,13.54
2020-04-19 17:50:00,13.53
2020-04-19 18:00:00,13.36
2020-04-19 18:10:00,13.13
2020-04-19 18:20:00,12.76
2020-04-19 18:30:00,12.57
2020-04-19 18:40:00,12.43
2020-04-19 18:50:00,12.31
2020-04-19 19:00:00,12.18
2020-04-19 19:10:00,12.02
2020-04-19 19:20:00,11.83
2020-04-19 19:30:00,11.61
2020-04-19 19:40:00,11.42
2020-04-19 19:50:00,11.27
2020-04-19 20:00:00,11.17
2020-04-19 20:10:00,11.0
2020-04-19 20:20:00,10.76
2020-04-19 20:30:00,10.58
2020-04-19 20:40:00,10.38
2020-04-19 20:50:00,10.21
2020-04-19 21:00:00,10.01
2020-04-19 21:10:00,9.77
2020-04-19 21:20:00,9.62
2020-04-19 21:30:00,9.45
2020-04-19 21:40:00,9.34
2020-04-19 21:50:00,9.2
2020-04-19 22:00:00,8.9
2020-04-19 22:10:00,8.72
2020-04-19 22:20:00,8.68
2020-04-19 22:30:00,8.52
2020-04-19 22:40:00,8.32
2020-04-19 22:50:00,8.25
2020-04-19 23:00:00,8.14
2020-04-19 23:10:00,7.94
2020-04-19 23:20:00,7.75
2020-04-19 23:30:00,7.61
2020-04-19 23:40:00,7.42
2020-04-19 23:50:00,7.34
2020-04-20 00:00:00,7.27
2020-04-20 00:10:00,7.09
2020-04-20 00:20:00,6.97
2020-04-20 00:30:00,6.87
2020-04-20 00:40:00,6.77
2020-04-20 00:50:00,6.72
2020-04-20 01:00:00,6.67
2020-04-20 01:10:00,6.52
2020-04-20 01:20:00,6.28
2020-04-20 01:30:00,6.23
2020-04-20 01:40:00,6.17
2020-04-20 01:50:00,5.88
2020-04-20 02:00:00,5.71
2020-04-20 02:10:00,5.77
2020-04-20 02:20:00,5.69
2020-04-20 02:30:00,5.7
2020-04-20 02:40:00,5.51
2020-04-20 02:50:00,5.34
2020-04-20 03:00:00,5.3
2020-04-20 03:10:00,5.19
2020-04-20 03:20:00,5.17
2020-04-20 03:30:00,5.04
2020-04-20 03:40:00,4.88
2020-04-20 03:50:00,4.83
2020-04-20 04:00:00,4.75
2020-04-20 04:10:00,4.5
2020-04-20 04:20:00,4.36
2020-04-20 04:30:00,4.24
2020-04-20 04:40:00,4.19
2020-04-20 04:50:00,4.02
2020-04-20 05:00:00,3.76
2020-04-20 05:10:00,3.79
2020-04-20 05:20:00,3.74
2020-04-20 05:30:00,3.72
2020-04-20 05:40:00,3.86
2020-04-20 05:50:00,4.09
2020-04-20 06:00:00,4.33
2020-04-20 06:10:00,4.47
2020-04-20 06:20:00,4.76
2020-04-20 06:30:00,4.88
2020-04-20 06:40:00,5.16
2020-04-20 06:50:00,5.25
2020-04-20 07:00:00,5.35
2020-04-20 07:10:00,5.54
2020-04-20 07:20:00,5.82
2020-04-20 07:30:00,6.12
2020-04-20 07:40:00,6.42
2020-04-20 07:50:00,7.01
2020-04-20 08:00:00,7.38
2020-04-20 08:10:00,7.68
2020-04-20 08:20:00,8.23
2020-04-20 08:30:00,8.95
2020-04-20 08:40:00,9.24
2020-04-20 08:50:00,9.42
2020-04-20 09:00:00,9.7
2020-04-20 09:10:00,9.69
2020-04-20 09:20:00,9.92
2020-04-20 09:30:00,10.22
2020-04-20 09:40:00,10.41
2020-04-20 09:50:00,10.45
2020-04-20 10:00:00,10.73
2020-04-20 10:10:00,10.96
2020-04-20 10:20:00,10.7
2020-04-20 10:30:00,10.83
2020-04-20 10:40:00,10.92
2020-04-20 10:50:00,10.98
2020-04-20 11:00:00,11.15
2020-04-20 11:10:00,11.36
2020-04-20 11:20:00,11.49
2020-04-20 11:30:00,11.59
2020-04-20 11:40:00,11.67
2020-04-20 11:50:00,11.71
2020-04-20 12:00:00,11.92
2020-04-20 12:10:00,11.99
2020-04-20 12:20:00,11.99
2020-04-20 12:30:00,12.16
2020-04-20 12:40:00,12.4
2020-04-20 12:50:00,12.44
2020-04-20 13:00:00,12.5
2020-04-20 13:10:00,12.47
2020-04-20 13:20:00,12.44
2020-04-20 13:30:00,12.56
2020-04-20 13:40:00,12.68
2020-04-20 13:50:00,12.85
2020-04-20 14:00:00,12.98
2020-04-20 14:10:00,12.88
2020-04-20 14:20:00,13.01
2020-04-20 14:30:00,13.14
2020-04-20 14:40:00,13.21
2020-04-20 14:50:00,13.52
2020-04-20 15:00:00,13.39
2020-04-20 15:10:00,13.44
2020-04-20 15:20:00,13.54
2020-04-20 15:30:00,13.54
2020-04-20 15:40:00,13.54
2020-04-20 15:50:00,13.6
2020-04-20 16:00:00,13.61
2020-04-20 16:10:00,13.67
2020-04-20 16:20:00,13.62
2020-04-20 16:30:00,13.66
2020-04-20 16:40:00,13.52
2020-04-20 16:50:00,13.53
2020-04-20 17:00:00,13.51
2020-04-20 17:10:00,13.64
2020-04-20 17:20:00,13.59
2020-04-20 17:30:00,13.66
2020-04-20 17:40:00,13.8
2020-04-20 17:50:00,13.71
2020-04-20 18:00:00,13.58
2020-04-20 18:10:00,13.39
2020-04-20 18:20:00,13.11
2020-04-20 18:30:00,13.01
2020-04-20 18:40:00,12.89
2020-04-20 18:50:00,12.75
2020-04-20 19:00:00,12.62
2020-04-20 19:10:00,12.45
2020-04-20 19:20:00,12.3
2020-04-20 19:30:00,12.08
2020-04-20 19:40:00,11.93
2020-04-20 19:50:00,11.75
2020-04-20 20:00:00,11.65
2020-04-20 20:10:00,11.46
2020-04-20 20:20:00,11.27
2020-04-20 20:30:00,11.1
2020-04-20 20:40:00,10.88
2020-04-20 20:50:00,10.7
2020-04-20 21:00:00,10.5
2020-04-20 21:10:00,10.32
2020-04-20 21:20:00,10.13
2020-04-20 21:30:00,10.03
2020-04-20 21:40:00,9.88
2020-04-20 21:50:00,9.76
2020-04-20 22:00:00,9.61
2020-04-20 22:10:00,9.4
2020-04-20 22:20:00,9.32
2020-04-20 22:30:00,9.28
2020-04-20 22:40:00,9.12
2020-04-20 22:50:00,8.96
2020-04-20 23:00:00,8.74
2020-04-20 23:10:00,8.51
2020-04-20 23:20:00,8.32
2020-04-20 23:30:00,8.18
2020-04-20 23:40:00,8.09
2020-04-20 23:50:00,7.89
2020-04-21 00:00:00,7.84
2020-04-21 00:10:00,7.77
2020-04-21 00:20:00,7.66
2020-04-21 00:30:00,7.54
2020-04-21 00:40:00,7.42
2020-04-21 00:50:00,7.35
2020-04-21 01:00:00,7.3
2020-04-21 01:10:00,7.22
2020-04-21 01:20:00,7.09
2020-04-21 01:30:00,6.99
2020-04-21 01:40:00,6.84
2020-04-21 01:50:00,6.63
2020-04-21 02:00:00,6.53
2020-04-21 02:10:00,6.49
2020-04-21 02:20:00,6.41
2020-04-21 02:30:00,6.34
2020-04-21 02:40:00,6.21
2020-04-21 02:50:00,6.11
2020-04-21 03:00:00,6.08
2020-04-21 03:10:00,5.99
2020-04-21 03:20:00,5.84
2020-04-21 03:30:00,5.81
2020-04-21 03:40:00,5.71
2020-04-21 03:50:00,5.58
2020-04-21 04:00:00,5.49
2020-04-21 04:10:00,5.33
2020-04-21 04:20:00,5.24
2020-04-21 04:30:00,5.13
2020-04-21 04:40:00,5.02
2020-04-21 04:50:00,4.94
2020-04-21 05:00:00,4.86
2020-04-21 05:10:00,4.77
2020-04-21 05:20:00,4.65
2020-04-21 05:30:00,4.6
2020-04-21 05:40:00,4.76
2020-04-21 05:50:00,5.01
2020-04-21 06:00:00,5.15
2020-04-21 06:10:00,5.32
2020-04-21 06:20:00,5.42
2020-04-21 06:30:00,5.54
2020-04-21 06:40:00,5.72
2020-04-21 06:50:00,5.63
2020-04-21 07:00:00,5.73
2020-04-21 07:10:00,5.85
2020-04-21 07:20:00,6.17
2020-04-21 07:30:00,6.45
2020-04-21 07:40:00,6.81
2020-04-21 07:50:00,7.07
2020-04-21 08:00:00,7.4
2020-04-21 08:10:00,7.74
2020-04-21 08:20:00,8.05
2020-04-21 08:30:00,8.4
2020-04-21 08:40:00,8.82
2020-04-21 08:50:00,9.11
2020-04-21 09:00:00,9.46
2020-04-21 09:10:00,9.7
2020-04-21 09:20:00,10.02
2020-04-21 09:30:00,10.34
2020-04-21 09:40:00,10.65
2020-04-21 09:50:00,10.86
2020-04-21 10:00:00,10.94
2020-04-21 10:10:00,11.14
2020-04-21 10:20:00,11.43
2020-04-21 10:30:00,11.63
2020-04-21 10:40:00,11.92
2020-04-21 10:50:00,12.15
2020-04-21 11:00:00,12.33
2020-04-21 11:10:00,12.83
2020-04-21 11:20:00,13.01
2020-04-21 11:30:00,13.07
2020-04-21 11:40:00,13.11
2020-04-21 11:50:00,13.19
2020-04-21 12:00:00,13.3
2020-04-21 12:10:00,13.51
2020-04-21 12:20:00,13.66
2020-04-21 12:30:00,13.98
2020-04-21 12:40:00,14.13
2020-04-21 12:50:00,14.33
2020-04-21 13:00:00,14.5
2020-04-21 13:10:00,14.82
2020-04-21 13:20:00,14.81
2020-04-21 13:30:00,14.91
2020-04-21 13:40:00,14.93
2020-04-21 13:50:00,15.13
2020-04-21 14:00:00,15.18
2020-04-21 14:10:00,15.28
2020-04-21 14:20:00,15.29
2020-04-21 14:30:00,15.54
2020-04-21 14:40:00,15.68
2020-04-21 14:50:00,15.67
2020-04-21 15:00:00,15.57
2020-04-21 15:10:00,15.6
2020-04-21 15:20:00,15.81
2020-04-21 15:30:00,15.8
2020-04-21 15:40:00,15.83
2020-04-21 15:50:00,15.83
2020-04-21 16:00:00,15.91
2020-04-21 16:10:00,15.84
2020-04-21 16:20:00,15.87
2020-04-21 16:30:00,15.92
2020-04-21 16:40:00,15.82
2020-04-21 16:50:00,15.83
2020-04-21 17:00:00,15.77
2020-04-21 17:10:00,15.67
2020-04-21 17:20:00,15.67
2020-04-21 17:30:00,15.67
2020-04-21 17:40:00,15.64
2020-04-21 17:50:00,15.52
2020-04-21 18:00:00,15.37
2020-04-21 18:10:00,15.19
2020-04-21 18:20:00,14.88
2020-04-21 18:30:00,14.72
2020-04-21 18:40:00,14.64
2020-04-21 18:50:00,14.51
2020-04-21 19:00:00,14.41
2020-04-21 19:10:00,14.3
2020-04-21 19:20:00,14.16
2020-04-21 19:30:00,14.01
2020-04-21 19:40:00,13.88
2020-04-21 19:50:00,13.79
2020-04-21 20:00:00,13.61
2020-04-21 20:10:00,13.41
2020-04-21 20:20:00,13.31
2020-04-21 20:30:00,13.11
2020-04-21 20:40:00,13.03
2020-04-21 20:50:00,12.89
2020-04-21 21:00:00,12.75
2020-04-21 21:10:00,12.7
2020-04-21 21:20:00,12.61
2020-04-21 21:30:00,12.47
2020-04-21 21:40:00,12.33
2020-04-21 21:50:00,12.21
2020-04-21 22:00:00,12.11
2020-04-21 22:10:00,12.01
2020-04-21 22:20:00,11.87
2020-04-21 22:30:00,11.55
2020-04-21 22:40:00,11.35
2020-04-21 22:50:00,11.07
2020-04-21 23:00:00,10.78
2020-04-21 23:10:00,10.61
2020-04-21 23:20:00,10.47
2020-04-21 23:30:00,10.28
2020-04-21 23:40:00,10.07
2020-04-21 23:50:00,9.93
2020-04-22 00:00:00,9.69
2020-04-22 00:10:00,9.39
2020-04-22 00:20:00,9.24
2020-04-22 00:30:00,9.15
2020-04-22 00:40:00,9.13
2020-04-22 00:50:00,8.94
2020-04-22 01:00:00,8.76
2020-04-22 01:10:00,8.74
2020-04-22 01:20:00,8.71
2020-04-22 01:30:00,8.51
2020-04-22 01:40:00,8.33
2020-04-22 01:50:00,8.2
2020-04-22 02:00:00,8.09
2020-04-22 02:10:00,8.0
2020-04-22 02:20:00,7.86
2020-04-22 02:30:00,7.55
2020-04-22 02:40:00,7.35
2020-04-22 02:50:00,7.27
2020-04-22 03:00:00,7.25
2020-04-22 03:10:00,7.15
2020-04-22 03:20:00,7.02
2020-04-22 03:30:00,6.85
2020-04-22 03:40:00,6.66
2020-04-22 03:50:00,6.41
2020-04-22 04:00:00,6.17
2020-04-22 04:10:00,5.99
2020-04-22 04:20:00,5.96
2020-04-22 04:30:00,5.85
2020-04-22 04:40:00,5.81
2020-04-22 04:50:00,5.77
2020-04-22 05:00:00,5.7
2020-04-22 05:10:00,5.67
2020-04-22 05:20:00,5.63
2020-04-22 05:30:00,5.69
2020-04-22 05:40:00,5.95
2020-04-22 05:50:00,6.17
2020-04-22 06:00:00,6.43
2020-04-22 06:10:00,6.7
2020-04-22 06:20:00,6.96
2020-04-22 06:30:00,7.1
2020-04-22 06:40:00,7.26
2020-04-22 06:50:00,7.32
2020-04-22 07:00:00,7.65
2020-04-22 07:10:00,7.79
2020-04-22 07:20:00,8.1
2020-04-22 07:30:00,8.5
2020-04-22 07:40:00,8.86
2020-04-22 07:50:00,9.29
2020-04-22 08:00:00,10.0
2020-04-22 08:10:00,10.26
2020-04-22 08:20:00,10.65
2020-04-22 08:30:00,11.17
2020-04-22 08:40:00,11.73
2020-04-22 08:50:00,11.97
2020-04-22 09:00:00,12.01
2020-04-22 09:10:00,11.99
2020-04-22 09:20:00,12.01
2020-04-22 09:30:00,12.28
2020-04-22 09:40:00,12.47
2020-04-22 09:50:00,12.67
2020-04-22 10:00:00,12.87
2020-04-22 10:10:00,13.04
2020-04-22 10:20:00,13.39
2020-04-22 10:30:00,13.28
2020-04-22 10:40:00,13.56
2020-04-22 10:50:00,13.66
2020-04-22 11:00:00,13.84
2020-04-22 11:10:00,13.95
2020-04-22 11:20:00,14.22
2020-04-22 11:30:00,14.66
2020-04-22 11:40:00,14.77
2020-04-22 11:50:00,14.89
2020-04-22 12:00:00,15.03
2020-04-22 12:10:00,15.15
2020-04-22 12:20:00,15.36
2020-04-22 12:30:00,15.48
2020-04-22 12:40:00,15.74
2020-04-22 12:50:00,15.92
2020-04-22 13:00:00,16.04
2020-04-22 13:10:00,16.11
2020-04-22 13:20:00,16.15
2020-04-22 13:30:00,16.29
2020-04-22 13:40:00,16.37
2020-04-22 13:50:00,16.43
2020-04-22 14:00:00,16.81
2020-04-22 14:10:00,16.96
2020-04-22 14:20:00,16.77
2020-04-22 14:30:00,16.88
2020-04-22 14:40:00,16.88
2020-04-22 14:50:00,16.85
2020-04-22 15:00:00,16.92
2020-04-22 15:10:00,17.08
2020-04-22 15:20:00,17.24
2020-04-22 15:30:00,17.2
2020-04-22 15:40:00,17.2
2020-04-22 15:50:00,17.24
2020-04-22 16:00:00,17.1
2020-04-22 16:10:00,17.33
2020-04-22 16:20:00,17.23
2020-04-22 16:30:00,17.24
2020-04-22 16:40:00,17.17
2020-04-22 16:50:00,17.21
2020-04-22 17:00:00,17.18
2020-04-22 17:10:00,17.08
2020-04-22 17:20:00,17.1
2020-04-22 17:30:00,17.14
2020-04-22 17:40:00,17.2
2020-04-22 17:50:00,17.03
2020-04-22 18:00:00,16.91
2020-04-22 18:10:00,16.74
2020-04-22 18:20:00,16.35
2020-04-22 18:30:00,16.11
2020-04-22 18:40:00,15.92
2020-04-22 18:50:00,15.75
2020-04-22 19:00:00,15.57
2020-04-22 19:10:00,15.39
2020-04-22 19:20:00,15.23
2020-04-22 19:30:00,14.97
2020-04-22 19:40:00,14.71
2020-04-22 19:50:00,14.44
2020-04-22 20:00:00,14.28
2020-04-22 20:10:00,14.13
2020-04-22 20:20:00,13.92
2020-04-22 20:30:00,13.75
2020-04-22 20:40:00,13.67
2020-04-22 20:50:00,13.55
2020-04-22 21:00:00,13.44
2020-04-22 21:10:00,13.5
2020-04-22 21:20:00,13.47
2020-04-22 21:30:00,13.49
2020-04-22 21:40:00,13.21
2020-04-22 21:50:00,12.78
2020-04-22 22:00:00,12.55
2020-04-22 22:10:00,12.46
2020-04-22 22:20:00,12.38
2020-04-22 22:30:00,12.24
2020-04-22 22:40:00,12.18
2020-04-22 22:50:00,12.01
2020-04-22 23:00:00,11.74
2020-04-22 23:10:00,11.52
2020-04-22 23:20:00,11.46
2020-04-22 23:30:00,11.36
2020-04-22 23:40:00,11.0
2020-04-22 23:50:00,10.8
2020-04-23 00:00:00,10.73
2020-04-23 00:10:00,10.51
2020-04-23 00:20:00,10.58
2020-04-23 00:30:00,10.74
2020-04-23 00:40:00,10.48
2020-04-23 00:50:00,10.05
2020-04-23 01:00:00,9.74
2020-04-23 01:10:00,9.68
2020-04-23 01:20:00,9.47
2020-04-23 01:30:00,9.18
2020-04-23 01:40:00,8.93
2020-04-23 01:50:00,8.61
2020-04-23 02:00:00,8.52
2020-04-23 02:10:00,8.3
2020-04-23 02:20:00,7.94
2020-04-23 02:30:00,7.65
2020-04-23 02:40:00,7.55
2020-04-23 02:50:00,7.31
2020-04-23 03:00:00,7.21
2020-04-23 03:10:00,7.3
2020-04-23 03:20:00,7.75
2020-04-23 03:30:00,7.85
2020-04-23 03:40:00,6.92
2020-04-23 03:50:00,6.07
2020-04-23 04:00:00,6.03
2020-04-23 04:10:00,5.5
2020-04-23 04:20:00,5.17
2020-04-23 04:30:00,5.03
2020-04-23 04:40:00,4.74
2020-04-23 04:50:00,4.49
2020-04-23 05:00:00,4.37
2020-04-23 05:10:00,4.15
2020-04-23 05:20:00,3.95
2020-04-23 05:30:00,4.08
2020-04-23 05:40:00,4.42
2020-04-23 05:50:00,4.62
2020-04-23 06:00:00,5.11
2020-04-23 06:10:00,5.66
2020-04-23 06:20:00,6.0
2020-04-23 06:30:00,6.21
2020-04-23 06:40:00,6.37
2020-04-23 06:50:00,6.53
2020-04-23 07:00:00,6.89
2020-04-23 07:10:00,7.0
2020-04-23 07:20:00,7.44
2020-04-23 07:30:00,7.88
2020-04-23 07:40:00,7.87
2020-04-23 07:50:00,8.74
2020-04-23 08:00:00,9.27
2020-04-23 08:10:00,10.3
2020-04-23 08:20:00,11.06
2020-04-23 08:30:00,11.78
2020-04-23 08:40:00,11.96
2020-04-23 08:50:00,11.92
2020-04-23 09:00:00,12.24
2020-04-23 09:10:00,12.63
2020-04-23 09:20:00,12.89
2020-04-23 09:30:00,13.45
2020-04-23 09:40:00,13.83
2020-04-23 09:50:00,14.37
2020-04-23 10:00:00,14.72
2020-04-23 10:10:00,15.23
2020-04-23 10:20:00,15.24
2020-04-23 10:30:00,15.46
2020-04-23 10:40:00,15.72
2020-04-23 10:50:00,15.87
2020-04-23 11:00:00,15.84
2020-04-23 11:10:00,15.67
2020-04-23 11:20:00,15.76
2020-04-23 11:30:00,15.94
2020-04-23 11:40:00,16.25
2020-04-23 11:50:00,16.52
2020-04-23 12:00:00,16.64
2020-04-23 12:10:00,16.62
2020-04-23 12:20:00,16.89
2020-04-23 12:30:00,16.96
2020-04-23 12:40:00,16.81
2020-04-23 12:50:00,17.39
2020-04-23 13:00:00,17.51
2020-04-23 13:10:00,17.91
2020-04-23 13:20:00,18.14
2020-04-23 13:30:00,17.86
2020-04-23 13:40:00,18.1
2020-04-23 13:50:00,17.99
2020-04-23 14:00:00,18.3
2020-04-23 14:10:00,18.34
2020-04-23 14:20:00,18.45
2020-04-23 14:30:00,18.42
2020-04-23 14:40:00,18.62
2020-04-23 14:50:00,18.83
2020-04-23 15:00:00,18.87
2020-04-23 15:10:00,19.41
2020-04-23 15:20:00,19.36
2020-04-23 15:30:00,19.28
2020-04-23 15:40:00,20.11
2020-04-23 15:50:00,19.99
2020-04-23 16:00:00,19.8
2020-04-23 16:10:00,19.6
2020-04-23 16:20:00,19.97
2020-04-23 16:30:00,20.29
2020-04-23 16:40:00,19.95
2020-04-23 16:50:00,19.95
2020-04-23 17:00:00,20.01
2020-04-23 17:10:00,19.83
2020-04-23 17:20:00,20.13
2020-04-23 17:30:00,20.26
2020-04-23 17:40:00,19.96
2020-04-23 17:50:00,19.84
2020-04-23 18:00:00,19.76
2020-04-23 18:10:00,19.58
2020-04-23 18:20:00,18.83
2020-04-23 18:30:00,18.48
2020-04-23 18:40:00,18.31
2020-04-23 18:50:00,18.07
2020-04-23 19:00:00,17.75
2020-04-23 19:10:00,17.33
2020-04-23 19:20:00,17.06
2020-04-23 19:30:00,16.89
2020-04-23 19:40:00,16.64
2020-04-23 19:50:00,16.29
2020-04-23 20:00:00,15.99
2020-04-23 20:10:00,16.17
2020-04-23 20:20:00,16.08
2020-04-23 20:30:00,15.8
2020-04-23 20:40:00,15.57
2020-04-23 20:50:00,15.16
2020-04-23 21:00:00,14.76
2020-04-23 21:10:00,14.39
2020-04-23 21:20:00,14.21
2020-04-23 21:30:00,13.99
2020-04-23 21:40:00,13.59
2020-04-23 21:50:00,13.35
2020-04-23 22:00:00,13.16
2020-04-23 22:10:00,12.73
2020-04-23 22:20:00,12.36
2020-04-23 22:30:00,12.04
2020-04-23 22:40:00,11.49
2020-04-23 22:50:00,11.07
2020-04-23 23:00:00,10.79
2020-04-23 23:10:00,10.89
2020-04-23 23:20:00,10.61
2020-04-23 23:30:00,10.21
2020-04-23 23:40:00,9.65
2020-04-23 23:50:00,9.15
2020-04-24 00:00:00,9.02
2020-04-24 00:10:00,8.82
2020-04-24 00:20:00,8.61
2020-04-24 00:30:00,8.36
2020-04-24 00:40:00,7.97
2020-04-24 00:50:00,7.81
2020-04-24 01:00:00,7.8
2020-04-24 01:10:00,7.62
2020-04-24 01:20:00,7.75
2020-04-24 01:30:00,7.61
2020-04-24 01:40:00,7.31
2020-04-24 01:50:00,6.8
2020-04-24 02:00:00,6.46
2020-04-24 02:10:00,6.31
2020-04-24 02:20:00,6.12
2020-04-24 02:30:00,5.97
2020-04-24 02:40:00,5.89
2020-04-24 02:50:00,5.76
2020-04-24 03:00:00,5.66
2020-04-24 03:10:00,5.61
2020-04-24 03:20:00,5.4
2020-04-24 03:30:00,5.53
2020-04-24 03:40:00,5.46
2020-04-24 03:50:00,5.44
2020-04-24 04:00:00,5.5
2020-04-24 04:10:00,5.22
2020-04-24 04:20:00,4.86
2020-04-24 04:30:00,4.99
2020-04-24 04:40:00,4.68
2020-04-24 04:50:00,4.65
2020-04-24 05:00:00,4.7
2020-04-24 05:10:00,4.41
2020-04-24 05:20:00,4.42
2020-04-24 05:30:00,4.28
2020-04-24 05:40:00,4.28
2020-04-24 05:50:00,4.38
2020-04-24 06:00:00,4.45
2020-04-24 06:10:00,4.42
2020-04-24 06:20:00,4.63
2020-04-24 06:30:00,4.72
2020-04-24 06:40:00,4.92
2020-04-24 06:50:00,5.25
2020-04-24 07:00:00,5.46
2020-04-24 07:10:00,5.77
2020-04-24 07:20:00,6.19
2020-04-24 07:30:00,6.74
2020-04-24 07:40:00,7.28
2020-04-24 07:50:00,7.99
2020-04-24 08:00:00,8.58
2020-04-24 08:10:00,8.86
2020-04-24 08:20:00,9.09
2020-04-24 08:30:00,9.53
2020-04-24 08:40:00,10.32
2020-04-24 08:50:00,11.21
2020-04-24 09:00:00,12.01
2020-04-24 09:10:00,12.31
2020-04-24 09:20:00,12.99
2020-04-24 09:30:00,13.9
2020-04-24 09:40:00,14.65
2020-04-24 09:50:00,15.63
2020-04-24 10:00:00,16.91
2020-04-24 10:10:00,18.08
2020-04-24 10:20:00,18.68
2020-04-24 10:30:00,18.83
2020-04-24 10:40:00,19.04
2020-04-24 10:50:00,19.12
2020-04-24 11:00:00,18.93
2020-04-24 11:10:00,19.04
2020-04-24 11:20:00,18.93
2020-04-24 11:30:00,18.98
2020-04-24 11:40:00,19.15
2020-04-24 11:50:00,19.29
2020-04-24 12:00:00,19.44
2020-04-24 12:10:00,19.74
2020-04-24 12:20:00,19.78
2020-04-24 12:30:00,20.0
2020-04-24 12:40:00,19.98
2020-04-24 12:50:00,20.1
2020-04-24 13:00:00,19.79
2020-04-24 13:10:00,20.09
2020-04-24 13:20:00,20.22
2020-04-24 13:30:00,20.37
2020-04-24 13:40:00,20.54
2020-04-24 13:50:00,20.89
2020-04-24 14:00:00,20.65
2020-04-24 14:10:00,20.87
2020-04-24 14:20:00,20.74
2020-04-24 14:30:00,20.6
2020-04-24 14:40:00,20.53
2020-04-24 14:50:00,20.38
2020-04-24 15:00:00,20.57
2020-04-24 15:10:00,20.7
2020-04-24 15:20:00,20.69
2020-04-24 15:30:00,20.74
2020-04-24 15:40:00,20.6
2020-04-24 15:50:00,20.82
2020-04-24 16:00:00,20.78
2020-04-24 16:10:00,20.83
2020-04-24 16:20:00,20.73
2020-04-24 16:30:00,20.72
2020-04-24 16:40:00,20.39
2020-04-24 16:50:00,20.34
2020-04-24 17:00:00,20.27
2020-04-24 17:10:00,20.33
2020-04-24 17:20:00,20.37
2020-04-24 17:30:00,20.31
2020-04-24 17:40:00,20.04
2020-04-24 17:50:00,19.76
2020-04-24 18:00:00,19.61
2020-04-24 18:10:00,19.21
2020-04-24 18:20:00,18.75
2020-04-24 18:30:00,18.34
2020-04-24 18:40:00,17.97
2020-04-24 18:50:00,17.64
2020-04-24 19:00:00,17.31
2020-04-24 19:10:00,16.98
2020-04-24 19:20:00,16.67
2020-04-24 19:30:00,16.4
2020-04-24 19:40:00,16.07
2020-04-24 19:50:00,15.8
2020-04-24 20:00:00,15.56
2020-04-24 20:10:00,15.36
2020-04-24 20:20:00,15.13
2020-04-24 20:30:00,14.83
2020-04-24 20:40:00,14.57
2020-04-24 20:50:00,14.43
2020-04-24 21:00:00,14.38
2020-04-24 21:10:00,14.37
2020-04-24 21:20:00,14.24
2020-04-24 21:30:00,14.17
2020-04-24 21:40:00,14.06
2020-04-24 21:50:00,14.0
2020-04-24 22:00:00,13.79
2020-04-24 22:10:00,13.64
2020-04-24 22:20:00,13.49
2020-04-24 22:30:00,13.4
2020-04-24 22:40:00,13.14
2020-04-24 22:50:00,12.64
2020-04-24 23:00:00,12.44
2020-04-24 23:10:00,12.31
2020-04-24 23:20:00,12.09
2020-04-24 23:30:00,12.01
2020-04-24 23:40:00,11.84
2020-04-24 23:50:00,11.72
2020-04-25 00:00:00,11.6
2020-04-25 00:10:00,11.44
2020-04-25 00:20:00,11.05
2020-04-25 00:30:00,10.95
2020-04-25 00:40:00,10.89
2020-04-25 00:50:00,10.75
2020-04-25 01:00:00,10.51
2020-04-25 01:10:00,10.33
2020-04-25 01:20:00,10.1
2020-04-25 01:30:00,9.91
2020-04-25 01:40:00,9.72
2020-04-25 01:50:00,9.48
2020-04-25 02:00:00,9.25
2020-04-25 02:10:00,9.0
2020-04-25 02:20:00,8.7
2020-04-25 02:30:00,8.51
2020-04-25 02:40:00,8.26
2020-04-25 02:50:00,8.0
2020-04-25 03:00:00,7.8
2020-04-25 03:10:00,7.55
2020-04-25 03:20:00,7.3
2020-04-25 03:30:00,6.98
2020-04-25 03:40:00,6.54
2020-04-25 03:50:00,6.25
2020-04-25 04:00:00,6.11
2020-04-25 04:10:00,6.01
2020-04-25 04:20:00,5.87
2020-04-25 04:30:00,5.86
2020-04-25 04:40:00,5.73
2020-04-25 04:50:00,5.66
2020-04-25 05:00:00,5.64
2020-04-25 05:10:00,5.71
2020-04-25 05:20:00,5.75
2020-04-25 05:30:00,5.8
2020-04-25 05:40:00,5.81
2020-04-25 05:50:00,5.87
2020-04-25 06:00:00,5.95
2020-04-25 06:10:00,6.05
2020-04-25 06:20:00,6.25
2020-04-25 06:30:00,6.82
2020-04-25 06:40:00,7.1
2020-04-25 06:50:00,7.25
2020-04-25 07:00:00,7.51
2020-04-25 07:10:00,7.53
2020-04-25 07:20:00,7.42
2020-04-25 07:30:00,7.16
2020-04-25 07:40:00,7.34
2020-04-25 07:50:00,7.51
2020-04-25 08:00:00,7.39
2020-04-25 08:10:00,7.51
2020-04-25 08:20:00,7.54
2020-04-25 08:30:00,7.53
2020-04-25 08:40:00,7.39
2020-04-25 08:50:00,7.57
2020-04-25 09:00:00,8.23
2020-04-25 09:10:00,8.24
2020-04-25 09:20:00,8.31
2020-04-25 09:30:00,8.37
2020-04-25 09:40:00,8.54
2020-04-25 09:50:00,8.66
2020-04-25 10:00:00,8.5
2020-04-25 10:10:00,8.66
2020-04-25 10:20:00,8.9
2020-04-25 10:30:00,8.97
2020-04-25 10:40:00,9.11
2020-04-25 10:50:00,9.32
2020-04-25 11:00:00,9.23
2020-04-25 11:10:00,9.26
2020-04-25 11:20:00,9.65
2020-04-25 11:30:00,9.81
2020-04-25 11:40:00,10.11
2020-04-25 11:50:00,10.23
2020-04-25 12:00:00,10.53
2020-04-25 12:10:00,10.49
2020-04-25 12:20:00,10.83
2020-04-25 12:30:00,11.02
2020-04-25 12:40:00,10.83
2020-04-25 12:50:00,11.11
2020-04-25 13:00:00,11.41
2020-04-25 13:10:00,11.2
2020-04-25 13:20:00,11.11
2020-04-25 13:30:00,11.04
2020-04-25 13:40:00,10.96
2020-04-25 13:50:00,10.97
2020-04-25 14:00:00,11.53
2020-04-25 14:10:00,11.59
2020-04-25 14:20:00,11.61
2020-04-25 14:30:00,12.03
2020-04-25 14:40:00,11.9
2020-04-25 14:50:00,12.38
2020-04-25 15:00:00,12.58
2020-04-25 15:10:00,12.13
2020-04-25 15:20:00,11.95
2020-04-25 15:30:00,12.02
2020-04-25 15:40:00,12.27
2020-04-25 15:50:00,12.23
2020-04-25 16:00:00,12.43
2020-04-25 16:10:00,12.98
2020-04-25 16:20:00,12.96
2020-04-25 16:30:00,12.61
2020-04-25 16:40:00,12.35
2020-04-25 16:50:00,12.47
2020-04-25 17:00:00,12.8
2020-04-25 17:10:00,12.99
2020-04-25 17:20:00,13.19
2020-04-25 17:30:00,12.95
2020-04-25 17:40:00,12.73
2020-04-25 17:50:00,12.47
2020-04-25 18:00:00,12.45
2020-04-25 18:10:00,12.34
2020-04-25 18:20:00,12.34
2020-04-25 18:30:00,12.22
2020-04-25 18:40:00,12.18
2020-04-25 18:50:00,12.1
2020-04-25 19:00:00,11.99
2020-04-25 19:10:00,11.83
2020-04-25 19:20:00,11.65
2020-04-25 19:30:00,11.48
2020-04-25 19:40:00,11.29
2020-04-25 19:50:00,11.07
2020-04-25 20:00:00,10.95
2020-04-25 20:10:00,10.73
2020-04-25 20:20:00,10.54
2020-04-25 20:30:00,10.22
2020-04-25 20:40:00,9.88
2020-04-25 20:50:00,9.69
2020-04-25 21:00:00,9.27
2020-04-25 21:10:00,9.12
2020-04-25 21:20:00,9.08
2020-04-25 21:30:00,8.9
2020-04-25 21:40:00,8.5
2020-04-25 21:50:00,8.54
2020-04-25 22:00:00,8.36
2020-04-25 22:10:00,8.45
2020-04-25 22:20:00,8.48
2020-04-25 22:30:00,8.47
2020-04-25 22:40:00,8.44
2020-04-25 22:50:00,8.2
2020-04-25 23:00:00,8.11
2020-04-25 23:10:00,7.9
2020-04-25 23:20:00,7.71
2020-04-25 23:30:00,7.56
2020-04-25 23:40:00,7.43
2020-04-25 23:50:00,7.08
2020-04-26 00:00:00,6.76
2020-04-26 00:10:00,6.68
2020-04-26 00:20:00,6.64
2020-04-26 00:30:00,6.34
2020-04-26 00:40:00,6.32
2020-04-26 00:50:00,5.99
2020-04-26 01:00:00,5.69
2020-04-26 01:10:00,5.38
2020-04-26 01:20:00,5.08
2020-04-26 01:30:00,4.77
2020-04-26 01:40:00,4.61
2020-04-26 01:50:00,4.47
2020-04-26 02:00:00,4.5
2020-04-26 02:10:00,4.2
2020-04-26 02:20:00,3.88
2020-04-26 02:30:00,3.8
2020-04-26 02:40:00,3.65
2020-04-26 02:50:00,3.49
2020-04-26 03:00:00,3.16
2020-04-26 03:10:00,2.91
2020-04-26 03:20:00,2.85
2020-04-26 03:30:00,2.96
2020-04-26 03:40:00,2.64
2020-04-26 03:50:00,2.51
2020-04-26 04:00:00,2.43
2020-04-26 04:10:00,2.21
2020-04-26 04:20:00,2.12
2020-04-26 04:30:00,2.04
2020-04-26 04:40:00,1.8
2020-04-26 04:50:00,1.62
2020-04-26 05:00:00,1.77
2020-04-26 05:10:00,1.75
2020-04-26 05:20:00,1.61
2020-04-26 05:30:00,1.9
2020-04-26 05:40:00,2.15
2020-04-26 05:50:00,2.68
2020-04-26 06:00:00,3.09
2020-04-26 06:10:00,3.55
2020-04-26 06:20:00,3.89
2020-04-26 06:30:00,4.02
2020-04-26 06:40:00,4.25
2020-04-26 06:50:00,4.43
2020-04-26 07:00:00,4.75
2020-04-26 07:10:00,5.07
2020-04-26 07:20:00,5.06
2020-04-26 07:30:00,4.92
2020-04-26 07:40:00,5.37
2020-04-26 07:50:00,5.9
2020-04-26 08:00:00,6.59
2020-04-26 08:10:00,7.49
2020-04-26 08:20:00,8.07
2020-04-26 08:30:00,8.77
2020-04-26 08:40:00,9.5
2020-04-26 08:50:00,10.05
2020-04-26 09:00:00,10.73
2020-04-26 09:10:00,11.3
2020-04-26 09:20:00,11.73
2020-04-26 09:30:00,13.0
2020-04-26 09:40:00,13.02
2020-04-26 09:50:00,12.94
2020-04-26 10:00:00,13.1
2020-04-26 10:10:00,13.55
2020-04-26 10:20:00,13.55
2020-04-26 10:30:00,13.87
2020-04-26 10:40:00,13.65
2020-04-26 10:50:00,13.92
2020-04-26 11:00:00,14.25
2020-04-26 11:10:00,14.21
2020-04-26 11:20:00,14.61
2020-04-26 11:30:00,14.56
2020-04-26 11:40:00,14.87
2020-04-26 11:50:00,14.79
2020-04-26 12:00:00,14.6
2020-04-26 12:10:00,14.86
2020-04-26 12:20:00,14.81
2020-04-26 12:30:00,15.03
2020-04-26 12:40:00,15.04
2020-04-26 12:50:00,15.32
2020-04-26 13:00:00,16.02
2020-04-26 13:10:00,15.98
2020-04-26 13:20:00,16.42
2020-04-26 13:30:00,16.34
2020-04-26 13:40:00,16.33
2020-04-26 13:50:00,16.07
2020-04-26 14:00:00,16.3
2020-04-26 14:10:00,16.18
2020-04-26 14:20:00,16.22
2020-04-26 14:30:00,16.38
2020-04-26 14:40:00,16.88
2020-04-26 14:50:00,16.71
2020-04-26 15:00:00,16.7
2020-04-26 15:10:00,16.94
2020-04-26 15:20:00,17.27
2020-04-26 15:30:00,17.99
2020-04-26 15:40:00,17.97
2020-04-26 15:50:00,17.89
2020-04-26 16:00:00,17.63
2020-04-26 16:10:00,17.61
2020-04-26 16:20:00,17.99
2020-04-26 16:30:00,17.6
2020-04-26 16:40:00,17.13
2020-04-26 16:50:00,17.14
2020-04-26 17:00:00,17.18
2020-04-26 17:10:00,17.25
2020-04-26 17:20:00,17.28
2020-04-26 17:30:00,17.29
2020-04-26 17:40:00,17.32
2020-04-26 17:50:00,17.3
2020-04-26 18:00:00,17.18
2020-04-26 18:10:00,17.11
2020-04-26 18:20:00,16.77
2020-04-26 18:30:00,16.24
2020-04-26 18:40:00,15.93
2020-04-26 18:50:00,15.58
2020-04-26 19:00:00,15.38
2020-04-26 19:10:00,15.21
2020-04-26 19:20:00,15.09
2020-04-26 19:30:00,14.88
2020-04-26 19:40:00,14.8
2020-04-26 19:50:00,14.74
2020-04-26 20:00:00,14.58
2020-04-26 20:10:00,13.73
2020-04-26 20:20:00,13.67
2020-04-26 20:30:00,13.56
2020-04-26 20:40:00,12.89
2020-04-26 20:50:00,12.84
2020-04-26 21:00:00,12.39
2020-04-26 21:10:00,11.85
2020-04-26 21:20:00,11.59
2020-04-26 21:30:00,11.44
2020-04-26 21:40:00,10.93
2020-04-26 21:50:00,10.5
2020-04-26 22:00:00,10.47
2020-04-26 22:10:00,10.48
2020-04-26 22:20:00,10.41
2020-04-26 22:30:00,10.29
2020-04-26 22:40:00,10.04
2020-04-26 22:50:00,9.54
2020-04-26 23:00:00,8.85
2020-04-26 23:10:00,8.56
2020-04-26 23:20:00,8.35
2020-04-26 23:30:00,7.82
2020-04-26 23:40:00,7.73
2020-04-26 23:50:00,7.41
2020-04-27 00:00:00,7.36
2020-04-27 00:10:00,7.19
2020-04-27 00:20:00,7.03
2020-04-27 00:30:00,6.83
2020-04-27 00:40:00,6.74
2020-04-27 00:50:00,6.77
2020-04-27 01:00:00,6.46
2020-04-27 01:10:00,5.93
2020-04-27 01:20:00,5.65
2020-04-27 01:30:00,5.53
2020-04-27 01:40:00,5.33
2020-04-27 01:50:00,5.2
2020-04-27 02:00:00,5.28
2020-04-27 02:10:00,5.17
2020-04-27 02:20:00,4.87
2020-04-27 02:30:00,4.89
2020-04-27 02:40:00,4.89
2020-04-27 02:50:00,4.66
2020-04-27 03:00:00,4.57
2020-04-27 03:10:00,4.47
2020-04-27 03:20:00,4.23
2020-04-27 03:30:00,4.16
2020-04-27 03:40:00,3.99
2020-04-27 03:50:00,3.65
2020-04-27 04:00:00,3.35
2020-04-27 04:10:00,3.18
2020-04-27 04:20:00,3.17
2020-04-27 04:30:00,3.07
2020-04-27 04:40:00,2.91
2020-04-27 04:50:00,2.93
2020-04-27 05:00:00,2.96
2020-04-27 05:10:00,2.92
2020-04-27 05:20:00,3.04
2020-04-27 05:30:00,3.33
2020-04-27 05:40:00,3.43
2020-04-27 05:50:00,3.74
2020-04-27 06:00:00,4.04
2020-04-27 06:10:00,4.2
2020-04-27 06:20:00,4.64
2020-04-27 06:30:00,4.85
2020-04-27 06:40:00,5.14
2020-04-27 06:50:00,5.94
2020-04-27 07:00:00,6.5
2020-04-27 07:10:00,6.71
2020-04-27 07:20:00,6.85
2020-04-27 07:30:00,7.16
2020-04-27 07:40:00,7.68
2020-04-27 07:50:00,8.18
2020-04-27 08:00:00,8.85
2020-04-27 08:10:00,9.46
2020-04-27 08:20:00,10.28
2020-04-27 08:30:00,11.09
2020-04-27 08:40:00,11.97
2020-04-27 08:50:00,12.9
2020-04-27 09:00:00,13.42
2020-04-27 09:10:00,13.89
2020-04-27 09:20:00,14.45
2020-04-27 09:30:00,15.28
2020-04-27 09:40:00,15.86
2020-04-27 09:50:00,16.72
2020-04-27 10:00:00,17.32
2020-04-27 10:10:00,18.27
2020-04-27 10:20:00,18.63
2020-04-27 10:30:00,18.86
2020-04-27 10:40:00,19.07
2020-04-27 10:50:00,19.28
2020-04-27 11:00:00,19.31
2020-04-27 11:10:00,19.31
2020-04-27 11:20:00,19.61
2020-04-27 11:30:00,19.68
2020-04-27 11:40:00,19.46
2020-04-27 11:50:00,20.06
2020-04-27 12:00:00,19.87
2020-04-27 12:10:00,20.29
2020-04-27 12:20:00,20.4
2020-04-27 12:30:00,20.37
2020-04-27 12:40:00,20.64
2020-04-27 12:50:00,20.71
2020-04-27 13:00:00,20.77
2020-04-27 13:10:00,20.59
2020-04-27 13:20:00,20.64
2020-04-27 13:30:00,20.96
2020-04-27 13:40:00,21.06
2020-04-27 13:50:00,21.32
2020-04-27 14:00:00,21.37
2020-04-27 14:10:00,21.03
2020-04-27 14:20:00,20.95
2020-04-27 14:30:00,21.24
2020-04-27 14:40:00,21.35
2020-04-27 14:50:00,21.28
2020-04-27 15:00:00,21.37
2020-04-27 15:10:00,21.6
2020-04-27 15:20:00,21.83
2020-04-27 15:30:00,21.97
2020-04-27 15:40:00,21.68
2020-04-27 15:50:00,21.51
2020-04-27 16:00:00,21.48
2020-04-27 16:10:00,21.03
2020-04-27 16:20:00,21.07
2020-04-27 16:30:00,20.95
2020-04-27 16:40:00,20.67
2020-04-27 16:50:00,20.74
2020-04-27 17:00:00,20.78
2020-04-27 17:10:00,20.75
2020-04-27 17:20:00,20.99
2020-04-27 17:30:00,21.3
2020-04-27 17:40:00,21.2
2020-04-27 17:50:00,20.74
2020-04-27 18:00:00,20.5
2020-04-27 18:10:00,20.62
2020-04-27 18:20:00,20.24
2020-04-27 18:30:00,19.85
2020-04-27 18:40:00,19.68
2020-04-27 18:50:00,19.6
2020-04-27 19:00:00,19.4
2020-04-27 19:10:00,19.24
2020-04-27 19:20:00,19.04
2020-04-27 19:30:00,18.38
2020-04-27 19:40:00,17.84
2020-04-27 19:50:00,17.52
2020-04-27 20:00:00,17.62
2020-04-27 20:10:00,17.46
2020-04-27 20:20:00,17.31
2020-04-27 20:30:00,17.11
2020-04-27 20:40:00,16.3
2020-04-27 20:50:00,16.16
2020-04-27 21:00:00,15.87
2020-04-27 21:10:00,15.85
2020-04-27 21:20:00,15.6
2020-04-27 21:30:00,15.45
2020-04-27 21:40:00,15.62
2020-04-27 21:50:00,15.09
2020-04-27 22:00:00,14.41
2020-04-27 22:10:00,14.41
2020-04-27 22:20:00,14.41
2020-04-27 22:30:00,14.36
2020-04-27 22:40:00,14.04
2020-04-27 22:50:00,13.6
2020-04-27 23:00:00,13.07
2020-04-27 23:10:00,12.8
2020-04-27 23:20:00,12.44
2020-04-27 23:30:00,11.78
2020-04-27 23:40:00,11.52
2020-04-27 23:50:00,11.98
2020-04-28 00:00:00,11.63
2020-04-28 00:10:00,11.25
2020-04-28 00:20:00,10.87
2020-04-28 00:30:00,10.67
2020-04-28 00:40:00,10.69
2020-04-28 00:50:00,10.79
2020-04-28 01:00:00,10.51
2020-04-28 01:10:00,9.97
2020-04-28 01:20:00,9.42
2020-04-28 01:30:00,9.13
2020-04-28 01:40:00,9.07
2020-04-28 01:50:00,9.36
2020-04-28 02:00:00,8.94
2020-04-28 02:10:00,8.44
2020-04-28 02:20:00,8.14
2020-04-28 02:30:00,8.07
2020-04-28 02:40:00,8.06
2020-04-28 02:50:00,8.29
2020-04-28 03:00:00,8.33
2020-04-28 03:10:00,8.06
2020-04-28 03:20:00,7.79
2020-04-28 03:30:00,7.49
2020-04-28 03:40:00,7.52
2020-04-28 03:50:00,7.78
2020-04-28 04:00:00,7.67
2020-04-28 04:10:00,7.01
2020-04-28 04:20:00,6.33
2020-04-28 04:30:00,6.29
2020-04-28 04:40:00,6.42
2020-04-28 04:50:00,6.49
2020-04-28 05:00:00,6.47
2020-04-28 05:10:00,6.55
2020-04-28 05:20:00,6.52
2020-04-28 05:30:00,6.34
2020-04-28 05:40:00,6.62
2020-04-28 05:50:00,6.97
2020-04-28 06:00:00,7.12
2020-04-28 06:10:00,7.7
2020-04-28 06:20:00,7.88
2020-04-28 06:30:00,8.13
2020-04-28 06:40:00,8.46
2020-04-28 06:50:00,8.87
2020-04-28 07:00:00,9.14
2020-04-28 07:10:00,10.0
2020-04-28 07:20:00,10.44
2020-04-28 07:30:00,10.85
2020-04-28 07:40:00,10.82
2020-04-28 07:50:00,10.98
2020-04-28 08:00:00,11.07
2020-04-28 08:10:00,11.22
2020-04-28 08:20:00,12.22
2020-04-28 08:30:00,13.0
2020-04-28 08:40:00,13.75
2020-04-28 08:50:00,14.73
2020-04-28 09:00:00,15.63
2020-04-28 09:10:00,16.29
2020-04-28 09:20:00,16.6
2020-04-28 09:30:00,17.39
2020-04-28 09:40:00,18.2
2020-04-28 09:50:00,18.43
2020-04-28 10:00:00,18.77
2020-04-28 10:10:00,19.18
2020-04-28 10:20:00,19.3
2020-04-28 10:30:00,19.95
2020-04-28 10:40:00,20.2
2020-04-28 10:50:00,20.34
2020-04-28 11:00:00,20.16
2020-04-28 11:10:00,20.18
2020-04-28 11:20:00,20.39
2020-04-28 11:30:00,20.59
2020-04-28 11:40:00,20.83
2020-04-28 11:50:00,21.29
2020-04-28 12:00:00,21.16
2020-04-28 12:10:00,21.14
2020-04-28 12:20:00,21.03
2020-04-28 12:30:00,21.53
2020-04-28 12:40:00,21.43
2020-04-28 12:50:00,21.14
2020-04-28 13:00:00,20.89
2020-04-28 13:10:00,20.71
2020-04-28 13:20:00,20.54
2020-04-28 13:30:00,20.27
2020-04-28 13:40:00,19.82
2020-04-28 13:50:00,19.63
2020-04-28 14:00:00,19.52
2020-04-28 14:10:00,19.36
2020-04-28 14:20:00,18.93
2020-04-28 14:30:00,18.54
2020-04-28 14:40:00,18.4
2020-04-28 14:50:00,18.55
2020-04-28 15:00:00,18.6
2020-04-28 15:10:00,18.48
2020-04-28 15:20:00,18.13
2020-04-28 15:30:00,17.24
2020-04-28 15:40:00,17.14
2020-04-28 15:50:00,17.34
2020-04-28 16:00:00,17.74
2020-04-28 16:10:00,17.87
2020-04-28 16:20:00,17.93
2020-04-28 16:30:00,17.96
2020-04-28 16:40:00,18.1
2020-04-28 16:50:00,18.33
2020-04-28 17:00:00,18.36
2020-04-28 17:10:00,18.31
2020-04-28 17:20:00,18.21
2020-04-28 17:30:00,18.04
2020-04-28 17:40:00,17.93
2020-04-28 17:50:00,17.92
2020-04-28 18:00:00,17.82
2020-04-28 18:10:00,16.51
2020-04-28 18:20:00,14.83
2020-04-28 18:30:00,14.1
2020-04-28 18:40:00,13.93
2020-04-28 18:50:00,13.73
2020-04-28 19:00:00,13.63
2020-04-28 19:10:00,13.54
2020-04-28 19:20:00,13.53
2020-04-28 19:30:00,13.5
2020-04-28 19:40:00,13.55
2020-04-28 19:50:00,13.49
2020-04-28 20:00:00,13.32
2020-04-28 20:10:00,13.21
2020-04-28 20:20:00,13.2
2020-04-28 20:30:00,13.2
2020-04-28 20:40:00,13.08
2020-04-28 20:50:00,13.01
2020-04-28 21:00:00,12.98
2020-04-28 21:10:00,13.02
2020-04-28 21:20:00,12.92
2020-04-28 21:30:00,13.04
2020-04-28 21:40:00,12.98
2020-04-28 21:50:00,12.71
2020-04-28 22:00:00,12.5
2020-04-28 22:10:00,12.41
2020-04-28 22:20:00,12.26
2020-04-28 22:30:00,12.32
2020-04-28 22:40:00,12.5
2020-04-28 22:50:00,12.59
2020-04-28 23:00:00,12.74
2020-04-28 23:10:00,12.8
2020-04-28 23:20:00,12.8
2020-04-28 23:30:00,12.8
2020-04-28 23:40:00,12.79
2020-04-28 23:50:00,12.73
2020-04-29 00:00:00,12.82
2020-04-29 00:10:00,12.81
2020-04-29 00:20:00,12.75
2020-04-29 00:30:00,12.57
2020-04-29 00:40:00,12.5
2020-04-29 00:50:00,12.48
2020-04-29 01:00:00,12.33
2020-04-29 01:10:00,12.25
2020-04-29 01:20:00,12.16
2020-04-29 01:30:00,12.06
2020-04-29 01:40:00,12.0
2020-04-29 01:50:00,12.01
2020-04-29 02:00:00,12.04
2020-04-29 02:10:00,12.07
2020-04-29 02:20:00,12.06
2020-04-29 02:30:00,12.03
2020-04-29 02:40:00,12.06
2020-04-29 02:50:00,12.08
2020-04-29 03:00:00,12.12
2020-04-29 03:10:00,11.96
2020-04-29 03:20:00,11.93
2020-04-29 03:30:00,11.91
2020-04-29 03:40:00,11.82
2020-04-29 03:50:00,11.63
2020-04-29 04:00:00,11.48
2020-04-29 04:10:00,11.4
2020-04-29 04:20:00,11.44
2020-04-29 04:30:00,11.42
2020-04-29 04:40:00,11.36
2020-04-29 04:50:00,11.34
2020-04-29 05:00:00,11.39
2020-04-29 05:10:00,11.4
2020-04-29 05:20:00,11.48
2020-04-29 05:30:00,11.54
2020-04-29 05:40:00,11.56
2020-04-29 05:50:00,11.66
2020-04-29 06:00:00,11.67
2020-04-29 06:10:00,11.73
2020-04-29 06:20:00,11.75
2020-04-29 06:30:00,11.89
2020-04-29 06:40:00,12.02
2020-04-29 06:50:00,12.16
2020-04-29 07:00:00,12.37
2020-04-29 07:10:00,12.42
2020-04-29 07:20:00,12.38
2020-04-29 07:30:00,12.55
2020-04-29 07:40:00,13.0
2020-04-29 07:50:00,13.21
2020-04-29 08:00:00,13.38
2020-04-29 08:10:00,13.72
2020-04-29 08:20:00,13.94
2020-04-29 08:30:00,13.99
2020-04-29 08:40:00,14.03
2020-04-29 08:50:00,14.31
2020-04-29 09:00:00,14.4
2020-04-29 09:10:00,14.48
2020-04-29 09:20:00,14.63
2020-04-29 09:30:00,15.21
2020-04-29 09:40:00,15.17
2020-04-29 09:50:00,15.08
2020-04-29 10:00:00,15.51
2020-04-29 10:10:00,15.64
2020-04-29 10:20:00,15.65
2020-04-29 10:30:00,15.69
2020-04-29 10:40:00,16.02
2020-04-29 10:50:00,16.17
2020-04-29 11:00:00,16.33
2020-04-29 11:10:00,15.71
2020-04-29 11:20:00,15.42
2020-04-29 11:30:00,15.85
2020-04-29 11:40:00,16.09
2020-04-29 11:50:00,16.25
2020-04-29 12:00:00,16.94
2020-04-29 12:10:00,16.5
2020-04-29 12:20:00,16.49
2020-04-29 12:30:00,16.96
2020-04-29 12:40:00,17.85
2020-04-29 12:50:00,17.69
2020-04-29 13:00:00,17.22
2020-04-29 13:10:00,17.13
2020-04-29 13:20:00,17.08
2020-04-29 13:30:00,17.28
2020-04-29 13:40:00,17.56
2020-04-29 13:50:00,18.15
2020-04-29 14:00:00,18.28
2020-04-29 14:10:00,18.12
2020-04-29 14:20:00,17.62
2020-04-29 14:30:00,17.91
2020-04-29 14:40:00,18.06
2020-04-29 14:50:00,17.99
2020-04-29 15:00:00,18.28
2020-04-29 15:10:00,18.64
2020-04-29 15:20:00,18.65
2020-04-29 15:30:00,18.6
2020-04-29 15:40:00,18.79
2020-04-29 15:50:00,18.88
2020-04-29 16:00:00,18.36
2020-04-29 16:10:00,18.28
2020-04-29 16:20:00,18.4
2020-04-29 16:30:00,18.47
2020-04-29 16:40:00,18.08
2020-04-29 16:50:00,17.89
2020-04-29 17:00:00,17.79
2020-04-29 17:10:00,17.68
2020-04-29 17:20:00,17.89
2020-04-29 17:30:00,18.14
2020-04-29 17:40:00,17.79
2020-04-29 17:50:00,17.72
2020-04-29 18:00:00,17.85
2020-04-29 18:10:00,18.03
2020-04-29 18:20:00,17.77
2020-04-29 18:30:00,17.11
2020-04-29 18:40:00,16.72
2020-04-29 18:50:00,16.44
2020-04-29 19:00:00,16.11
2020-04-29 19:10:00,15.88
2020-04-29 19:20:00,15.69
2020-04-29 19:30:00,15.67
2020-04-29 19:40:00,15.58
2020-04-29 19:50:00,15.46
2020-04-29 20:00:00,15.33
2020-04-29 20:10:00,15.01
2020-04-29 20:20:00,14.84
2020-04-29 20:30:00,14.73
2020-04-29 20:40:00,14.67
2020-04-29 20:50:00,14.7
2020-04-29 21:00:00,14.62
2020-04-29 21:10:00,14.47
2020-04-29 21:20:00,14.36
2020-04-29 21:30:00,13.9
2020-04-29 21:40:00,13.29
2020-04-29 21:50:00,13.54
2020-04-29 22:00:00,13.59
2020-04-29 22:10:00,13.53
2020-04-29 22:20:00,13.21
2020-04-29 22:30:00,13.19
2020-04-29 22:40:00,13.14
2020-04-29 22:50:00,12.73
2020-04-29 23:00:00,12.44
2020-04-29 23:10:00,12.27
2020-04-29 23:20:00,12.21
2020-04-29 23:30:00,12.06
2020-04-29 23:40:00,11.85
2020-04-29 23:50:00,11.73
2020-04-30 00:00:00,11.58
2020-04-30 00:10:00,11.56
2020-04-30 00:20:00,11.53
2020-04-30 00:30:00,11.17
2020-04-30 00:40:00,10.49
2020-04-30 00:50:00,10.58
2020-04-30 01:00:00,10.53
2020-04-30 01:10:00,10.46
2020-04-30 01:20:00,10.27
2020-04-30 01:30:00,10.16
2020-04-30 01:40:00,10.07
2020-04-30 01:50:00,9.89
2020-04-30 02:00:00,9.79
2020-04-30 02:10:00,9.7
2020-04-30 02:20:00,9.52
2020-04-30 02:30:00,9.5
2020-04-30 02:40:00,9.48
2020-04-30 02:50:00,9.5
2020-04-30 03:00:00,9.55
2020-04-30 03:10:00,9.74
2020-04-30 03:20:00,9.74
2020-04-30 03:30:00,9.86
2020-04-30 03:40:00,10.02
2020-04-30 03:50:00,10.14
2020-04-30 04:00:00,10.59
2020-04-30 04:10:00,10.93
2020-04-30 04:20:00,11.06
2020-04-30 04:30:00,11.12
2020-04-30 04:40:00,11.14
2020-04-30 04:50:00,11.11
2020-04-30 05:00:00,11.13
2020-04-30 05:10:00,11.16
2020-04-30 05:20:00,11.14
2020-04-30 05:30:00,11.2
2020-04-30 05:40:00,11.2
2020-04-30 05:50:00,11.23
2020-04-30 06:00:00,11.32
2020-04-30 06:10:00,11.4
2020-04-30 06:20:00,11.48
2020-04-30 06:30:00,11.57
2020-04-30 06:40:00,11.66
2020-04-30 06:50:00,11.79
2020-04-30 07:00:00,11.85
2020-04-30 07:10:00,11.84
2020-04-30 07:20:00,11.86
2020-04-30 07:30:00,11.87
2020-04-30 07:40:00,11.91
2020-04-30 07:50:00,12.0
2020-04-30 08:00:00,12.13
2020-04-30 08:10:00,12.28
2020-04-30 08:20:00,12.44
2020-04-30 08:30:00,12.52
2020-04-30 08:40:00,12.74
2020-04-30 08:50:00,13.08
2020-04-30 09:00:00,13.48
2020-04-30 09:10:00,13.53
2020-04-30 09:20:00,13.71
2020-04-30 09:30:00,14.17
2020-04-30 09:40:00,14.63
2020-04-30 09:50:00,14.59
2020-04-30 10:00:00,15.18
2020-04-30 10:10:00,15.4
2020-04-30 10:20:00,15.89
2020-04-30 10:30:00,15.13
2020-04-30 10:40:00,14.43
2020-04-30 10:50:00,14.07
2020-04-30 11:00:00,14.2
2020-04-30 11:10:00,14.8
2020-04-30 11:20:00,14.7
2020-04-30 11:30:00,14.58
2020-04-30 11:40:00,14.3
2020-04-30 11:50:00,14.05
2020-04-30 12:00:00,14.2
2020-04-30 12:10:00,14.52
2020-04-30 12:20:00,14.73
2020-04-30 12:30:00,15.08
2020-04-30 12:40:00,15.27
2020-04-30 12:50:00,15.43
2020-04-30 13:00:00,15.85
2020-04-30 13:10:00,16.14
2020-04-30 13:20:00,15.86
2020-04-30 13:30:00,15.66
2020-04-30 13:40:00,15.99
2020-04-30 13:50:00,16.31
2020-04-30 14:00:00,16.34
2020-04-30 14:10:00,16.02
2020-04-30 14:20:00,16.49
2020-04-30 14:30:00,16.8
2020-04-30 14:40:00,16.63
2020-04-30 14:50:00,16.38
2020-04-30 15:00:00,16.17
2020-04-30 15:10:00,15.81
2020-04-30 15:20:00,15.54
2020-04-30 15:30:00,15.72
2020-04-30 15:40:00,15.54
2020-04-30 15:50:00,14.3
2020-04-30 16:00:00,13.71
2020-04-30 16:10:00,13.8
2020-04-30 16:20:00,13.48
2020-04-30 16:30:00,13.11
2020-04-30 16:40:00,13.31
2020-04-30 16:50:00,13.72
2020-04-30 17:00:00,13.8
2020-04-30 17:10:00,13.83
2020-04-30 17:20:00,13.7
2020-04-30 17:30:00,13.48
2020-04-30 17:40:00,13.34
2020-04-30 17:50:00,13.4
2020-04-30 18:00:00,13.32
2020-04-30 18:10:00,13.14
2020-04-30 18:20:00,13.1
2020-04-30 18:30:00,12.89
2020-04-30 18:40:00,12.71
2020-04-30 18:50:00,12.64
2020-04-30 19:00:00,12.46
2020-04-30 19:10:00,12.43
2020-04-30 19:20:00,12.4
2020-04-30 19:30:00,12.4
2020-04-30 19:40:00,12.35
2020-04-30 19:50:00,12.33
2020-04-30 20:00:00,12.25
2020-04-30 20:10:00,12.16
2020-04-30 20:20:00,12.05
2020-04-30 20:30:00,11.86
2020-04-30 20:40:00,11.75
2020-04-30 20:50:00,11.58
2020-04-30 21:00:00,11.43
2020-04-30 21:10:00,11.4
2020-04-30 21:20:00,11.39
2020-04-30 21:30:00,11.33
2020-04-30 21:40:00,11.33
2020-04-30 21:50:00,11.46
2020-04-30 22:00:00,11.76
2020-04-30 22:10:00,12.32
2020-04-30 22:20:00,12.49
2020-04-30 22:30:00,12.28
2020-04-30 22:40:00,11.78
2020-04-30 22:50:00,11.3
2020-04-30 23:00:00,10.96
2020-04-30 23:10:00,10.71
2020-04-30 23:20:00,10.55
2020-04-30 23:30:00,10.63
2020-04-30 23:40:00,10.92
2020-04-30 23:50:00,11.14
2020-05-01 00:00:00,11.19
2020-05-01 00:10:00,11.2
2020-05-01 00:20:00,11.13
2020-05-01 00:30:00,10.86
2020-05-01 00:40:00,10.64
2020-05-01 00:50:00,10.57
2020-05-01 01:00:00,10.58
2020-05-01 01:10:00,10.46
2020-05-01 01:20:00,10.33
2020-05-01 01:30:00,10.26
2020-05-01 01:40:00,10.22
2020-05-01 01:50:00,10.15
2020-05-01 02:00:00,10.08
2020-05-01 02:10:00,9.84
2020-05-01 02:20:00,9.61
2020-05-01 02:30:00,9.53
2020-05-01 02:40:00,9.27
2020-05-01 02:50:00,9.11
2020-05-01 03:00:00,9.01
2020-05-01 03:10:00,9.01
2020-05-01 03:20:00,9.03
2020-05-01 03:30:00,9.1
2020-05-01 03:40:00,9.1
2020-05-01 03:50:00,9.0
2020-05-01 04:00:00,8.76
2020-05-01 04:10:00,8.7
2020-05-01 04:20:00,8.83
2020-05-01 04:30:00,9.46
2020-05-01 04:40:00,9.76
2020-05-01 04:50:00,9.95
2020-05-01 05:00:00,9.91
2020-05-01 05:10:00,9.68
2020-05-01 05:20:00,9.45
2020-05-01 05:30:00,9.2
2020-05-01 05:40:00,9.38
2020-05-01 05:50:00,9.88
2020-05-01 06:00:00,10.21
2020-05-01 06:10:00,10.41
2020-05-01 06:20:00,10.47
2020-05-01 06:30:00,10.48
2020-05-01 06:40:00,10.54
2020-05-01 06:50:00,10.57
2020-05-01 07:00:00,10.67
2020-05-01 07:10:00,10.74
2020-05-01 07:20:00,10.82
2020-05-01 07:30:00,10.7
2020-05-01 07:40:00,10.68
2020-05-01 07:50:00,10.81
2020-05-01 08:00:00,11.33
2020-05-01 08:10:00,11.55
2020-05-01 08:20:00,12.11
2020-05-01 08:30:00,11.94
2020-05-01 08:40:00,12.03
2020-05-01 08:50:00,12.04
2020-05-01 09:00:00,11.93
2020-05-01 09:10:00,11.75
2020-05-01 09:20:00,12.24
2020-05-01 09:30:00,12.55
2020-05-01 09:40:00,12.89
2020-05-01 09:50:00,12.55
2020-05-01 10:00:00,12.01
2020-05-01 10:10:00,11.93
2020-05-01 10:20:00,12.35
2020-05-01 10:30:00,12.82
2020-05-01 10:40:00,12.74
2020-05-01 10:50:00,13.2
2020-05-01 11:00:00,12.99
2020-05-01 11:10:00,13.07
2020-05-01 11:20:00,13.12
2020-05-01 11:30:00,13.15
2020-05-01 11:40:00,13.44
2020-05-01 11:50:00,13.86
2020-05-01 12:00:00,14.1
2020-05-01 12:10:00,14.2
2020-05-01 12:20:00,14.03
2020-05-01 12:30:00,13.8
2020-05-01 12:40:00,13.83
2020-05-01 12:50:00,13.64
2020-05-01 13:00:00,10.2
2020-05-01 13:10:00,8.2
2020-05-01 13:20:00,7.92
2020-05-01 13:30:00,7.87
2020-05-01 13:40:00,8.14
2020-05-01 13:50:00,8.71
2020-05-01 14:00:00,9.41
2020-05-01 14:10:00,9.86
2020-05-01 14:20:00,10.53
2020-05-01 14:30:00,11.3
2020-05-01 14:40:00,11.92
2020-05-01 14:50:00,12.0
2020-05-01 15:00:00,12.33
2020-05-01 15:10:00,12.75
2020-05-01 15:20:00,13.0
2020-05-01 15:30:00,12.8
2020-05-01 15:40:00,12.69
2020-05-01 15:50:00,12.52
2020-05-01 16:00:00,12.01
2020-05-01 16:10:00,11.73
2020-05-01 16:20:00,11.82
2020-05-01 16:30:00,11.44
2020-05-01 16:40:00,11.08
2020-05-01 16:50:00,11.13
2020-05-01 17:00:00,11.01
2020-05-01 17:10:00,11.07
2020-05-01 17:20:00,11.34
2020-05-01 17:30:00,11.57
2020-05-01 17:40:00,11.84
2020-05-01 17:50:00,11.65
2020-05-01 18:00:00,11.5
2020-05-01 18:10:00,11.67
2020-05-01 18:20:00,11.56
2020-05-01 18:30:00,11.11
2020-05-01 18:40:00,10.86
2020-05-01 18:50:00,10.71
2020-05-01 19:00:00,10.54
2020-05-01 19:10:00,10.35
2020-05-01 19:20:00,10.23
2020-05-01 19:30:00,10.05
2020-05-01 19:40:00,9.84
2020-05-01 19:50:00,9.54
2020-05-01 20:00:00,9.27
2020-05-01 20:10:00,9.08
2020-05-01 20:20:00,8.89
2020-05-01 20:30:00,8.79
2020-05-01 20:40:00,8.65
2020-05-01 20:50:00,8.25
2020-05-01 21:00:00,8.24
2020-05-01 21:10:00,8.09
2020-05-01 21:20:00,8.05
2020-05-01 21:30:00,7.94
2020-05-01 21:40:00,8.14
2020-05-01 21:50:00,8.34
2020-05-01 22:00:00,8.41
2020-05-01 22:10:00,8.99
2020-05-01 22:20:00,9.1
2020-05-01 22:30:00,8.76
2020-05-01 22:40:00,8.55
2020-05-01 22:50:00,8.42
2020-05-01 23:00:00,8.38
2020-05-01 23:10:00,8.24
2020-05-01 23:20:00,8.31
2020-05-01 23:30:00,8.31
2020-05-01 23:40:00,8.24
2020-05-01 23:50:00,8.06
2020-05-02 00:00:00,7.91
2020-05-02 00:10:00,8.08
2020-05-02 00:20:00,8.1
2020-05-02 00:30:00,8.13
2020-05-02 00:40:00,8.14
2020-05-02 00:50:00,7.91
2020-05-02 01:00:00,7.76
2020-05-02 01:10:00,7.71
2020-05-02 01:20:00,7.62
2020-05-02 01:30:00,7.7
2020-05-02 01:40:00,7.51
2020-05-02 01:50:00,7.5
2020-05-02 02:00:00,7.53
2020-05-02 02:10:00,7.28
2020-05-02 02:20:00,6.97
2020-05-02 02:30:00,6.64
2020-05-02 02:40:00,6.77
2020-05-02 02:50:00,6.81
2020-05-02 03:00:00,6.75
2020-05-02 03:10:00,6.68
2020-05-02 03:20:00,6.63
2020-05-02 03:30:00,6.54
2020-05-02 03:40:00,6.68
2020-05-02 03:50:00,6.72
2020-05-02 04:00:00,6.67
2020-05-02 04:10:00,6.7
2020-05-02 04:20:00,6.61
2020-05-02 04:30:00,6.71
2020-05-02 04:40:00,6.64
2020-05-02 04:50:00,6.43
2020-05-02 05:00:00,6.76
2020-05-02 05:10:00,7.1
2020-05-02 05:20:00,7.09
2020-05-02 05:30:00,7.37
2020-05-02 05:40:00,7.47
2020-05-02 05:50:00,7.49
2020-05-02 06:00:00,7.62
2020-05-02 06:10:00,7.87
2020-05-02 06:20:00,8.08
2020-05-02 06:30:00,8.18
2020-05-02 06:40:00,8.24
2020-05-02 06:50:00,8.38
2020-05-02 07:00:00,8.47
2020-05-02 07:10:00,8.75
2020-05-02 07:20:00,9.04
2020-05-02 07:30:00,9.09
2020-05-02 07:40:00,9.07
2020-05-02 07:50:00,9.17
2020-05-02 08:00:00,9.58
2020-05-02 08:10:00,9.77
2020-05-02 08:20:00,10.07
2020-05-02 08:30:00,10.13
2020-05-02 08:40:00,10.11
2020-05-02 08:50:00,10.03
2020-05-02 09:00:00,8.08
2020-05-02 09:10:00,7.67
2020-05-02 09:20:00,8.33
2020-05-02 09:30:00,8.79
2020-05-02 09:40:00,8.67
2020-05-02 09:50:00,9.02
2020-05-02 10:00:00,10.07
2020-05-02 10:10:00,10.55
2020-05-02 10:20:00,10.65
2020-05-02 10:30:00,10.66
2020-05-02 10:40:00,10.69
2020-05-02 10:50:00,10.94
2020-05-02 11:00:00,10.3
2020-05-02 11:10:00,10.23
2020-05-02 11:20:00,11.04
2020-05-02 11:30:00,11.31
2020-05-02 11:40:00,10.84
2020-05-02 11:50:00,9.86
2020-05-02 12:00:00,10.09
2020-05-02 12:10:00,9.8
2020-05-02 12:20:00,8.86
2020-05-02 12:30:00,8.4
2020-05-02 12:40:00,6.97
2020-05-02 12:50:00,6.87
2020-05-02 13:00:00,6.99
2020-05-02 13:10:00,7.3
2020-05-02 13:20:00,7.9
2020-05-02 13:30:00,8.43
2020-05-02 13:40:00,8.41
2020-05-02 13:50:00,8.36
2020-05-02 14:00:00,8.41
2020-05-02 14:10:00,8.47
2020-05-02 14:20:00,8.36
2020-05-02 14:30:00,8.19
2020-05-02 14:40:00,8.11
2020-05-02 14:50:00,8.12
2020-05-02 15:00:00,8.32
2020-05-02 15:10:00,8.69
2020-05-02 15:20:00,8.96
2020-05-02 15:30:00,8.87
2020-05-02 15:40:00,8.69
2020-05-02 15:50:00,8.11
2020-05-02 16:00:00,7.34
2020-05-02 16:10:00,7.2
2020-05-02 16:20:00,7.78
2020-05-02 16:30:00,8.68
2020-05-02 16:40:00,9.58
2020-05-02 16:50:00,10.17
2020-05-02 17:00:00,10.19
2020-05-02 17:10:00,9.89
2020-05-02 17:20:00,9.73
2020-05-02 17:30:00,9.69
2020-05-02 17:40:00,10.19
2020-05-02 17:50:00,9.8
2020-05-02 18:00:00,9.59
2020-05-02 18:10:00,9.64
2020-05-02 18:20:00,9.56
2020-05-02 18:30:00,9.47
2020-05-02 18:40:00,9.39
2020-05-02 18:50:00,9.31
2020-05-02 19:00:00,9.17
2020-05-02 19:10:00,9.07
2020-05-02 19:20:00,9.06
2020-05-02 19:30:00,9.05
2020-05-02 19:40:00,8.99
2020-05-02 19:50:00,8.9
2020-05-02 20:00:00,8.74
2020-05-02 20:10:00,8.54
2020-05-02 20:20:00,8.27
2020-05-02 20:30:00,8.1
2020-05-02 20:40:00,8.02
2020-05-02 20:50:00,8.04
2020-05-02 21:00:00,8.05
2020-05-02 21:10:00,7.88
2020-05-02 21:20:00,7.68
2020-05-02 21:30:00,7.56
2020-05-02 21:40:00,7.42
2020-05-02 21:50:00,7.34
2020-05-02 22:00:00,7.38
2020-05-02 22:10:00,7.43
2020-05-02 22:20:00,7.54
2020-05-02 22:30:00,7.47
2020-05-02 22:40:00,7.39
2020-05-02 22:50:00,7.34
2020-05-02 23:00:00,7.38
2020-05-02 23:10:00,7.53
2020-05-02 23:20:00,7.66
2020-05-02 23:30:00,7.79
2020-05-02 23:40:00,7.87
2020-05-02 23:50:00,7.9
2020-05-03 00:00:00,7.98
2020-05-03 00:10:00,8.06
2020-05-03 00:20:00,8.17
2020-05-03 00:30:00,8.11
2020-05-03 00:40:00,7.64
2020-05-03 00:50:00,7.47
2020-05-03 01:00:00,7.53
2020-05-03 01:10:00,7.54
2020-05-03 01:20:00,7.52
2020-05-03 01:30:00,7.5
2020-05-03 01:40:00,7.56
2020-05-03 01:50:00,7.55
2020-05-03 02:00:00,7.49
2020-05-03 02:10:00,7.42
2020-05-03 02:20:00,7.39
2020-05-03 02:30:00,7.33
2020-05-03 02:40:00,7.28
2020-05-03 02:50:00,7.31
2020-05-03 03:00:00,7.34
2020-05-03 03:10:00,7.34
2020-05-03 03:20:00,7.24
2020-05-03 03:30:00,7.21
2020-05-03 03:40:00,7.19
2020-05-03 03:50:00,7.08
2020-05-03 04:00:00,6.96
2020-05-03 04:10:00,6.9
2020-05-03 04:20:00,7.01
2020-05-03 04:30:00,7.18
2020-05-03 04:40:00,7.25
2020-05-03 04:50:00,7.31
2020-05-03 05:00:00,7.34
2020-05-03 05:10:00,7.4
2020-05-03 05:20:00,7.47
2020-05-03 05:30:00,7.41
2020-05-03 05:40:00,7.4
2020-05-03 05:50:00,7.47
2020-05-03 06:00:00,7.51
2020-05-03 06:10:00,7.61
2020-05-03 06:20:00,7.59
2020-05-03 06:30:00,7.74
2020-05-03 06:40:00,8.03
2020-05-03 06:50:00,8.08
2020-05-03 07:00:00,8.79
2020-05-03 07:10:00,9.27
2020-05-03 07:20:00,9.19
2020-05-03 07:30:00,9.42
2020-05-03 07:40:00,9.72
2020-05-03 07:50:00,9.86
2020-05-03 08:00:00,10.12
2020-05-03 08:10:00,10.36
2020-05-03 08:20:00,10.3
2020-05-03 08:30:00,10.53
2020-05-03 08:40:00,11.05
2020-05-03 08:50:00,11.23
2020-05-03 09:00:00,11.53
2020-05-03 09:10:00,11.79
2020-05-03 09:20:00,11.46
2020-05-03 09:30:00,11.62
2020-05-03 09:40:00,11.77
2020-05-03 09:50:00,11.97
2020-05-03 10:00:00,12.16
2020-05-03 10:10:00,12.17
2020-05-03 10:20:00,12.11
2020-05-03 10:30:00,12.67
2020-05-03 10:40:00,12.92
2020-05-03 10:50:00,12.72
2020-05-03 11:00:00,12.65
2020-05-03 11:10:00,12.78
2020-05-03 11:20:00,13.26
2020-05-03 11:30:00,13.5
2020-05-03 11:40:00,13.44
2020-05-03 11:50:00,12.89
2020-05-03 12:00:00,12.86
2020-05-03 12:10:00,13.5
2020-05-03 12:20:00,13.51
2020-05-03 12:30:00,13.42
2020-05-03 12:40:00,13.17
2020-05-03 12:50:00,13.31
2020-05-03 13:00:00,13.52
2020-05-03 13:10:00,13.57
2020-05-03 13:20:00,14.4
2020-05-03 13:30:00,13.87
2020-05-03 13:40:00,13.34
2020-05-03 13:50:00,12.86
2020-05-03 14:00:00,12.69
2020-05-03 14:10:00,12.62
2020-05-03 14:20:00,12.85
2020-05-03 14:30:00,13.0
2020-05-03 14:40:00,13.23
2020-05-03 14:50:00,13.71
2020-05-03 15:00:00,14.03
2020-05-03 15:10:00,13.91
2020-05-03 15:20:00,13.74
2020-05-03 15:30:00,13.54
2020-05-03 15:40:00,13.28
2020-05-03 15:50:00,13.29
2020-05-03 16:00:00,13.72
2020-05-03 16:10:00,14.13
2020-05-03 16:20:00,14.46
2020-05-03 16:30:00,14.17
2020-05-03 16:40:00,14.22
2020-05-03 16:50:00,14.42
2020-05-03 17:00:00,14.33
2020-05-03 17:10:00,14.18
2020-05-03 17:20:00,14.17
2020-05-03 17:30:00,14.35
2020-05-03 17:40:00,14.46
2020-05-03 17:50:00,14.9
2020-05-03 18:00:00,14.95
2020-05-03 18:10:00,14.36
2020-05-03 18:20:00,13.92
2020-05-03 18:30:00,13.56
2020-05-03 18:40:00,13.27
2020-05-03 18:50:00,13.1
2020-05-03 19:00:00,12.96
2020-05-03 19:10:00,12.84
2020-05-03 19:20:00,12.7
2020-05-03 19:30:00,12.58
2020-05-03 19:40:00,12.53
2020-05-03 19:50:00,12.47
2020-05-03 20:00:00,12.39
2020-05-03 20:10:00,12.25
2020-05-03 20:20:00,12.26
2020-05-03 20:30:00,12.14
2020-05-03 20:40:00,11.81
2020-05-03 20:50:00,11.67
2020-05-03 21:00:00,11.56
2020-05-03 21:10:00,11.62
2020-05-03 21:20:00,11.49
2020-05-03 21:30:00,11.04
2020-05-03 21:40:00,10.68
2020-05-03 21:50:00,10.77
2020-05-03 22:00:00,10.65
2020-05-03 22:10:00,10.6
2020-05-03 22:20:00,10.68
2020-05-03 22:30:00,10.41
2020-05-03 22:40:00,10.27
2020-05-03 22:50:00,10.33
2020-05-03 23:00:00,10.08
2020-05-03 23:10:00,9.98
2020-05-03 23:20:00,9.87
2020-05-03 23:30:00,9.85
2020-05-03 23:40:00,9.71
2020-05-03 23:50:00,9.63
2020-05-04 00:00:00,9.57
2020-05-04 00:10:00,9.28
2020-05-04 00:20:00,9.2
2020-05-04 00:30:00,9.15
2020-05-04 00:40:00,8.83
2020-05-04 00:50:00,8.57
2020-05-04 01:00:00,8.31
2020-05-04 01:10:00,8.47
2020-05-04 01:20:00,8.19
2020-05-04 01:30:00,7.96
2020-05-04 01:40:00,7.9
2020-05-04 01:50:00,7.7
2020-05-04 02:00:00,7.51
2020-05-04 02:10:00,7.45
2020-05-04 02:20:00,7.35
2020-05-04 02:30:00,7.28
2020-05-04 02:40:00,7.32
2020-05-04 02:50:00,7.31
2020-05-04 03:00:00,7.11
2020-05-04 03:10:00,6.99
2020-05-04 03:20:00,6.86
2020-05-04 03:30:00,6.81
2020-05-04 03:40:00,6.82
2020-05-04 03:50:00,6.76
2020-05-04 04:00:00,6.67
2020-05-04 04:10:00,6.65
2020-05-04 04:20:00,6.66
2020-05-04 04:30:00,6.67
2020-05-04 04:40:00,6.63
2020-05-04 04:50:00,6.54
2020-05-04 05:00:00,6.54
2020-05-04 05:10:00,6.54
2020-05-04 05:20:00,6.54
2020-05-04 05:30:00,6.54
2020-05-04 05:40:00,6.56
2020-05-04 05:50:00,6.65
2020-05-04 06:00:00,6.57
2020-05-04 06:10:00,6.61
2020-05-04 06:20:00,6.67
2020-05-04 06:30:00,6.81
2020-05-04 06:40:00,6.86
2020-05-04 06:50:00,6.92
2020-05-04 07:00:00,6.97
2020-05-04 07:10:00,7.05
2020-05-04 07:20:00,7.12
2020-05-04 07:30:00,7.17
2020-05-04 07:40:00,7.28
2020-05-04 07:50:00,7.33
2020-05-04 08:00:00,7.4
2020-05-04 08:10:00,7.58
2020-05-04 08:20:00,7.85
2020-05-04 08:30:00,8.35
2020-05-04 08:40:00,8.85
2020-05-04 08:50:00,9.18
2020-05-04 09:00:00,9.75
2020-05-04 09:10:00,10.18
2020-05-04 09:20:00,10.59
2020-05-04 09:30:00,11.0
2020-05-04 09:40:00,10.83
2020-05-04 09:50:00,11.04
2020-05-04 10:00:00,11.2
2020-05-04 10:10:00,11.18
2020-05-04 10:20:00,11.3
2020-05-04 10:30:00,11.17
2020-05-04 10:40:00,11.14
2020-05-04 10:50:00,11.26
2020-05-04 11:00:00,11.44
2020-05-04 11:10:00,11.47
2020-05-04 11:20:00,11.62
2020-05-04 11:30:00,11.77
2020-05-04 11:40:00,11.84
2020-05-04 11:50:00,12.13
2020-05-04 12:00:00,12.15
2020-05-04 12:10:00,12.0
2020-05-04 12:20:00,11.89
2020-05-04 12:30:00,11.65
2020-05-04 12:40:00,11.52
2020-05-04 12:50:00,11.49
2020-05-04 13:00:00,11.11
2020-05-04 13:10:00,11.0
2020-05-04 13:20:00,11.06
2020-05-04 13:30:00,11.08
2020-05-04 13:40:00,10.97
2020-05-04 13:50:00,10.58
2020-05-04 14:00:00,10.16
2020-05-04 14:10:00,9.87
2020-05-04 14:20:00,9.53
2020-05-04 14:30:00,9.38
2020-05-04 14:40:00,9.5
2020-05-04 14:50:00,9.7
2020-05-04 15:00:00,9.82
2020-05-04 15:10:00,9.76
2020-05-04 15:20:00,9.64
2020-05-04 15:30:00,9.77
2020-05-04 15:40:00,9.83
2020-05-04 15:50:00,9.89
2020-05-04 16:00:00,9.87
2020-05-04 16:10:00,9.91
2020-05-04 16:20:00,9.9
2020-05-04 16:30:00,9.74
2020-05-04 16:40:00,9.71
2020-05-04 16:50:00,9.58
2020-05-04 17:00:00,9.25
2020-05-04 17:10:00,8.93
2020-05-04 17:20:00,8.77
2020-05-04 17:30:00,8.75
2020-05-04 17:40:00,8.67
2020-05-04 17:50:00,8.65
2020-05-04 18:00:00,8.65
2020-05-04 18:10:00,8.68
2020-05-04 18:20:00,8.68
2020-05-04 18:30:00,8.65
2020-05-04 18:40:00,8.64
2020-05-04 18:50:00,8.67
2020-05-04 19:00:00,8.58
2020-05-04 19:10:00,8.5
2020-05-04 19:20:00,8.38
2020-05-04 19:30:00,8.24
2020-05-04 19:40:00,8.06
2020-05-04 19:50:00,7.86
2020-05-04 20:00:00,7.72
2020-05-04 20:10:00,7.59
2020-05-04 20:20:00,7.47
2020-05-04 20:30:00,7.56
2020-05-04 20:40:00,7.61
2020-05-04 20:50:00,7.36
2020-05-04 21:00:00,6.96
2020-05-04 21:10:00,6.59
2020-05-04 21:20:00,6.24
2020-05-04 21:30:00,6.04
2020-05-04 21:40:00,5.74
2020-05-04 21:50:00,5.84
2020-05-04 22:00:00,5.9
2020-05-04 22:10:00,6.12
2020-05-04 22:20:00,6.0
2020-05-04 22:30:00,5.63
2020-05-04 22:40:00,5.52
2020-05-04 22:50:00,5.39
2020-05-04 23:00:00,5.19
2020-05-04 23:10:00,4.96
2020-05-04 23:20:00,4.9
2020-05-04 23:30:00,4.85
2020-05-04 23:40:00,4.62
2020-05-04 23:50:00,4.58
2020-05-05 00:00:00,4.54
2020-05-05 00:10:00,4.33
2020-05-05 00:20:00,4.28
2020-05-05 00:30:00,4.03
2020-05-05 00:40:00,3.89
2020-05-05 00:50:00,3.85
2020-05-05 01:00:00,3.65
2020-05-05 01:10:00,3.54
2020-05-05 01:20:00,3.17
2020-05-05 01:30:00,2.89
2020-05-05 01:40:00,2.65
2020-05-05 01:50:00,2.59
2020-05-05 02:00:00,2.35
2020-05-05 02:10:00,1.73
2020-05-05 02:20:00,1.75
2020-05-05 02:30:00,1.68
2020-05-05 02:40:00,1.52
2020-05-05 02:50:00,1.31
2020-05-05 03:00:00,1.13
2020-05-05 03:10:00,1.07
2020-05-05 03:20:00,1.08
2020-05-05 03:30:00,1.53
2020-05-05 03:40:00,1.44
2020-05-05 03:50:00,1.28
2020-05-05 04:00:00,0.99
2020-05-05 04:10:00,0.74
2020-05-05 04:20:00,0.7
2020-05-05 04:30:00,0.84
2020-05-05 04:40:00,0.89
2020-05-05 04:50:00,0.82
2020-05-05 05:00:00,0.82
2020-05-05 05:10:00,0.89
2020-05-05 05:20:00,0.95
2020-05-05 05:30:00,1.0
2020-05-05 05:40:00,1.05
2020-05-05 05:50:00,1.22
2020-05-05 06:00:00,1.41
2020-05-05 06:10:00,1.57
2020-05-05 06:20:00,1.76
2020-05-05 06:30:00,1.68
2020-05-05 06:40:00,2.08
2020-05-05 06:50:00,1.97
2020-05-05 07:00:00,2.18
2020-05-05 07:10:00,2.32
2020-05-05 07:20:00,2.76
2020-05-05 07:30:00,3.17
2020-05-05 07:40:00,3.86
2020-05-05 07:50:00,4.2
2020-05-05 08:00:00,4.62
2020-05-05 08:10:00,5.03
2020-05-05 08:20:00,5.39
2020-05-05 08:30:00,6.05
2020-05-05 08:40:00,6.57
2020-05-05 08:50:00,6.54
2020-05-05 09:00:00,6.57
2020-05-05 09:10:00,6.58
2020-05-05 09:20:00,6.63
2020-05-05 09:30:00,7.09
2020-05-05 09:40:00,7.84
2020-05-05 09:50:00,8.05
2020-05-05 10:00:00,8.03
2020-05-05 10:10:00,8.78
2020-05-05 10:20:00,8.52
2020-05-05 10:30:00,8.86
2020-05-05 10:40:00,9.29
2020-05-05 10:50:00,8.88
2020-05-05 11:00:00,9.43
2020-05-05 11:10:00,9.36
2020-05-05 11:20:00,10.26
2020-05-05 11:30:00,9.7
2020-05-05 11:40:00,9.67
2020-05-05 11:50:00,10.18
2020-05-05 12:00:00,9.9
2020-05-05 12:10:00,9.91
2020-05-05 12:20:00,10.17
2020-05-05 12:30:00,10.31
2020-05-05 12:40:00,10.41
2020-05-05 12:50:00,10.38
2020-05-05 13:00:00,9.88
2020-05-05 13:10:00,10.22
2020-05-05 13:20:00,10.19
2020-05-05 13:30:00,10.67
2020-05-05 13:40:00,10.28
2020-05-05 13:50:00,10.05
2020-05-05 14:00:00,10.29
2020-05-05 14:10:00,10.52
2020-05-05 14:20:00,10.43
2020-05-05 14:30:00,10.75
2020-05-05 14:40:00,11.25
2020-05-05 14:50:00,11.07
2020-05-05 15:00:00,10.81
2020-05-05 15:10:00,10.91
2020-05-05 15:20:00,10.71
2020-05-05 15:30:00,10.55
2020-05-05 15:40:00,10.42
2020-05-05 15:50:00,10.4
2020-05-05 16:00:00,10.79
2020-05-05 16:10:00,10.82
2020-05-05 16:20:00,11.0
2020-05-05 16:30:00,10.99
2020-05-05 16:40:00,11.09
2020-05-05 16:50:00,10.92
2020-05-05 17:00:00,10.98
2020-05-05 17:10:00,11.15
2020-05-05 17:20:00,11.38
2020-05-05 17:30:00,11.27
2020-05-05 17:40:00,11.28
2020-05-05 17:50:00,11.16
2020-05-05 18:00:00,11.19
2020-05-05 18:10:00,11.27
2020-05-05 18:20:00,11.07
2020-05-05 18:30:00,10.72
2020-05-05 18:40:00,10.38
2020-05-05 18:50:00,10.2
2020-05-05 19:00:00,10.09
2020-05-05 19:10:00,9.91
2020-05-05 19:20:00,9.7
2020-05-05 19:30:00,9.45
2020-05-05 19:40:00,9.25
2020-05-05 19:50:00,9.27
2020-05-05 20:00:00,8.83
2020-05-05 20:10:00,8.39
2020-05-05 20:20:00,8.13
2020-05-05 20:30:00,7.85
2020-05-05 20:40:00,7.63
2020-05-05 20:50:00,7.37
2020-05-05 21:00:00,7.1
2020-05-05 21:10:00,7.02
2020-05-05 21:20:00,7.09
2020-05-05 21:30:00,7.11
2020-05-05 21:40:00,7.0
2020-05-05 21:50:00,6.84
2020-05-05 22:00:00,6.25
2020-05-05 22:10:00,6.0
2020-05-05 22:20:00,5.84
2020-05-05 22:30:00,6.39
2020-05-05 22:40:00,5.83
2020-05-05 22:50:00,4.92
2020-05-05 23:00:00,4.86
2020-05-05 23:10:00,4.86
2020-05-05 23:20:00,4.83
2020-05-05 23:30:00,4.58
2020-05-05 23:40:00,4.3
2020-05-05 23:50:00,4.22
2020-05-06 00:00:00,3.91
2020-05-06 00:10:00,3.46
2020-05-06 00:20:00,3.29
2020-05-06 00:30:00,2.97
2020-05-06 00:40:00,2.87
2020-05-06 00:50:00,2.87
2020-05-06 01:00:00,3.01
2020-05-06 01:10:00,3.05
2020-05-06 01:20:00,3.07
2020-05-06 01:30:00,2.87
2020-05-06 01:40:00,2.65
2020-05-06 01:50:00,2.55
2020-05-06 02:00:00,2.43
2020-05-06 02:10:00,2.08
2020-05-06 02:20:00,1.61
2020-05-06 02:30:00,1.16
2020-05-06 02:40:00,1.17
2020-05-06 02:50:00,1.43
2020-05-06 03:00:00,1.29
2020-05-06 03:10:00,1.21
2020-05-06 03:20:00,0.96
2020-05-06 03:30:00,0.84
2020-05-06 03:40:00,0.7
2020-05-06 03:50:00,0.35
2020-05-06 04:00:00,0.32
2020-05-06 04:10:00,0.25
2020-05-06 04:20:00,0.32
2020-05-06 04:30:00,0.34
2020-05-06 04:40:00,0.24
2020-05-06 04:50:00,0.02
2020-05-06 05:00:00,-0.18
2020-05-06 05:10:00,-0.34
2020-05-06 05:20:00,0.0
2020-05-06 05:30:00,0.58
2020-05-06 05:40:00,1.39
2020-05-06 05:50:00,1.99
2020-05-06 06:00:00,2.17
2020-05-06 06:10:00,2.64
2020-05-06 06:20:00,2.61
2020-05-06 06:30:00,3.16
2020-05-06 06:40:00,3.67
2020-05-06 06:50:00,4.07
2020-05-06 07:00:00,4.41
2020-05-06 07:10:00,4.93
2020-05-06 07:20:00,5.05
2020-05-06 07:30:00,5.47
2020-05-06 07:40:00,6.02
2020-05-06 07:50:00,6.89
2020-05-06 08:00:00,7.54
2020-05-06 08:10:00,8.45
2020-05-06 08:20:00,9.16
2020-05-06 08:30:00,9.09
2020-05-06 08:40:00,9.16
2020-05-06 08:50:00,9.22
2020-05-06 09:00:00,9.67
2020-05-06 09:10:00,9.83
2020-05-06 09:20:00,10.49
2020-05-06 09:30:00,10.54
2020-05-06 09:40:00,10.71
2020-05-06 09:50:00,10.72
2020-05-06 10:00:00,11.04
2020-05-06 10:10:00,10.82
2020-05-06 10:20:00,11.13
2020-05-06 10:30:00,11.14
2020-05-06 10:40:00,11.4
2020-05-06 10:50:00,11.43
2020-05-06 11:00:00,11.54
2020-05-06 11:10:00,11.71
2020-05-06 11:20:00,11.81
2020-05-06 11:30:00,12.17
2020-05-06 11:40:00,11.99
2020-05-06 11:50:00,12.05
2020-05-06 12:00:00,12.33
2020-05-06 12:10:00,12.13
2020-05-06 12:20:00,12.37
2020-05-06 12:30:00,12.7
2020-05-06 12:40:00,12.9
2020-05-06 12:50:00,12.47
2020-05-06 13:00:00,12.88
2020-05-06 13:10:00,12.75
2020-05-06 13:20:00,12.93
2020-05-06 13:30:00,12.8
2020-05-06 13:40:00,12.97
2020-05-06 13:50:00,12.88
2020-05-06 14:00:00,12.91
2020-05-06 14:10:00,13.19
2020-05-06 14:20:00,13.82
2020-05-06 14:30:00,14.36
2020-05-06 14:40:00,14.29
2020-05-06 14:50:00,14.09
2020-05-06 15:00:00,13.99
2020-05-06 15:10:00,14.19
2020-05-06 15:20:00,14.43
2020-05-06 15:30:00,14.59
2020-05-06 15:40:00,14.14
2020-05-06 15:50:00,14.05
2020-05-06 16:00:00,14.58
2020-05-06 16:10:00,14.17
2020-05-06 16:20:00,14.07
2020-05-06 16:30:00,14.47
2020-05-06 16:40:00,14.76
2020-05-06 16:50:00,14.8
2020-05-06 17:00:00,15.13
2020-05-06 17:10:00,15.37
2020-05-06 17:20:00,15.52
2020-05-06 17:30:00,15.72
2020-05-06 17:40:00,15.74
2020-05-06 17:50:00,15.96
2020-05-06 18:00:00,15.61
2020-05-06 18:10:00,15.52
2020-05-06 18:20:00,15.03
2020-05-06 18:30:00,14.16
2020-05-06 18:40:00,13.74
2020-05-06 18:50:00,13.61
2020-05-06 19:00:00,13.56
2020-05-06 19:10:00,13.45
2020-05-06 19:20:00,13.3
2020-05-06 19:30:00,13.09
2020-05-06 19:40:00,12.87
2020-05-06 19:50:00,12.74
2020-05-06 20:00:00,12.55
2020-05-06 20:10:00,12.24
2020-05-06 20:20:00,12.06
2020-05-06 20:30:00,11.83
2020-05-06 20:40:00,11.72
2020-05-06 20:50:00,11.61
2020-05-06 21:00:00,11.32
2020-05-06 21:10:00,11.26
2020-05-06 21:20:00,11.23
2020-05-06 21:30:00,11.18
2020-05-06 21:40:00,11.1
2020-05-06 21:50:00,10.95
2020-05-06 22:00:00,10.83
2020-05-06 22:10:00,10.75
2020-05-06 22:20:00,10.63
2020-05-06 22:30:00,10.59
2020-05-06 22:40:00,10.29
2020-05-06 22:50:00,9.57
2020-05-06 23:00:00,8.73
2020-05-06 23:10:00,8.42
2020-05-06 23:20:00,8.44
2020-05-06 23:30:00,7.89
2020-05-06 23:40:00,7.13
2020-05-06 23:50:00,7.05
2020-05-07 00:00:00,7.04
2020-05-07 00:10:00,7.0
2020-05-07 00:20:00,6.95
2020-05-07 00:30:00,6.73
2020-05-07 00:40:00,6.51
2020-05-07 00:50:00,6.56
2020-05-07 01:00:00,6.52
2020-05-07 01:10:00,6.41
2020-05-07 01:20:00,6.16
2020-05-07 01:30:00,5.99
2020-05-07 01:40:00,5.68
2020-05-07 01:50:00,5.13
2020-05-07 02:00:00,4.96
2020-05-07 02:10:00,4.62
2020-05-07 02:20:00,4.41
2020-05-07 02:30:00,4.42
2020-05-07 02:40:00,4.4
2020-05-07 02:50:00,4.48
2020-05-07 03:00:00,4.58
2020-05-07 03:10:00,4.35
2020-05-07 03:20:00,3.74
2020-05-07 03:30:00,3.53
2020-05-07 03:40:00,3.4
2020-05-07 03:50:00,3.15
2020-05-07 04:00:00,2.85
2020-05-07 04:10:00,2.68
2020-05-07 04:20:00,2.7
2020-05-07 04:30:00,2.81
2020-05-07 04:40:00,2.72
2020-05-07 04:50:00,2.62
2020-05-07 05:00:00,2.84
2020-05-07 05:10:00,3.37
2020-05-07 05:20:00,3.96
2020-05-07 05:30:00,4.49
2020-05-07 05:40:00,4.63
2020-05-07 05:50:00,4.84
2020-05-07 06:00:00,5.04
2020-05-07 06:10:00,5.26
2020-05-07 06:20:00,5.3
2020-05-07 06:30:00,5.66
2020-05-07 06:40:00,6.34
2020-05-07 06:50:00,6.36
2020-05-07 07:00:00,6.9
2020-05-07 07:10:00,7.28
2020-05-07 07:20:00,7.68
2020-05-07 07:30:00,8.39
2020-05-07 07:40:00,9.14
2020-05-07 07:50:00,9.96
2020-05-07 08:00:00,10.68
2020-05-07 08:10:00,11.07
2020-05-07 08:20:00,11.11
2020-05-07 08:30:00,11.45
2020-05-07 08:40:00,11.64
2020-05-07 08:50:00,12.32
2020-05-07 09:00:00,12.7
2020-05-07 09:10:00,12.75
2020-05-07 09:20:00,13.24
2020-05-07 09:30:00,13.7
2020-05-07 09:40:00,13.96
2020-05-07 09:50:00,14.27
2020-05-07 10:00:00,14.3
2020-05-07 10:10:00,14.47
2020-05-07 10:20:00,14.75
2020-05-07 10:30:00,15.2
2020-05-07 10:40:00,15.3
2020-05-07 10:50:00,15.43
2020-05-07 11:00:00,15.3
2020-05-07 11:10:00,16.14
2020-05-07 11:20:00,16.05
2020-05-07 11:30:00,15.95
2020-05-07 11:40:00,16.23
2020-05-07 11:50:00,16.4
2020-05-07 12:00:00,16.75
2020-05-07 12:10:00,16.86
2020-05-07 12:20:00,17.16
2020-05-07 12:30:00,17.57
2020-05-07 12:40:00,17.57
2020-05-07 12:50:00,17.54
2020-05-07 13:00:00,17.84
2020-05-07 13:10:00,17.86
2020-05-07 13:20:00,18.1
2020-05-07 13:30:00,18.44
2020-05-07 13:40:00,18.47
2020-05-07 13:50:00,18.5
2020-05-07 14:00:00,18.55
2020-05-07 14:10:00,18.88
2020-05-07 14:20:00,19.0
2020-05-07 14:30:00,19.09
2020-05-07 14:40:00,19.22
2020-05-07 14:50:00,19.21
2020-05-07 15:00:00,19.32
2020-05-07 15:10:00,19.33
2020-05-07 15:20:00,19.49
2020-05-07 15:30:00,19.57
2020-05-07 15:40:00,19.47
2020-05-07 15:50:00,19.2
2020-05-07 16:00:00,19.45
2020-05-07 16:10:00,19.81
2020-05-07 16:20:00,19.66
2020-05-07 16:30:00,19.67
2020-05-07 16:40:00,19.43
2020-05-07 16:50:00,19.5
2020-05-07 17:00:00,19.69
2020-05-07 17:10:00,20.17
2020-05-07 17:20:00,20.15
2020-05-07 17:30:00,19.98
2020-05-07 17:40:00,19.69
2020-05-07 17:50:00,19.71
2020-05-07 18:00:00,19.68
2020-05-07 18:10:00,19.84
2020-05-07 18:20:00,20.15
2020-05-07 18:30:00,19.27
2020-05-07 18:40:00,18.32
2020-05-07 18:50:00,18.0
2020-05-07 19:00:00,17.74
2020-05-07 19:10:00,17.47
2020-05-07 19:20:00,17.29
2020-05-07 19:30:00,17.06
2020-05-07 19:40:00,16.89
2020-05-07 19:50:00,16.19
2020-05-07 20:00:00,15.56
2020-05-07 20:10:00,15.27
2020-05-07 20:20:00,15.07
2020-05-07 20:30:00,14.9
2020-05-07 20:40:00,14.7
2020-05-07 20:50:00,14.63
2020-05-07 21:00:00,14.13
2020-05-07 21:10:00,13.98
2020-05-07 21:20:00,13.92
2020-05-07 21:30:00,13.32
2020-05-07 21:40:00,12.64
2020-05-07 21:50:00,12.37
2020-05-07 22:00:00,12.21
2020-05-07 22:10:00,12.01
2020-05-07 22:20:00,11.63
2020-05-07 22:30:00,11.31
2020-05-07 22:40:00,11.12
2020-05-07 22:50:00,10.88
2020-05-07 23:00:00,10.61
2020-05-07 23:10:00,10.43
2020-05-07 23:20:00,9.99
2020-05-07 23:30:00,9.66
2020-05-07 23:40:00,9.05
2020-05-07 23:50:00,8.93
2020-05-08 00:00:00,9.01
2020-05-08 00:10:00,9.07
2020-05-08 00:20:00,8.66
2020-05-08 00:30:00,8.27
2020-05-08 00:40:00,7.95
2020-05-08 00:50:00,7.78
2020-05-08 01:00:00,7.75
2020-05-08 01:10:00,7.66
2020-05-08 01:20:00,7.41
2020-05-08 01:30:00,7.23
2020-05-08 01:40:00,7.03
2020-05-08 01:50:00,6.8
2020-05-08 02:00:00,6.67
2020-05-08 02:10:00,6.74
2020-05-08 02:20:00,6.76
2020-05-08 02:30:00,6.67
2020-05-08 02:40:00,6.56
2020-05-08 02:50:00,6.48
2020-05-08 03:00:00,6.26
2020-05-08 03:10:00,6.17
2020-05-08 03:20:00,6.05
2020-05-08 03:30:00,5.71
2020-05-08 03:40:00,5.58
2020-05-08 03:50:00,5.42
2020-05-08 04:00:00,5.47
2020-05-08 04:10:00,5.5
2020-05-08 04:20:00,5.42
2020-05-08 04:30:00,5.36
2020-05-08 04:40:00,5.44
2020-05-08 04:50:00,5.57
2020-05-08 05:00:00,5.52
2020-05-08 05:10:00,5.46
2020-05-08 05:20:00,5.43
2020-05-08 05:30:00,5.6
2020-05-08 05:40:00,5.62
2020-05-08 05:50:00,5.85
2020-05-08 06:00:00,6.29
2020-05-08 06:10:00,6.63
2020-05-08 06:20:00,7.36
2020-05-08 06:30:00,7.59
2020-05-08 06:40:00,8.05
2020-05-08 06:50:00,8.74
2020-05-08 07:00:00,8.86
2020-05-08 07:10:00,9.45
2020-05-08 07:20:00,9.81
2020-05-08 07:30:00,10.3
2020-05-08 07:40:00,10.73
2020-05-08 07:50:00,11.57
2020-05-08 08:00:00,12.36
2020-05-08 08:10:00,12.47
2020-05-08 08:20:00,12.53
2020-05-08 08:30:00,12.87
2020-05-08 08:40:00,13.29
2020-05-08 08:50:00,13.83
2020-05-08 09:00:00,14.3
2020-05-08 09:10:00,14.84
2020-05-08 09:20:00,15.34
2020-05-08 09:30:00,16.05
2020-05-08 09:40:00,16.37
2020-05-08 09:50:00,16.99
2020-05-08 10:00:00,17.64
2020-05-08 10:10:00,18.55
2020-05-08 10:20:00,18.53
2020-05-08 10:30:00,18.74
2020-05-08 10:40:00,19.0
2020-05-08 10:50:00,19.49
2020-05-08 11:00:00,19.56
2020-05-08 11:10:00,19.45
2020-05-08 11:20:00,19.36
2020-05-08 11:30:00,19.31
2020-05-08 11:40:00,19.36
2020-05-08 11:50:00,19.5
2020-05-08 12:00:00,19.66
2020-05-08 12:10:00,19.66
2020-05-08 12:20:00,20.2
2020-05-08 12:30:00,20.25
2020-05-08 12:40:00,20.76
2020-05-08 12:50:00,20.63
2020-05-08 13:00:00,20.42
2020-05-08 13:10:00,20.54
2020-05-08 13:20:00,20.54
2020-05-08 13:30:00,20.71
2020-05-08 13:40:00,20.87
2020-05-08 13:50:00,20.92
2020-05-08 14:00:00,21.2
2020-05-08 14:10:00,21.33
2020-05-08 14:20:00,21.51
2020-05-08 14:30:00,21.6
2020-05-08 14:40:00,21.42
2020-05-08 14:50:00,21.49
2020-05-08 15:00:00,21.58
2020-05-08 15:10:00,21.46
2020-05-08 15:20:00,21.43
2020-05-08 15:30:00,21.51
2020-05-08 15:40:00,21.25
2020-05-08 15:50:00,21.14
2020-05-08 16:00:00,21.24
2020-05-08 16:10:00,21.52
2020-05-08 16:20:00,21.41
2020-05-08 16:30:00,21.18
2020-05-08 16:40:00,21.35
2020-05-08 16:50:00,21.55
2020-05-08 17:00:00,21.68
2020-05-08 17:10:00,21.57
2020-05-08 17:20:00,21.28
2020-05-08 17:30:00,21.0
2020-05-08 17:40:00,21.03
2020-05-08 17:50:00,21.11
2020-05-08 18:00:00,20.95
2020-05-08 18:10:00,20.68
2020-05-08 18:20:00,20.53
2020-05-08 18:30:00,20.28
2020-05-08 18:40:00,20.05
2020-05-08 18:50:00,19.88
2020-05-08 19:00:00,19.69
2020-05-08 19:10:00,19.46
2020-05-08 19:20:00,19.3
2020-05-08 19:30:00,19.09
2020-05-08 19:40:00,18.76
2020-05-08 19:50:00,18.47
2020-05-08 20:00:00,18.24
2020-05-08 20:10:00,17.94
2020-05-08 20:20:00,17.67
2020-05-08 20:30:00,17.42
2020-05-08 20:40:00,17.18
2020-05-08 20:50:00,16.96
2020-05-08 21:00:00,16.76
2020-05-08 21:10:00,16.61
2020-05-08 21:20:00,16.55
2020-05-08 21:30:00,16.45
2020-05-08 21:40:00,16.31
2020-05-08 21:50:00,16.06
2020-05-08 22:00:00,15.89
2020-05-08 22:10:00,15.8
2020-05-08 22:20:00,15.65
2020-05-08 22:30:00,15.53
2020-05-08 22:40:00,15.44
2020-05-08 22:50:00,14.82
2020-05-08 23:00:00,13.72
2020-05-08 23:10:00,13.85
2020-05-08 23:20:00,13.85
2020-05-08 23:30:00,13.36
2020-05-08 23:40:00,13.19
2020-05-08 23:50:00,13.03
2020-05-09 00:00:00,12.76
2020-05-09 00:10:00,12.95
2020-05-09 00:20:00,12.51
2020-05-09 00:30:00,12.25
2020-05-09 00:40:00,12.06
2020-05-09 00:50:00,11.53
2020-05-09 01:00:00,11.16
2020-05-09 01:10:00,11.07
2020-05-09 01:20:00,11.3
2020-05-09 01:30:00,10.94
2020-05-09 01:40:00,10.38
2020-05-09 01:50:00,10.21
2020-05-09 02:00:00,10.0
2020-05-09 02:10:00,9.92
2020-05-09 02:20:00,9.92
2020-05-09 02:30:00,9.75
2020-05-09 02:40:00,9.38
2020-05-09 02:50:00,9.08
2020-05-09 03:00:00,8.89
2020-05-09 03:10:00,8.76
2020-05-09 03:20:00,8.53
2020-05-09 03:30:00,8.42
2020-05-09 03:40:00,8.39
2020-05-09 03:50:00,8.37
2020-05-09 04:00:00,8.21
2020-05-09 04:10:00,8.12
2020-05-09 04:20:00,8.06
2020-05-09 04:30:00,7.7
2020-05-09 04:40:00,7.14
2020-05-09 04:50:00,6.7
2020-05-09 05:00:00,6.75
2020-05-09 05:10:00,6.81
2020-05-09 05:20:00,7.04
2020-05-09 05:30:00,7.14
2020-05-09 05:40:00,7.68
2020-05-09 05:50:00,8.15
2020-05-09 06:00:00,7.82
2020-05-09 06:10:00,7.97
2020-05-09 06:20:00,8.1
2020-05-09 06:30:00,8.34
2020-05-09 06:40:00,9.0
2020-05-09 06:50:00,9.54
2020-05-09 07:00:00,10.12
2020-05-09 07:10:00,10.34
2020-05-09 07:20:00,9.95
2020-05-09 07:30:00,9.85
2020-05-09 07:40:00,9.66
2020-05-09 07:50:00,9.57
2020-05-09 08:00:00,10.15
2020-05-09 08:10:00,11.15
2020-05-09 08:20:00,11.99
2020-05-09 08:30:00,12.09
2020-05-09 08:40:00,12.49
2020-05-09 08:50:00,12.93
2020-05-09 09:00:00,13.58
2020-05-09 09:10:00,13.62
2020-05-09 09:20:00,14.01
2020-05-09 09:30:00,14.66
2020-05-09 09:40:00,15.06
2020-05-09 09:50:00,15.32
2020-05-09 10:00:00,15.64
2020-05-09 10:10:00,15.9
2020-05-09 10:20:00,16.03
2020-05-09 10:30:00,16.45
2020-05-09 10:40:00,16.69
2020-05-09 10:50:00,17.12
2020-05-09 11:00:00,17.4
2020-05-09 11:10:00,17.59
2020-05-09 11:20:00,17.92
2020-05-09 11:30:00,18.28
2020-05-09 11:40:00,18.46
2020-05-09 11:50:00,18.72
2020-05-09 12:00:00,19.16
2020-05-09 12:10:00,19.35
2020-05-09 12:20:00,19.53
2020-05-09 12:30:00,19.74
2020-05-09 12:40:00,20.11
2020-05-09 12:50:00,20.64
2020-05-09 13:00:00,20.62
2020-05-09 13:10:00,20.97
2020-05-09 13:20:00,21.06
2020-05-09 13:30:00,20.93
2020-05-09 13:40:00,20.62
2020-05-09 13:50:00,20.42
2020-05-09 14:00:00,20.5
2020-05-09 14:10:00,20.27
2020-05-09 14:20:00,20.32
2020-05-09 14:30:00,20.26
2020-05-09 14:40:00,20.49
2020-05-09 14:50:00,20.5
2020-05-09 15:00:00,20.62
2020-05-09 15:10:00,20.86
2020-05-09 15:20:00,20.85
2020-05-09 15:30:00,21.13
2020-05-09 15:40:00,21.48
2020-05-09 15:50:00,21.58
2020-05-09 16:00:00,21.58
2020-05-09 16:10:00,21.26
2020-05-09 16:20:00,21.3
2020-05-09 16:30:00,21.59
2020-05-09 16:40:00,21.35
2020-05-09 16:50:00,20.72
2020-05-09 17:00:00,20.57
2020-05-09 17:10:00,20.68
2020-05-09 17:20:00,20.69
2020-05-09 17:30:00,20.53
2020-05-09 17:40:00,20.5
2020-05-09 17:50:00,20.49
2020-05-09 18:00:00,20.27
2020-05-09 18:10:00,20.22
2020-05-09 18:20:00,20.3
2020-05-09 18:30:00,20.3
2020-05-09 18:40:00,20.19
2020-05-09 18:50:00,20.07
2020-05-09 19:00:00,19.96
2020-05-09 19:10:00,19.83
2020-05-09 19:20:00,19.67
2020-05-09 19:30:00,19.51
2020-05-09 19:40:00,19.37
2020-05-09 19:50:00,19.13
2020-05-09 20:00:00,18.86
2020-05-09 20:10:00,18.63
2020-05-09 20:20:00,18.54
2020-05-09 20:30:00,18.29
2020-05-09 20:40:00,18.16
2020-05-09 20:50:00,17.9
2020-05-09 21:00:00,17.18
2020-05-09 21:10:00,16.95
2020-05-09 21:20:00,16.82
2020-05-09 21:30:00,16.67
2020-05-09 21:40:00,16.4
2020-05-09 21:50:00,16.07
2020-05-09 22:00:00,15.78
2020-05-09 22:10:00,15.74
2020-05-09 22:20:00,15.6
2020-05-09 22:30:00,14.93
2020-05-09 22:40:00,14.48
2020-05-09 22:50:00,14.24
2020-05-09 23:00:00,14.13
2020-05-09 23:10:00,13.89
2020-05-09 23:20:00,13.93
2020-05-09 23:30:00,13.68
2020-05-09 23:40:00,13.24
2020-05-09 23:50:00,12.68
2020-05-10 00:00:00,12.11
2020-05-10 00:10:00,12.02
2020-05-10 00:20:00,11.92
2020-05-10 00:30:00,11.97
2020-05-10 00:40:00,12.2
2020-05-10 00:50:00,12.16
2020-05-10 01:00:00,12.1
2020-05-10 01:10:00,11.9
2020-05-10 01:20:00,11.62
2020-05-10 01:30:00,11.18
2020-05-10 01:40:00,10.93
2020-05-10 01:50:00,10.87
2020-05-10 02:00:00,10.9
2020-05-10 02:10:00,10.92
2020-05-10 02:20:00,10.92
2020-05-10 02:30:00,10.84
2020-05-10 02:40:00,10.21
2020-05-10 02:50:00,10.15
2020-05-10 03:00:00,10.1
2020-05-10 03:10:00,10.04
2020-05-10 03:20:00,9.95
2020-05-10 03:30:00,9.89
2020-05-10 03:40:00,9.79
2020-05-10 03:50:00,9.58
2020-05-10 04:00:00,9.36
2020-05-10 04:10:00,8.97
2020-05-10 04:20:00,8.83
2020-05-10 04:30:00,9.02
2020-05-10 04:40:00,9.15
2020-05-10 04:50:00,9.31
2020-05-10 05:00:00,9.38
2020-05-10 05:10:00,9.45
2020-05-10 05:20:00,9.29
2020-05-10 05:30:00,9.19
2020-05-10 05:40:00,9.09
2020-05-10 05:50:00,8.95
2020-05-10 06:00:00,8.94
2020-05-10 06:10:00,9.1
2020-05-10 06:20:00,9.57
2020-05-10 06:30:00,10.07
2020-05-10 06:40:00,10.32
2020-05-10 06:50:00,10.23
2020-05-10 07:00:00,10.22
2020-05-10 07:10:00,10.28
2020-05-10 07:20:00,10.72
2020-05-10 07:30:00,10.99
2020-05-10 07:40:00,11.36
2020-05-10 07:50:00,11.88
2020-05-10 08:00:00,12.3
2020-05-10 08:10:00,12.69
2020-05-10 08:20:00,13.27
2020-05-10 08:30:00,13.76
2020-05-10 08:40:00,14.51
2020-05-10 08:50:00,15.24
2020-05-10 09:00:00,15.33
2020-05-10 09:10:00,15.68
2020-05-10 09:20:00,15.99
2020-05-10 09:30:00,16.53
2020-05-10 09:40:00,16.85
2020-05-10 09:50:00,17.3
2020-05-10 10:00:00,17.58
2020-05-10 10:10:00,17.7
2020-05-10 10:20:00,17.98
2020-05-10 10:30:00,18.43
2020-05-10 10:40:00,18.44
2020-05-10 10:50:00,18.44
2020-05-10 11:00:00,19.0
2020-05-10 11:10:00,19.79
2020-05-10 11:20:00,20.6
2020-05-10 11:30:00,21.06
2020-05-10 11:40:00,20.89
2020-05-10 11:50:00,21.19
2020-05-10 12:00:00,21.64
2020-05-10 12:10:00,22.06
2020-05-10 12:20:00,22.44
2020-05-10 12:30:00,22.15
2020-05-10 12:40:00,22.34
2020-05-10 12:50:00,22.39
2020-05-10 13:00:00,22.37
2020-05-10 13:10:00,22.37
2020-05-10 13:20:00,22.43
2020-05-10 13:30:00,22.25
2020-05-10 13:40:00,22.0
2020-05-10 13:50:00,21.95
2020-05-10 14:00:00,22.32
2020-05-10 14:10:00,22.36
2020-05-10 14:20:00,21.94
2020-05-10 14:30:00,22.05
2020-05-10 14:40:00,22.33
2020-05-10 14:50:00,22.33
2020-05-10 15:00:00,22.71
2020-05-10 15:10:00,22.4
2020-05-10 15:20:00,22.32
2020-05-10 15:30:00,21.04
2020-05-10 15:40:00,18.7
2020-05-10 15:50:00,18.42
2020-05-10 16:00:00,18.7
2020-05-10 16:10:00,18.5
2020-05-10 16:20:00,17.19
2020-05-10 16:30:00,17.0
2020-05-10 16:40:00,17.3
2020-05-10 16:50:00,17.51
2020-05-10 17:00:00,17.76
2020-05-10 17:10:00,18.37
2020-05-10 17:20:00,18.56
2020-05-10 17:30:00,18.57
2020-05-10 17:40:00,18.36
2020-05-10 17:50:00,18.34
2020-05-10 18:00:00,18.27
2020-05-10 18:10:00,18.23
2020-05-10 18:20:00,18.02
2020-05-10 18:30:00,18.01
2020-05-10 18:40:00,17.75
2020-05-10 18:50:00,17.73
2020-05-10 19:00:00,17.66
2020-05-10 19:10:00,17.44
2020-05-10 19:20:00,17.26
2020-05-10 19:30:00,17.08
2020-05-10 19:40:00,16.77
2020-05-10 19:50:00,16.63
2020-05-10 20:00:00,16.73
2020-05-10 20:10:00,16.55
2020-05-10 20:20:00,16.38
2020-05-10 20:30:00,16.28
2020-05-10 20:40:00,15.98
2020-05-10 20:50:00,16.07
2020-05-10 21:00:00,15.77
2020-05-10 21:10:00,15.79
2020-05-10 21:20:00,16.36
2020-05-10 21:30:00,15.66
2020-05-10 21:40:00,15.39
2020-05-10 21:50:00,15.47
2020-05-10 22:00:00,15.43
2020-05-10 22:10:00,15.47
2020-05-10 22:20:00,15.33
2020-05-10 22:30:00,14.94
2020-05-10 22:40:00,14.87
2020-05-10 22:50:00,14.85
2020-05-10 23:00:00,14.8
2020-05-10 23:10:00,14.75
2020-05-10 23:20:00,14.85
2020-05-10 23:30:00,14.79
2020-05-10 23:40:00,14.66
2020-05-10 23:50:00,14.59
2020-05-11 00:00:00,14.51
2020-05-11 00:10:00,14.42
2020-05-11 00:20:00,14.38
2020-05-11 00:30:00,14.28
2020-05-11 00:40:00,14.27
2020-05-11 00:50:00,14.31
2020-05-11 01:00:00,14.35
2020-05-11 01:10:00,14.25
2020-05-11 01:20:00,13.99
2020-05-11 01:30:00,13.89
2020-05-11 01:40:00,13.88
2020-05-11 01:50:00,13.99
2020-05-11 02:00:00,14.09
2020-05-11 02:10:00,14.08
2020-05-11 02:20:00,13.99
2020-05-11 02:30:00,13.8
2020-05-11 02:40:00,13.69
2020-05-11 02:50:00,13.65
2020-05-11 03:00:00,13.39
2020-05-11 03:10:00,12.96
2020-05-11 03:20:00,12.3
2020-05-11 03:30:00,11.75
2020-05-11 03:40:00,11.31
2020-05-11 03:50:00,10.92
2020-05-11 04:00:00,10.53
2020-05-11 04:10:00,10.07
2020-05-11 04:20:00,9.55
2020-05-11 04:30:00,9.31
2020-05-11 04:40:00,9.15
2020-05-11 04:50:00,9.03
2020-05-11 05:00:00,8.95
2020-05-11 05:10:00,8.86
2020-05-11 05:20:00,8.66
2020-05-11 05:30:00,8.36
2020-05-11 05:40:00,8.07
2020-05-11 05:50:00,7.83
2020-05-11 06:00:00,7.77
2020-05-11 06:10:00,7.71
2020-05-11 06:20:00,7.67
2020-05-11 06:30:00,7.6
2020-05-11 06:40:00,7.55
2020-05-11 06:50:00,7.12
2020-05-11 07:00:00,6.7
2020-05-11 07:10:00,6.34
2020-05-11 07:20:00,6.14
2020-05-11 07:30:00,6.08
2020-05-11 07:40:00,5.89
2020-05-11 07:50:00,5.41
2020-05-11 08:00:00,4.99
2020-05-11 08:10:00,4.6
2020-05-11 08:20:00,4.4
2020-05-11 08:30:00,4.28
2020-05-11 08:40:00,4.21
2020-05-11 08:50:00,4.19
2020-05-11 09:00:00,4.16
2020-05-11 09:10:00,4.23
2020-05-11 09:20:00,4.3
2020-05-11 09:30:00,4.27
2020-05-11 09:40:00,4.27
2020-05-11 09:50:00,4.27
2020-05-11 10:00:00,4.23
2020-05-11 10:10:00,4.2
2020-05-11 10:20:00,4.23
2020-05-11 10:30:00,4.32
2020-05-11 10:40:00,4.34
2020-05-11 10:50:00,4.4
2020-05-11 11:00:00,4.41
2020-05-11 11:10:00,4.47
2020-05-11 11:20:00,4.53
2020-05-11 11:30:00,4.58
2020-05-11 11:40:00,4.53
2020-05-11 11:50:00,4.47
2020-05-11 12:00:00,4.47
2020-05-11 12:10:00,4.25
2020-05-11 12:20:00,3.96
2020-05-11 12:30:00,4.0
2020-05-11 12:40:00,3.96
2020-05-11 12:50:00,3.69
2020-05-11 13:00:00,3.46
2020-05-11 13:10:00,3.1
2020-05-11 13:20:00,2.85
2020-05-11 13:30:00,2.84
2020-05-11 13:40:00,2.8
2020-05-11 13:50:00,2.72
2020-05-11 14:00:00,2.74
2020-05-11 14:10:00,2.99
2020-05-11 14:20:00,3.22
2020-05-11 14:30:00,3.24
2020-05-11 14:40:00,3.36
2020-05-11 14:50:00,3.38
2020-05-11 15:00:00,3.27
2020-05-11 15:10:00,3.24
2020-05-11 15:20:00,3.25
2020-05-11 15:30:00,3.14
2020-05-11 15:40:00,3.14
2020-05-11 15:50:00,3.14
2020-05-11 16:00:00,3.18
2020-05-11 16:10:00,3.21
2020-05-11 16:20:00,3.27
2020-05-11 16:30:00,3.28
2020-05-11 16:40:00,3.18
2020-05-11 16:50:00,3.3
2020-05-11 17:00:00,3.43
2020-05-11 17:10:00,3.49
2020-05-11 17:20:00,3.54
2020-05-11 17:30:00,3.53
2020-05-11 17:40:00,3.35
2020-05-11 17:50:00,3.17
2020-05-11 18:00:00,3.25
2020-05-11 18:10:00,3.36
2020-05-11 18:20:00,3.49
2020-05-11 18:30:00,3.58
2020-05-11 18:40:00,3.7
2020-05-11 18:50:00,3.75
2020-05-11 19:00:00,3.83
2020-05-11 19:10:00,4.02
2020-05-11 19:20:00,4.22
2020-05-11 19:30:00,4.3
2020-05-11 19:40:00,4.28
2020-05-11 19:50:00,4.14
2020-05-11 20:00:00,3.93
2020-05-11 20:10:00,3.81
2020-05-11 20:20:00,3.53
2020-05-11 20:30:00,3.09
2020-05-11 20:40:00,3.06
2020-05-11 20:50:00,2.81
2020-05-11 21:00:00,2.43
2020-05-11 21:10:00,2.34
2020-05-11 21:20:00,2.42
2020-05-11 21:30:00,2.41
2020-05-11 21:40:00,2.26
2020-05-11 21:50:00,2.09
2020-05-11 22:00:00,2.01
2020-05-11 22:10:00,1.79
2020-05-11 22:20:00,1.7
2020-05-11 22:30:00,1.71
2020-05-11 22:40:00,1.68
2020-05-11 22:50:00,1.68
2020-05-11 23:00:00,1.63
2020-05-11 23:10:00,1.69
2020-05-11 23:20:00,1.83
2020-05-11 23:30:00,1.89
2020-05-11 23:40:00,1.77
2020-05-11 23:50:00,1.51
2020-05-12 00:00:00,1.43
2020-05-12 00:10:00,1.66
2020-05-12 00:20:00,1.86
2020-05-12 00:30:00,1.54
2020-05-12 00:40:00,1.61
2020-05-12 00:50:00,1.58
2020-05-12 01:00:00,1.25
2020-05-12 01:10:00,1.01
2020-05-12 01:20:00,0.51
2020-05-12 01:30:00,0.29
2020-05-12 01:40:00,0.43
2020-05-12 01:50:00,0.42
2020-05-12 02:00:00,0.29
2020-05-12 02:10:00,-0.09
2020-05-12 02:20:00,-0.45
2020-05-12 02:30:00,-0.58
2020-05-12 02:40:00,-0.66
2020-05-12 02:50:00,-0.5
2020-05-12 03:00:00,-0.54
2020-05-12 03:10:00,-0.85
2020-05-12 03:20:00,-1.18
2020-05-12 03:30:00,-1.52
2020-05-12 03:40:00,-1.66
2020-05-12 03:50:00,-1.62
2020-05-12 04:00:00,-1.66
2020-05-12 04:10:00,-1.8
2020-05-12 04:20:00,-1.92
2020-05-12 04:30:00,-1.96
2020-05-12 04:40:00,-2.0
2020-05-12 04:50:00,-2.0
2020-05-12 05:00:00,-2.06
2020-05-12 05:10:00,-1.98
2020-05-12 05:20:00,-2.02
2020-05-12 05:30:00,-2.04
2020-05-12 05:40:00,-1.81
2020-05-12 05:50:00,-1.53
2020-05-12 06:00:00,-1.57
2020-05-12 06:00:00,-1.57
2020-05-12 06:10:00,-1.46
2020-05-12 06:20:00,-1.24
2020-05-12 06:30:00,-0.9
2020-05-12 06:40:00,-0.44
2020-05-12 06:50:00,0.32
2020-05-12 07:00:00,0.93
2020-05-12 07:10:00,1.44
2020-05-12 07:20:00,2.06
2020-05-12 07:30:00,3.02
2020-05-12 07:40:00,3.72
2020-05-12 07:50:00,4.23
2020-05-12 08:00:00,4.4
2020-05-12 08:10:00,4.96
2020-05-12 08:20:00,5.53
2020-05-12 08:30:00,5.74
2020-05-12 08:40:00,6.12
2020-05-12 08:50:00,6.5
2020-05-12 09:00:00,6.78
2020-05-12 09:10:00,7.02
2020-05-12 09:20:00,7.04
2020-05-12 09:30:00,7.01
2020-05-12 09:40:00,7.52
2020-05-12 09:50:00,7.42
2020-05-12 10:00:00,7.43
2020-05-12 10:10:00,7.39
2020-05-12 10:20:00,7.63
2020-05-12 10:30:00,7.79
2020-05-12 10:40:00,7.74
2020-05-12 10:50:00,7.75
2020-05-12 11:00:00,8.05
2020-05-12 11:10:00,8.28
2020-05-12 11:20:00,8.43
2020-05-12 11:30:00,8.42
2020-05-12 11:40:00,8.76
2020-05-12 11:50:00,8.91
2020-05-12 12:00:00,9.08
2020-05-12 12:10:00,9.27
2020-05-12 12:20:00,9.14
2020-05-12 12:30:00,9.62
2020-05-12 12:40:00,9.31
2020-05-12 12:50:00,9.55
2020-05-12 13:00:00,9.4
2020-05-12 13:10:00,9.63
2020-05-12 13:20:00,10.04
2020-05-12 13:30:00,9.48
2020-05-12 13:40:00,9.46
2020-05-12 13:50:00,9.68
2020-05-12 14:00:00,9.76
2020-05-12 14:10:00,9.61
2020-05-12 14:20:00,9.27
2020-05-12 14:30:00,9.6
2020-05-12 14:40:00,9.62
2020-05-12 14:50:00,9.41
2020-05-12 15:00:00,9.32
2020-05-12 15:10:00,9.48
2020-05-12 15:20:00,9.44
2020-05-12 15:30:00,9.38
2020-05-12 15:40:00,9.74
2020-05-12 15:50:00,9.44
2020-05-12 16:00:00,8.99
2020-05-12 16:10:00,9.13
2020-05-12 16:20:00,9.28
2020-05-12 16:30:00,9.46
2020-05-12 16:40:00,9.16
2020-05-12 16:50:00,9.19
2020-05-12 17:00:00,9.34
2020-05-12 17:10:00,9.19
2020-05-12 17:20:00,9.16
2020-05-12 17:30:00,9.13
2020-05-12 17:40:00,9.18
2020-05-12 17:50:00,9.11
2020-05-12 18:00:00,8.97
2020-05-12 18:10:00,8.73
2020-05-12 18:20:00,8.73
2020-05-12 18:30:00,8.67
2020-05-12 18:40:00,8.6
2020-05-12 18:50:00,8.62
2020-05-12 19:00:00,8.45
2020-05-12 19:10:00,8.31
2020-05-12 19:20:00,8.3
2020-05-12 19:30:00,8.12
2020-05-12 19:40:00,7.96
2020-05-12 19:50:00,7.87
2020-05-12 20:00:00,7.79
2020-05-12 20:10:00,7.77
2020-05-12 20:20:00,7.74
2020-05-12 20:30:00,7.77
2020-05-12 20:40:00,7.78
2020-05-12 20:50:00,7.48
2020-05-12 21:00:00,7.27
2020-05-12 21:10:00,7.26
2020-05-12 21:20:00,7.14
2020-05-12 21:30:00,6.84
2020-05-12 21:40:00,6.82
2020-05-12 21:50:00,6.47
2020-05-12 22:00:00,6.34
2020-05-12 22:10:00,6.26
2020-05-12 22:20:00,5.72
2020-05-12 22:30:00,5.38
2020-05-12 22:40:00,5.08
2020-05-12 22:50:00,4.79
2020-05-12 23:00:00,4.52
2020-05-12 23:10:00,4.05
2020-05-12 23:20:00,3.75
2020-05-12 23:30:00,3.72
2020-05-12 23:40:00,3.63
2020-05-12 23:50:00,3.55
2020-05-13 00:00:00,3.29
2020-05-13 00:10:00,3.04
2020-05-13 00:20:00,2.91
2020-05-13 00:30:00,2.59
2020-05-13 00:40:00,2.73
2020-05-13 00:50:00,2.83
2020-05-13 01:00:00,2.55
2020-05-13 01:10:00,2.44
2020-05-13 01:20:00,2.37
2020-05-13 01:30:00,2.14
2020-05-13 01:40:00,1.82
2020-05-13 01:50:00,1.59
2020-05-13 02:00:00,1.59
2020-05-13 02:10:00,1.69
2020-05-13 02:20:00,1.34
2020-05-13 02:30:00,1.34
2020-05-13 02:40:00,1.44
2020-05-13 02:50:00,1.34
2020-05-13 03:00:00,1.14
2020-05-13 03:10:00,1.14
2020-05-13 03:20:00,0.99
2020-05-13 03:30:00,0.73
2020-05-13 03:40:00,0.64
2020-05-13 03:50:00,0.44
2020-05-13 04:00:00,0.32
2020-05-13 04:10:00,0.14
2020-05-13 04:20:00,0.15
2020-05-13 04:30:00,0.2
2020-05-13 04:40:00,0.31
2020-05-13 04:50:00,0.34
2020-05-13 05:00:00,0.26
2020-05-13 05:10:00,0.41
2020-05-13 05:20:00,0.54
2020-05-13 05:30:00,0.48
2020-05-13 05:40:00,0.71
2020-05-13 05:50:00,0.78
2020-05-13 06:00:00,0.92
2020-05-13 06:10:00,1.08
2020-05-13 06:20:00,1.12
2020-05-13 06:30:00,1.28
2020-05-13 06:40:00,1.53
2020-05-13 06:50:00,1.87
2020-05-13 07:00:00,2.18
2020-05-13 07:10:00,2.58
2020-05-13 07:20:00,3.07
2020-05-13 07:30:00,3.57
2020-05-13 07:40:00,4.01
2020-05-13 07:50:00,4.46
2020-05-13 08:00:00,5.11
2020-05-13 08:10:00,5.45
2020-05-13 08:20:00,6.05
2020-05-13 08:30:00,6.66
2020-05-13 08:40:00,7.91
2020-05-13 08:50:00,8.84
2020-05-13 09:00:00,9.23
2020-05-13 09:10:00,9.7
2020-05-13 09:20:00,9.67
2020-05-13 09:30:00,10.01
2020-05-13 09:40:00,10.09
2020-05-13 09:50:00,9.99
2020-05-13 10:00:00,10.49
2020-05-13 10:10:00,10.75
2020-05-13 10:20:00,11.06
2020-05-13 10:30:00,10.61
2020-05-13 10:40:00,10.28
2020-05-13 10:50:00,10.94
2020-05-13 11:00:00,11.22
2020-05-13 11:10:00,10.78
2020-05-13 11:20:00,11.39
2020-05-13 11:30:00,11.59
2020-05-13 11:40:00,11.79
2020-05-13 11:50:00,12.13
2020-05-13 12:00:00,12.63
2020-05-13 12:10:00,12.05
2020-05-13 12:20:00,11.64
2020-05-13 12:30:00,11.9
2020-05-13 12:40:00,12.01
2020-05-13 12:50:00,12.15
2020-05-13 13:00:00,12.17
2020-05-13 13:10:00,12.29
2020-05-13 13:20:00,12.7
2020-05-13 13:30:00,12.39
2020-05-13 13:40:00,12.55
2020-05-13 13:50:00,12.3
2020-05-13 14:00:00,12.32
2020-05-13 14:10:00,12.29
2020-05-13 14:20:00,12.32
2020-05-13 14:30:00,12.4
2020-05-13 14:40:00,12.17
2020-05-13 14:50:00,12.06
2020-05-13 15:00:00,12.06
2020-05-13 15:10:00,12.26
2020-05-13 15:20:00,12.18
2020-05-13 15:30:00,11.95
2020-05-13 15:40:00,11.83
2020-05-13 15:50:00,11.84
2020-05-13 16:00:00,11.84
2020-05-13 16:10:00,11.99
2020-05-13 16:20:00,11.9
2020-05-13 16:30:00,12.17
2020-05-13 16:40:00,12.05
2020-05-13 16:50:00,12.02
2020-05-13 17:00:00,12.12
2020-05-13 17:10:00,12.09
2020-05-13 17:20:00,12.06
2020-05-13 17:30:00,12.16
2020-05-13 17:40:00,11.96
2020-05-13 17:50:00,11.78
2020-05-13 18:00:00,11.87
2020-05-13 18:10:00,11.7
2020-05-13 18:20:00,11.78
2020-05-13 18:30:00,11.71
2020-05-13 18:40:00,11.49
2020-05-13 18:50:00,11.44
2020-05-13 19:00:00,11.3
2020-05-13 19:10:00,11.26
2020-05-13 19:20:00,11.21
2020-05-13 19:30:00,11.11
2020-05-13 19:40:00,11.0
2020-05-13 19:50:00,10.95
2020-05-13 20:00:00,10.92
2020-05-13 20:10:00,10.85
2020-05-13 20:20:00,10.78
2020-05-13 20:30:00,10.75
2020-05-13 20:40:00,10.68
2020-05-13 20:50:00,10.58
2020-05-13 21:00:00,10.44
2020-05-13 21:10:00,10.28
2020-05-13 21:20:00,10.15
2020-05-13 21:30:00,10.16
2020-05-13 21:40:00,10.13
2020-05-13 21:50:00,10.08
2020-05-13 22:00:00,9.98
2020-05-13 22:10:00,9.91
2020-05-13 22:20:00,9.77
2020-05-13 22:30:00,9.71
2020-05-13 22:40:00,9.72
2020-05-13 22:50:00,9.71
2020-05-13 23:00:00,9.66
2020-05-13 23:10:00,9.53
2020-05-13 23:20:00,9.44
2020-05-13 23:30:00,9.42
2020-05-13 23:40:00,9.4
2020-05-13 23:50:00,9.36
2020-05-14 00:00:00,9.21
2020-05-14 00:10:00,9.24
2020-05-14 00:20:00,9.35
2020-05-14 00:30:00,9.23
2020-05-14 00:40:00,9.07
2020-05-14 00:50:00,8.93
2020-05-14 01:00:00,8.69
2020-05-14 01:10:00,8.52
2020-05-14 01:20:00,8.37
2020-05-14 01:30:00,8.26
2020-05-14 01:40:00,8.16
2020-05-14 01:50:00,8.01
2020-05-14 02:00:00,7.87
2020-05-14 02:10:00,7.73
2020-05-14 02:20:00,7.52
2020-05-14 02:30:00,7.32
2020-05-14 02:40:00,7.11
2020-05-14 02:50:00,6.9
2020-05-14 03:00:00,6.71
2020-05-14 03:10:00,6.57
2020-05-14 03:20:00,6.44
2020-05-14 03:30:00,6.15
2020-05-14 03:40:00,5.86
2020-05-14 03:50:00,5.62
2020-05-14 04:00:00,5.54
2020-05-14 04:10:00,5.45
2020-05-14 04:20:00,5.28
2020-05-14 04:30:00,5.12
2020-05-14 04:40:00,5.18
2020-05-14 04:50:00,5.38
2020-05-14 05:00:00,5.51
2020-05-14 05:10:00,5.63
2020-05-14 05:20:00,5.85
2020-05-14 05:30:00,6.15
2020-05-14 05:40:00,6.35
2020-05-14 05:50:00,6.44
2020-05-14 06:00:00,6.5
2020-05-14 06:10:00,6.59
2020-05-14 06:20:00,6.61
2020-05-14 06:30:00,6.66
2020-05-14 06:40:00,6.58
2020-05-14 06:50:00,6.55
2020-05-14 07:00:00,6.62
2020-05-14 07:10:00,6.56
2020-05-14 07:20:00,6.54
2020-05-14 07:30:00,6.58
2020-05-14 07:40:00,6.74
2020-05-14 07:50:00,6.87
2020-05-14 08:00:00,6.99
2020-05-14 08:10:00,7.21
2020-05-14 08:20:00,7.33
2020-05-14 08:30:00,7.32
2020-05-14 08:40:00,7.29
2020-05-14 08:50:00,7.38
2020-05-14 09:00:00,7.4
2020-05-14 09:10:00,7.31
2020-05-14 09:20:00,7.49
2020-05-14 09:30:00,7.69
2020-05-14 09:40:00,7.67
2020-05-14 09:50:00,7.65
2020-05-14 10:00:00,7.71
2020-05-14 10:10:00,7.89
2020-05-14 10:20:00,8.01
2020-05-14 10:30:00,8.04
2020-05-14 10:40:00,7.96
2020-05-14 10:50:00,8.05
2020-05-14 11:00:00,8.08
2020-05-14 11:10:00,8.19
2020-05-14 11:20:00,8.24
2020-05-14 11:30:00,8.31
2020-05-14 11:40:00,8.51
2020-05-14 11:50:00,8.65
2020-05-14 12:00:00,8.87
2020-05-14 12:10:00,9.09
2020-05-14 12:20:00,9.44
2020-05-14 12:30:00,9.67
2020-05-14 12:40:00,9.95
2020-05-14 12:50:00,10.24
2020-05-14 13:00:00,10.88
2020-05-14 13:10:00,11.08
2020-05-14 13:20:00,10.63
2020-05-14 13:30:00,10.66
2020-05-14 13:40:00,10.77
2020-05-14 13:50:00,10.52
2020-05-14 14:00:00,9.74
2020-05-14 14:10:00,9.71
2020-05-14 14:20:00,9.43
2020-05-14 14:30:00,9.37
2020-05-14 14:40:00,9.3
2020-05-14 14:50:00,9.42
2020-05-14 15:00:00,9.61
2020-05-14 15:10:00,9.72
2020-05-14 15:20:00,9.79
2020-05-14 15:30:00,9.77
2020-05-14 15:40:00,9.74
2020-05-14 15:50:00,9.84
2020-05-14 16:00:00,9.99
2020-05-14 16:10:00,10.05
2020-05-14 16:20:00,10.12
2020-05-14 16:30:00,10.24
2020-05-14 16:40:00,10.33
2020-05-14 16:50:00,10.48
2020-05-14 17:00:00,10.63
2020-05-14 17:10:00,10.75
2020-05-14 17:20:00,10.85
2020-05-14 17:30:00,10.87
2020-05-14 17:40:00,10.82
2020-05-14 17:50:00,11.28
2020-05-14 18:00:00,11.7
2020-05-14 18:10:00,11.75
2020-05-14 18:20:00,11.69
2020-05-14 18:30:00,11.39
2020-05-14 18:40:00,10.99
2020-05-14 18:50:00,10.75
2020-05-14 19:00:00,10.52
2020-05-14 19:10:00,10.36
2020-05-14 19:20:00,10.28
2020-05-14 19:30:00,10.12
2020-05-14 19:40:00,10.0
2020-05-14 19:50:00,9.87
2020-05-14 20:00:00,9.73
2020-05-14 20:10:00,9.52
2020-05-14 20:20:00,9.38
2020-05-14 20:30:00,9.19
2020-05-14 20:40:00,9.02
2020-05-14 20:50:00,8.82
2020-05-14 21:00:00,8.68
2020-05-14 21:10:00,8.58
2020-05-14 21:20:00,8.46
2020-05-14 21:30:00,8.32
2020-05-14 21:40:00,8.16
2020-05-14 21:50:00,8.05
2020-05-14 22:00:00,7.96
2020-05-14 22:10:00,7.85
2020-05-14 22:20:00,7.91
2020-05-14 22:30:00,7.86
2020-05-14 22:40:00,7.72
2020-05-14 22:50:00,7.7
2020-05-14 23:00:00,6.87
2020-05-14 23:10:00,6.15
2020-05-14 23:20:00,6.14
2020-05-14 23:30:00,5.94
2020-05-14 23:40:00,5.24
2020-05-14 23:50:00,4.92
2020-05-15 00:00:00,4.86
2020-05-15 00:10:00,4.89
2020-05-15 00:20:00,4.75
2020-05-15 00:30:00,4.82
2020-05-15 00:40:00,4.77
2020-05-15 00:50:00,4.52
2020-05-15 01:00:00,4.24
2020-05-15 01:10:00,4.03
2020-05-15 01:20:00,4.05
2020-05-15 01:30:00,4.32
2020-05-15 01:40:00,4.16
2020-05-15 01:50:00,3.78
2020-05-15 02:00:00,4.1
2020-05-15 02:10:00,4.27
2020-05-15 02:20:00,4.01
2020-05-15 02:30:00,4.2
2020-05-15 02:40:00,3.77
2020-05-15 02:50:00,3.64
2020-05-15 03:00:00,3.99
2020-05-15 03:10:00,3.39
2020-05-15 03:20:00,3.16
2020-05-15 03:30:00,3.04
2020-05-15 03:40:00,2.93
2020-05-15 03:50:00,3.13
2020-05-15 04:00:00,2.9
2020-05-15 04:10:00,2.97
2020-05-15 04:20:00,3.11
2020-05-15 04:30:00,3.19
2020-05-15 04:40:00,3.28
2020-05-15 04:50:00,3.38
2020-05-15 05:00:00,3.46
2020-05-15 05:10:00,3.72
2020-05-15 05:20:00,3.47
2020-05-15 05:30:00,3.71
2020-05-15 05:40:00,4.42
2020-05-15 05:50:00,4.76
2020-05-15 06:00:00,5.42
2020-05-15 06:10:00,5.62
2020-05-15 06:20:00,5.61
2020-05-15 06:30:00,5.67
2020-05-15 06:40:00,5.85
2020-05-15 06:50:00,6.1
2020-05-15 07:00:00,6.45
2020-05-15 07:10:00,6.66
2020-05-15 07:20:00,6.96
2020-05-15 07:30:00,7.16
2020-05-15 07:40:00,7.35
2020-05-15 07:50:00,7.69
2020-05-15 08:00:00,7.83
2020-05-15 08:10:00,8.17
2020-05-15 08:20:00,8.48
2020-05-15 08:30:00,9.0
2020-05-15 08:40:00,9.08
2020-05-15 08:50:00,9.37
2020-05-15 09:00:00,9.77
2020-05-15 09:10:00,10.1
2020-05-15 09:20:00,10.18
2020-05-15 09:30:00,10.52
2020-05-15 09:40:00,10.63
2020-05-15 09:50:00,10.85
2020-05-15 10:00:00,10.92
2020-05-15 10:10:00,11.05
2020-05-15 10:20:00,11.17
2020-05-15 10:30:00,11.32
2020-05-15 10:40:00,11.48
2020-05-15 10:50:00,11.39
2020-05-15 11:00:00,11.76
2020-05-15 11:10:00,11.8
2020-05-15 11:20:00,11.73
2020-05-15 11:30:00,11.64
2020-05-15 11:40:00,12.5
2020-05-15 11:50:00,12.1
2020-05-15 12:00:00,11.63
2020-05-15 12:10:00,12.4
2020-05-15 12:20:00,12.83
2020-05-15 12:30:00,12.92
2020-05-15 12:40:00,12.56
2020-05-15 12:50:00,12.63
2020-05-15 13:00:00,12.44
2020-05-15 13:10:00,13.04
2020-05-15 13:20:00,13.78
2020-05-15 13:30:00,13.26
2020-05-15 13:40:00,13.22
2020-05-15 13:50:00,13.47
2020-05-15 14:00:00,12.92
2020-05-15 14:10:00,12.43
2020-05-15 14:20:00,12.94
2020-05-15 14:30:00,13.66
2020-05-15 14:40:00,13.21
2020-05-15 14:50:00,12.85
2020-05-15 15:00:00,13.01
2020-05-15 15:10:00,13.54
2020-05-15 15:20:00,14.27
2020-05-15 15:30:00,14.56
2020-05-15 15:40:00,14.0
2020-05-15 15:50:00,13.88
2020-05-15 16:00:00,13.6
2020-05-15 16:10:00,13.65
2020-05-15 16:20:00,13.37
2020-05-15 16:30:00,13.58
2020-05-15 16:40:00,13.3
2020-05-15 16:50:00,13.32
2020-05-15 17:00:00,13.97
2020-05-15 17:10:00,13.76
2020-05-15 17:20:00,13.91
2020-05-15 17:30:00,13.67
2020-05-15 17:40:00,13.72
2020-05-15 17:50:00,13.57
2020-05-15 18:00:00,13.7
2020-05-15 18:10:00,13.62
2020-05-15 18:20:00,13.41
2020-05-15 18:30:00,13.23
2020-05-15 18:40:00,13.18
2020-05-15 18:50:00,13.16
2020-05-15 19:00:00,13.01
2020-05-15 19:10:00,12.94
2020-05-15 19:20:00,12.81
2020-05-15 19:30:00,12.56
2020-05-15 19:40:00,12.28
2020-05-15 19:50:00,11.88
2020-05-15 20:00:00,11.48
2020-05-15 20:10:00,11.11
2020-05-15 20:20:00,10.79
2020-05-15 20:30:00,10.57
2020-05-15 20:40:00,10.43
2020-05-15 20:50:00,10.15
2020-05-15 21:00:00,9.88
2020-05-15 21:10:00,9.49
2020-05-15 21:20:00,9.4
2020-05-15 21:30:00,9.47
2020-05-15 21:40:00,9.51
2020-05-15 21:50:00,9.57
2020-05-15 22:00:00,9.6
2020-05-15 22:10:00,9.67
2020-05-15 22:20:00,9.4
2020-05-15 22:30:00,8.21
2020-05-15 22:40:00,7.7
2020-05-15 22:50:00,7.22
2020-05-15 23:00:00,7.14
2020-05-15 23:10:00,7.34
2020-05-15 23:20:00,6.88
2020-05-15 23:30:00,6.64
2020-05-15 23:40:00,6.16
2020-05-15 23:50:00,5.78
2020-05-16 00:00:00,5.65
2020-05-16 00:10:00,5.57
2020-05-16 00:20:00,5.45
2020-05-16 00:30:00,5.34
2020-05-16 00:40:00,4.95
2020-05-16 00:50:00,4.93
2020-05-16 01:00:00,4.83
2020-05-16 01:10:00,4.61
2020-05-16 01:20:00,4.14
2020-05-16 01:30:00,4.17
2020-05-16 01:40:00,4.09
2020-05-16 01:50:00,3.95
2020-05-16 02:00:00,3.77
2020-05-16 02:10:00,3.63
2020-05-16 02:20:00,3.52
2020-05-16 02:30:00,3.18
2020-05-16 02:40:00,2.83
2020-05-16 02:50:00,2.58
2020-05-16 03:00:00,2.61
2020-05-16 03:10:00,2.7
2020-05-16 03:20:00,2.57
2020-05-16 03:30:00,2.49
2020-05-16 03:40:00,2.16
2020-05-16 03:50:00,2.02
2020-05-16 04:00:00,1.88
2020-05-16 04:10:00,1.76
2020-05-16 04:20:00,1.59
2020-05-16 04:30:00,1.49
2020-05-16 04:40:00,1.62
2020-05-16 04:50:00,1.68
2020-05-16 05:00:00,2.22
2020-05-16 05:10:00,2.76
2020-05-16 05:20:00,2.97
2020-05-16 05:30:00,2.8
2020-05-16 05:40:00,3.41
2020-05-16 05:50:00,3.7
2020-05-16 06:00:00,4.14
2020-05-16 06:10:00,4.62
2020-05-16 06:20:00,5.2
2020-05-16 06:30:00,5.25
2020-05-16 06:40:00,5.26
2020-05-16 06:50:00,5.52
2020-05-16 07:00:00,5.67
2020-05-16 07:10:00,6.22
2020-05-16 07:20:00,6.88
2020-05-16 07:30:00,7.44
2020-05-16 07:40:00,7.79
2020-05-16 07:50:00,8.48
2020-05-16 08:00:00,9.03
2020-05-16 08:10:00,9.15
2020-05-16 08:20:00,9.44
2020-05-16 08:30:00,10.15
2020-05-16 08:40:00,10.29
2020-05-16 08:50:00,10.64
2020-05-16 09:00:00,11.03
2020-05-16 09:10:00,11.2
2020-05-16 09:20:00,10.97
2020-05-16 09:30:00,11.27
2020-05-16 09:40:00,11.51
2020-05-16 09:50:00,11.79
2020-05-16 10:00:00,11.59
2020-05-16 10:10:00,11.84
2020-05-16 10:20:00,11.96
2020-05-16 10:30:00,12.18
2020-05-16 10:40:00,12.63
2020-05-16 10:50:00,12.66
2020-05-16 11:00:00,12.85
2020-05-16 11:10:00,12.65
2020-05-16 11:20:00,13.5
2020-05-16 11:30:00,13.48
2020-05-16 11:40:00,13.39
2020-05-16 11:50:00,13.73
2020-05-16 12:00:00,14.48
2020-05-16 12:10:00,14.28
2020-05-16 12:20:00,14.25
2020-05-16 12:30:00,14.42
2020-05-16 12:40:00,14.71
2020-05-16 12:50:00,14.86
2020-05-16 13:00:00,14.94
2020-05-16 13:10:00,15.25
2020-05-16 13:20:00,14.93
2020-05-16 13:30:00,15.19
2020-05-16 13:40:00,15.48
2020-05-16 13:50:00,15.38
2020-05-16 14:00:00,15.55
2020-05-16 14:10:00,15.64
2020-05-16 14:20:00,15.86
2020-05-16 14:30:00,15.74
2020-05-16 14:40:00,16.26
2020-05-16 14:50:00,16.41
2020-05-16 15:00:00,16.29
2020-05-16 15:10:00,16.58
2020-05-16 15:20:00,16.65
2020-05-16 15:30:00,16.14
2020-05-16 15:40:00,16.35
2020-05-16 15:50:00,16.14
2020-05-16 16:00:00,16.32
2020-05-16 16:10:00,16.9
2020-05-16 16:20:00,16.8
2020-05-16 16:30:00,16.67
2020-05-16 16:40:00,16.6
2020-05-16 16:50:00,16.72
2020-05-16 17:00:00,16.72
2020-05-16 17:10:00,16.86
2020-05-16 17:20:00,16.8
2020-05-16 17:30:00,16.78
2020-05-16 17:40:00,17.27
2020-05-16 17:50:00,17.13
2020-05-16 18:00:00,16.93
2020-05-16 18:10:00,16.67
2020-05-16 18:20:00,16.2
2020-05-16 18:30:00,15.94
2020-05-16 18:40:00,15.59
2020-05-16 18:50:00,15.15
2020-05-16 19:00:00,14.87
2020-05-16 19:10:00,14.6
2020-05-16 19:20:00,14.24
2020-05-16 19:30:00,14.0
2020-05-16 19:40:00,13.72
2020-05-16 19:50:00,13.5
2020-05-16 20:00:00,13.42
2020-05-16 20:10:00,13.28
2020-05-16 20:20:00,12.96
2020-05-16 20:30:00,12.87
2020-05-16 20:40:00,12.81
2020-05-16 20:50:00,12.8
2020-05-16 21:00:00,12.76
2020-05-16 21:10:00,12.33
2020-05-16 21:20:00,12.52
2020-05-16 21:30:00,11.68
2020-05-16 21:40:00,11.14
2020-05-16 21:50:00,10.87
2020-05-16 22:00:00,10.4
2020-05-16 22:10:00,10.21
2020-05-16 22:20:00,10.45
2020-05-16 22:30:00,10.49
2020-05-16 22:40:00,9.81
2020-05-16 22:50:00,9.41
2020-05-16 23:00:00,9.29
2020-05-16 23:10:00,9.31
2020-05-16 23:20:00,9.52
2020-05-16 23:30:00,9.33
2020-05-16 23:40:00,9.19
2020-05-16 23:50:00,8.93
2020-05-17 00:00:00,8.8
2020-05-17 00:10:00,8.72
2020-05-17 00:20:00,8.67
2020-05-17 00:30:00,8.69
2020-05-17 00:40:00,8.73
2020-05-17 00:50:00,8.65
2020-05-17 01:00:00,8.54
2020-05-17 01:10:00,8.45
2020-05-17 01:20:00,8.48
2020-05-17 01:30:00,8.31
2020-05-17 01:40:00,8.13
2020-05-17 01:50:00,7.84
2020-05-17 02:00:00,7.78
2020-05-17 02:10:00,7.79
2020-05-17 02:20:00,7.7
2020-05-17 02:30:00,7.48
2020-05-17 02:40:00,7.58
2020-05-17 02:50:00,7.61
2020-05-17 03:00:00,7.29
2020-05-17 03:10:00,7.06
2020-05-17 03:20:00,6.83
2020-05-17 03:30:00,6.55
2020-05-17 03:40:00,6.43
2020-05-17 03:50:00,6.46
2020-05-17 04:00:00,6.44
2020-05-17 04:10:00,6.36
2020-05-17 04:20:00,6.46
2020-05-17 04:30:00,6.56
2020-05-17 04:40:00,6.41
2020-05-17 04:50:00,6.44
2020-05-17 05:00:00,6.4
2020-05-17 05:10:00,6.09
2020-05-17 05:20:00,6.06
2020-05-17 05:30:00,6.15
2020-05-17 05:40:00,6.24
2020-05-17 05:50:00,6.22
2020-05-17 06:00:00,6.19
2020-05-17 06:10:00,6.41
2020-05-17 06:20:00,6.78
2020-05-17 06:30:00,7.1
2020-05-17 06:40:00,7.77
2020-05-17 06:50:00,8.39
2020-05-17 07:00:00,9.19
2020-05-17 07:10:00,9.79
2020-05-17 07:20:00,10.32
2020-05-17 07:30:00,10.97
2020-05-17 07:40:00,11.09
2020-05-17 07:50:00,10.88
2020-05-17 08:00:00,11.06
2020-05-17 08:10:00,10.94
2020-05-17 08:20:00,11.1
2020-05-17 08:30:00,11.6
2020-05-17 08:40:00,11.69
2020-05-17 08:50:00,11.87
2020-05-17 09:00:00,12.67
2020-05-17 09:10:00,12.49
2020-05-17 09:20:00,12.59
2020-05-17 09:30:00,12.53
2020-05-17 09:40:00,12.87
2020-05-17 09:50:00,13.03
2020-05-17 10:00:00,13.4
2020-05-17 10:10:00,13.76
2020-05-17 10:20:00,13.5
2020-05-17 10:30:00,13.67
2020-05-17 10:40:00,13.96
2020-05-17 10:50:00,13.57
2020-05-17 11:00:00,14.0
2020-05-17 11:10:00,14.34
2020-05-17 11:20:00,14.03
2020-05-17 11:30:00,13.94
2020-05-17 11:40:00,14.55
2020-05-17 11:50:00,14.9
2020-05-17 12:00:00,14.61
2020-05-17 12:10:00,14.67
2020-05-17 12:20:00,14.73
2020-05-17 12:30:00,15.3
2020-05-17 12:40:00,15.61
2020-05-17 12:50:00,15.53
2020-05-17 13:00:00,15.7
2020-05-17 13:10:00,15.94
2020-05-17 13:20:00,15.36
2020-05-17 13:30:00,15.77
2020-05-17 13:40:00,16.26
2020-05-17 13:50:00,16.38
2020-05-17 14:00:00,15.88
2020-05-17 14:10:00,16.33
2020-05-17 14:20:00,16.89
2020-05-17 14:30:00,16.63
2020-05-17 14:40:00,16.41
2020-05-17 14:50:00,16.44
2020-05-17 15:00:00,16.75
2020-05-17 15:10:00,16.92
2020-05-17 15:20:00,17.14
2020-05-17 15:30:00,17.51
2020-05-17 15:40:00,17.38
2020-05-17 15:50:00,17.07
2020-05-17 16:00:00,17.2
2020-05-17 16:10:00,17.5
2020-05-17 16:20:00,17.28
2020-05-17 16:30:00,17.05
2020-05-17 16:40:00,17.51
2020-05-17 16:50:00,17.67
2020-05-17 17:00:00,17.62
2020-05-17 17:10:00,17.99
2020-05-17 17:20:00,17.87
2020-05-17 17:30:00,17.97
2020-05-17 17:40:00,17.77
2020-05-17 17:50:00,17.8
2020-05-17 18:00:00,17.47
2020-05-17 18:10:00,17.43
2020-05-17 18:20:00,17.44
2020-05-17 18:30:00,17.12
2020-05-17 18:40:00,16.79
2020-05-17 18:50:00,16.1
2020-05-17 19:00:00,15.71
2020-05-17 19:10:00,15.46
2020-05-17 19:20:00,15.24
2020-05-17 19:30:00,15.07
2020-05-17 19:40:00,14.86
2020-05-17 19:50:00,14.65
2020-05-17 20:00:00,14.46
2020-05-17 20:10:00,14.43
2020-05-17 20:20:00,14.44
2020-05-17 20:30:00,14.4
2020-05-17 20:40:00,14.01
2020-05-17 20:50:00,13.21
2020-05-17 21:00:00,12.8
2020-05-17 21:10:00,12.43
2020-05-17 21:20:00,12.09
2020-05-17 21:30:00,11.77
2020-05-17 21:40:00,11.27
2020-05-17 21:50:00,10.99
2020-05-17 22:00:00,10.98
2020-05-17 22:10:00,11.07
2020-05-17 22:20:00,10.68
2020-05-17 22:30:00,10.56
2020-05-17 22:40:00,10.51
2020-05-17 22:50:00,10.22
2020-05-17 23:00:00,9.94
2020-05-17 23:10:00,9.71
2020-05-17 23:20:00,9.46
2020-05-17 23:30:00,9.35
2020-05-17 23:40:00,9.04
2020-05-17 23:50:00,8.79
2020-05-18 00:00:00,8.56
2020-05-18 00:10:00,8.66
2020-05-18 00:20:00,8.4
2020-05-18 00:30:00,8.06
2020-05-18 00:40:00,7.81
2020-05-18 00:50:00,7.54
2020-05-18 01:00:00,7.19
2020-05-18 01:10:00,7.1
2020-05-18 01:20:00,6.88
2020-05-18 01:30:00,6.71
2020-05-18 01:40:00,6.51
2020-05-18 01:50:00,6.24
2020-05-18 02:00:00,6.06
2020-05-18 02:10:00,5.85
2020-05-18 02:20:00,5.7
2020-05-18 02:30:00,5.75
2020-05-18 02:40:00,5.85
2020-05-18 02:50:00,5.59
2020-05-18 03:00:00,5.41
2020-05-18 03:10:00,5.34
2020-05-18 03:20:00,5.35
2020-05-18 03:30:00,5.05
2020-05-18 03:40:00,4.81
2020-05-18 03:50:00,4.66
2020-05-18 04:00:00,4.56
2020-05-18 04:10:00,4.47
2020-05-18 04:20:00,4.4
2020-05-18 04:30:00,4.48
2020-05-18 04:40:00,4.46
2020-05-18 04:50:00,4.54
2020-05-18 05:00:00,4.71
2020-05-18 05:10:00,5.14
2020-05-18 05:20:00,5.64
2020-05-18 05:30:00,5.94
2020-05-18 05:40:00,5.82
2020-05-18 05:50:00,5.69
2020-05-18 06:00:00,6.0
2020-05-18 06:10:00,5.98
2020-05-18 06:20:00,6.27
2020-05-18 06:30:00,6.57
2020-05-18 06:40:00,7.13
2020-05-18 06:50:00,7.72
2020-05-18 07:00:00,8.2
2020-05-18 07:10:00,8.92
2020-05-18 07:20:00,9.63
2020-05-18 07:30:00,10.29
2020-05-18 07:40:00,10.96
2020-05-18 07:50:00,11.55
2020-05-18 08:00:00,12.06
2020-05-18 08:10:00,12.19
2020-05-18 08:20:00,12.89
2020-05-18 08:30:00,13.39
2020-05-18 08:40:00,13.88
2020-05-18 08:50:00,14.76
2020-05-18 09:00:00,15.38
2020-05-18 09:10:00,16.18
2020-05-18 09:20:00,16.47
2020-05-18 09:30:00,17.2
2020-05-18 09:40:00,17.54
2020-05-18 09:50:00,17.75
2020-05-18 10:00:00,17.67
2020-05-18 10:10:00,17.76
2020-05-18 10:20:00,18.07
2020-05-18 10:30:00,18.2
2020-05-18 10:40:00,18.05
2020-05-18 10:50:00,18.77
2020-05-18 11:00:00,18.49
2020-05-18 11:10:00,18.69
2020-05-18 11:20:00,19.04
2020-05-18 11:30:00,19.13
2020-05-18 11:40:00,19.29
2020-05-18 11:50:00,19.63
2020-05-18 12:00:00,19.45
2020-05-18 12:10:00,19.91
2020-05-18 12:20:00,19.73
2020-05-18 12:30:00,19.92
2020-05-18 12:40:00,20.23
2020-05-18 12:50:00,20.74
2020-05-18 13:00:00,20.83
2020-05-18 13:10:00,20.78
2020-05-18 13:20:00,21.12
2020-05-18 13:30:00,21.02
2020-05-18 13:40:00,21.22
2020-05-18 13:50:00,21.37
2020-05-18 14:00:00,21.49
2020-05-18 14:10:00,21.61
2020-05-18 14:20:00,21.49
2020-05-18 14:30:00,21.75
2020-05-18 14:40:00,21.78
2020-05-18 14:50:00,21.99
2020-05-18 15:00:00,22.06
2020-05-18 15:10:00,21.67
2020-05-18 15:20:00,22.08
2020-05-18 15:30:00,22.12
2020-05-18 15:40:00,22.07
2020-05-18 15:50:00,22.27
2020-05-18 16:00:00,22.3
2020-05-18 16:10:00,22.46
2020-05-18 16:20:00,22.34
2020-05-18 16:30:00,22.39
2020-05-18 16:40:00,22.43
2020-05-18 16:50:00,22.48
2020-05-18 17:00:00,23.03
2020-05-18 17:10:00,23.01
2020-05-18 17:20:00,23.11
2020-05-18 17:30:00,23.02
2020-05-18 17:40:00,22.74
2020-05-18 17:50:00,22.75
2020-05-18 18:00:00,22.97
2020-05-18 18:10:00,22.9
2020-05-18 18:20:00,22.73
2020-05-18 18:30:00,22.64
2020-05-18 18:40:00,22.21
2020-05-18 18:50:00,21.3
2020-05-18 19:00:00,20.81
2020-05-18 19:10:00,20.53
2020-05-18 19:20:00,20.27
2020-05-18 19:30:00,20.09
2020-05-18 19:40:00,19.93
2020-05-18 19:50:00,19.82
2020-05-18 20:00:00,19.67
2020-05-18 20:10:00,19.44
2020-05-18 20:20:00,19.34
2020-05-18 20:30:00,19.11
2020-05-18 20:40:00,18.98
2020-05-18 20:50:00,18.75
2020-05-18 21:00:00,18.6
2020-05-18 21:10:00,18.46
2020-05-18 21:20:00,18.3
2020-05-18 21:30:00,18.19
2020-05-18 21:40:00,18.1
2020-05-18 21:50:00,18.03
2020-05-18 22:00:00,17.46
2020-05-18 22:10:00,17.09
2020-05-18 22:20:00,16.98
2020-05-18 22:30:00,17.24
2020-05-18 22:40:00,16.8
2020-05-18 22:50:00,16.35
2020-05-18 23:00:00,16.63
2020-05-18 23:10:00,15.58
2020-05-18 23:20:00,15.08
2020-05-18 23:30:00,14.67
2020-05-18 23:40:00,14.56
2020-05-18 23:50:00,14.33
2020-05-19 00:00:00,13.64
2020-05-19 00:10:00,13.37
2020-05-19 00:20:00,13.52
2020-05-19 00:30:00,13.16
2020-05-19 00:40:00,13.02
2020-05-19 00:50:00,12.69
2020-05-19 01:00:00,12.3
2020-05-19 01:10:00,11.7
2020-05-19 01:20:00,11.26
2020-05-19 01:30:00,11.13
2020-05-19 01:40:00,11.28
2020-05-19 01:50:00,11.21
2020-05-19 02:00:00,10.94
2020-05-19 02:10:00,10.76
2020-05-19 02:20:00,10.38
2020-05-19 02:30:00,10.53
2020-05-19 02:40:00,10.75
2020-05-19 02:50:00,11.05
2020-05-19 03:00:00,11.01
2020-05-19 03:10:00,10.86
2020-05-19 03:20:00,10.72
2020-05-19 03:30:00,9.97
2020-05-19 03:40:00,9.66
2020-05-19 03:50:00,9.62
2020-05-19 04:00:00,9.55
2020-05-19 04:10:00,9.57
2020-05-19 04:20:00,9.53
2020-05-19 04:30:00,9.59
2020-05-19 04:40:00,9.28
2020-05-19 04:50:00,9.08
2020-05-19 05:00:00,9.46
2020-05-19 05:10:00,9.92
2020-05-19 05:20:00,10.18
2020-05-19 05:30:00,10.52
2020-05-19 05:40:00,10.98
2020-05-19 05:50:00,11.43
2020-05-19 06:00:00,11.77
2020-05-19 06:10:00,11.8
2020-05-19 06:20:00,11.85
2020-05-19 06:30:00,12.2
2020-05-19 06:40:00,12.58
2020-05-19 06:50:00,13.08
2020-05-19 07:00:00,13.48
2020-05-19 07:10:00,14.23
2020-05-19 07:20:00,14.28
2020-05-19 07:30:00,14.44
2020-05-19 07:40:00,15.19
2020-05-19 07:50:00,16.04
2020-05-19 08:00:00,16.64
2020-05-19 08:10:00,17.39
2020-05-19 08:20:00,17.36
2020-05-19 08:30:00,17.17
2020-05-19 08:40:00,17.52
2020-05-19 08:50:00,17.65
2020-05-19 09:00:00,17.63
2020-05-19 09:10:00,17.69
2020-05-19 09:20:00,18.13
2020-05-19 09:30:00,17.97
2020-05-19 09:40:00,18.3
2020-05-19 09:50:00,18.44
2020-05-19 10:00:00,18.5
2020-05-19 10:10:00,18.64
2020-05-19 10:20:00,18.86
2020-05-19 10:30:00,18.89
2020-05-19 10:40:00,19.02
2020-05-19 10:50:00,19.16
2020-05-19 11:00:00,19.07
2020-05-19 11:10:00,19.19
2020-05-19 11:20:00,19.46
2020-05-19 11:30:00,19.74
2020-05-19 11:40:00,19.59
2020-05-19 11:50:00,19.47
2020-05-19 12:00:00,19.7
2020-05-19 12:10:00,20.07
2020-05-19 12:20:00,20.18
2020-05-19 12:30:00,20.18
2020-05-19 12:40:00,20.86
2020-05-19 12:50:00,20.8
2020-05-19 13:00:00,20.49
2020-05-19 13:10:00,20.68
2020-05-19 13:20:00,20.9
2020-05-19 13:30:00,21.1
2020-05-19 13:40:00,20.84
2020-05-19 13:50:00,21.14
2020-05-19 14:00:00,20.71
2020-05-19 14:10:00,20.38
2020-05-19 14:20:00,20.43
2020-05-19 14:30:00,21.05
2020-05-19 14:40:00,21.3
2020-05-19 14:50:00,21.41
2020-05-19 15:00:00,21.15
2020-05-19 15:10:00,21.19
2020-05-19 15:20:00,21.44
2020-05-19 15:30:00,21.74
2020-05-19 15:40:00,22.16
2020-05-19 15:50:00,21.47
2020-05-19 16:00:00,20.9
2020-05-19 16:10:00,20.66
2020-05-19 16:20:00,20.52
2020-05-19 16:30:00,20.55
2020-05-19 16:40:00,20.53
2020-05-19 16:50:00,20.52
2020-05-19 17:00:00,20.34
2020-05-19 17:10:00,19.75
2020-05-19 17:20:00,19.37
2020-05-19 17:30:00,19.11
2020-05-19 17:40:00,19.03
2020-05-19 17:50:00,18.72
2020-05-19 18:00:00,18.67
2020-05-19 18:10:00,18.5
2020-05-19 18:20:00,18.32
2020-05-19 18:30:00,18.19
2020-05-19 18:40:00,18.06
2020-05-19 18:50:00,17.9
2020-05-19 19:00:00,17.83
2020-05-19 19:10:00,17.81
2020-05-19 19:20:00,17.73
2020-05-19 19:30:00,17.66
2020-05-19 19:40:00,17.61
2020-05-19 19:50:00,17.55
2020-05-19 20:00:00,17.47
2020-05-19 20:10:00,17.4
2020-05-19 20:20:00,17.41
2020-05-19 20:30:00,17.31
2020-05-19 20:40:00,17.21
2020-05-19 20:50:00,17.17
2020-05-19 21:00:00,17.07
2020-05-19 21:10:00,16.89
2020-05-19 21:20:00,16.64
2020-05-19 21:30:00,16.28
2020-05-19 21:40:00,16.13
2020-05-19 21:50:00,16.09
2020-05-19 22:00:00,15.9
2020-05-19 22:10:00,15.77
2020-05-19 22:20:00,15.44
2020-05-19 22:30:00,15.22
2020-05-19 22:40:00,14.9
2020-05-19 22:50:00,14.78
2020-05-19 23:00:00,14.82
2020-05-19 23:10:00,14.96
2020-05-19 23:20:00,14.95
2020-05-19 23:30:00,14.71
2020-05-19 23:40:00,14.61
2020-05-19 23:50:00,14.59
2020-05-20 00:00:00,14.6
2020-05-20 00:10:00,14.43
2020-05-20 00:20:00,14.28
2020-05-20 00:30:00,14.31
2020-05-20 00:40:00,14.39
2020-05-20 00:50:00,14.32
2020-05-20 01:00:00,14.32
2020-05-20 01:10:00,14.13
2020-05-20 01:20:00,14.12
2020-05-20 01:30:00,14.25
2020-05-20 01:40:00,14.21
2020-05-20 01:50:00,14.07
2020-05-20 02:00:00,13.89
2020-05-20 02:10:00,13.78
2020-05-20 02:20:00,13.89
2020-05-20 02:30:00,13.92
2020-05-20 02:40:00,13.73
2020-05-20 02:50:00,13.85
2020-05-20 03:00:00,13.94
2020-05-20 03:10:00,14.03
2020-05-20 03:20:00,13.97
2020-05-20 03:30:00,14.1
2020-05-20 03:40:00,14.1
2020-05-20 03:50:00,14.15
2020-05-20 04:00:00,14.2
2020-05-20 04:10:00,14.24
2020-05-20 04:20:00,14.23
2020-05-20 04:30:00,14.12
2020-05-20 04:40:00,14.0
2020-05-20 04:50:00,13.9
2020-05-20 05:00:00,13.86
2020-05-20 05:10:00,13.77
2020-05-20 05:20:00,13.58
2020-05-20 05:30:00,13.36
2020-05-20 05:40:00,13.23
2020-05-20 05:50:00,13.27
2020-05-20 06:00:00,13.29
2020-05-20 06:10:00,13.42
2020-05-20 06:20:00,13.55
2020-05-20 06:30:00,13.6
2020-05-20 06:40:00,13.7
2020-05-20 06:50:00,13.71
2020-05-20 07:00:00,13.68
2020-05-20 07:10:00,13.63
2020-05-20 07:20:00,13.6
2020-05-20 07:30:00,13.61
2020-05-20 07:40:00,13.58
2020-05-20 07:50:00,13.66
2020-05-20 08:00:00,13.75
2020-05-20 08:10:00,13.78
2020-05-20 08:20:00,13.88
2020-05-20 08:30:00,13.82
2020-05-20 08:40:00,13.79
2020-05-20 08:50:00,13.73
2020-05-20 09:00:00,13.78
2020-05-20 09:10:00,13.82
2020-05-20 09:20:00,13.72
2020-05-20 09:30:00,13.62
2020-05-20 09:40:00,13.57
2020-05-20 09:50:00,13.3
2020-05-20 10:00:00,12.98
2020-05-20 10:10:00,12.68
2020-05-20 10:20:00,12.46
2020-05-20 10:30:00,12.35
2020-05-20 10:40:00,12.36
2020-05-20 10:50:00,12.23
2020-05-20 11:00:00,12.11
2020-05-20 11:10:00,12.47
2020-05-20 11:20:00,12.68
2020-05-20 11:30:00,12.94
2020-05-20 11:40:00,13.15
2020-05-20 11:50:00,13.28
2020-05-20 12:00:00,13.7
2020-05-20 12:10:00,14.06
2020-05-20 12:20:00,14.21
2020-05-20 12:30:00,14.36
2020-05-20 12:40:00,14.65
2020-05-20 12:50:00,14.96
2020-05-20 13:00:00,15.0
2020-05-20 13:10:00,15.0
2020-05-20 13:20:00,15.06
2020-05-20 13:30:00,15.07
2020-05-20 13:40:00,15.26
2020-05-20 13:50:00,15.49
2020-05-20 14:00:00,15.86
2020-05-20 14:10:00,15.93
2020-05-20 14:20:00,16.08
2020-05-20 14:30:00,16.56
2020-05-20 14:40:00,16.23
2020-05-20 14:50:00,16.14
2020-05-20 15:00:00,16.4
2020-05-20 15:10:00,16.39
2020-05-20 15:20:00,16.48
2020-05-20 15:30:00,16.47
2020-05-20 15:40:00,16.53
2020-05-20 15:50:00,16.54
2020-05-20 16:00:00,16.66
2020-05-20 16:10:00,16.61
2020-05-20 16:20:00,16.48
2020-05-20 16:30:00,16.33
2020-05-20 16:40:00,16.15
2020-05-20 16:50:00,16.1
2020-05-20 17:00:00,15.98
2020-05-20 17:10:00,15.67
2020-05-20 17:20:00,15.27
2020-05-20 17:30:00,15.06
2020-05-20 17:40:00,14.96
2020-05-20 17:50:00,14.92
2020-05-20 18:00:00,15.05
2020-05-20 18:10:00,15.2
2020-05-20 18:20:00,15.32
2020-05-20 18:30:00,15.42
2020-05-20 18:40:00,15.55
2020-05-20 18:50:00,15.61
2020-05-20 19:00:00,15.6
2020-05-20 19:10:00,15.62
2020-05-20 19:20:00,15.61
2020-05-20 19:30:00,15.55
2020-05-20 19:40:00,15.46
2020-05-20 19:50:00,15.36
2020-05-20 20:00:00,15.28
2020-05-20 20:10:00,15.25
2020-05-20 20:20:00,15.2
2020-05-20 20:30:00,15.08
2020-05-20 20:40:00,15.1
2020-05-20 20:50:00,15.06
2020-05-20 21:00:00,15.05
2020-05-20 21:10:00,14.99
2020-05-20 21:20:00,14.75
2020-05-20 21:30:00,14.45
2020-05-20 21:40:00,14.08
2020-05-20 21:50:00,13.83
2020-05-20 22:00:00,13.78
2020-05-20 22:10:00,13.63
2020-05-20 22:20:00,13.41
2020-05-20 22:30:00,13.3
2020-05-20 22:40:00,12.94
2020-05-20 22:50:00,12.36
2020-05-20 23:00:00,12.38
2020-05-20 23:10:00,12.62
2020-05-20 23:20:00,12.13
2020-05-20 23:30:00,11.7
2020-05-20 23:40:00,11.57
2020-05-20 23:50:00,11.22
2020-05-21 00:00:00,11.1
2020-05-21 00:10:00,11.02
2020-05-21 00:20:00,11.06
2020-05-21 00:30:00,10.73
2020-05-21 00:40:00,10.37
2020-05-21 00:50:00,10.15
2020-05-21 01:00:00,10.16
2020-05-21 01:10:00,10.06
2020-05-21 01:20:00,9.6
2020-05-21 01:30:00,9.39
2020-05-21 01:40:00,9.26
2020-05-21 01:50:00,9.18
2020-05-21 02:00:00,9.05
2020-05-21 02:10:00,8.95
2020-05-21 02:20:00,8.79
2020-05-21 02:30:00,8.61
2020-05-21 02:40:00,8.5
2020-05-21 02:50:00,8.29
2020-05-21 03:00:00,8.03
2020-05-21 03:10:00,7.87
2020-05-21 03:20:00,7.76
2020-05-21 03:30:00,7.62
2020-05-21 03:40:00,7.58
2020-05-21 03:50:00,7.6
2020-05-21 04:00:00,7.61
2020-05-21 04:10:00,7.64
2020-05-21 04:20:00,7.69
2020-05-21 04:30:00,7.49
2020-05-21 04:40:00,7.42
2020-05-21 04:50:00,7.58
2020-05-21 05:00:00,7.83
2020-05-21 05:10:00,8.06
2020-05-21 05:20:00,8.08
2020-05-21 05:30:00,8.03
2020-05-21 05:40:00,7.53
2020-05-21 05:50:00,7.21
2020-05-21 06:00:00,7.13
2020-05-21 06:10:00,7.08
2020-05-21 06:20:00,7.52
2020-05-21 06:30:00,8.14
2020-05-21 06:40:00,8.74
2020-05-21 06:50:00,9.24
2020-05-21 07:00:00,9.72
2020-05-21 07:10:00,10.36
2020-05-21 07:20:00,11.05
2020-05-21 07:30:00,11.58
2020-05-21 07:40:00,12.28
2020-05-21 07:50:00,12.89
2020-05-21 08:00:00,13.26
2020-05-21 08:10:00,13.51
2020-05-21 08:20:00,13.86
2020-05-21 08:30:00,14.22
2020-05-21 08:40:00,15.3
2020-05-21 08:50:00,15.95
2020-05-21 09:00:00,16.46
2020-05-21 09:10:00,17.13
2020-05-21 09:20:00,16.65
2020-05-21 09:30:00,17.19
2020-05-21 09:40:00,16.96
2020-05-21 09:50:00,16.84
2020-05-21 10:00:00,17.07
2020-05-21 10:10:00,17.21
2020-05-21 10:20:00,17.36
2020-05-21 10:30:00,17.29
2020-05-21 10:40:00,17.38
2020-05-21 10:50:00,17.9
2020-05-21 11:00:00,17.84
2020-05-21 11:10:00,18.01
2020-05-21 11:20:00,18.08
2020-05-21 11:30:00,18.25
2020-05-21 11:40:00,18.32
2020-05-21 11:50:00,18.69
2020-05-21 12:00:00,18.8
2020-05-21 12:10:00,18.61
2020-05-21 12:20:00,18.57
2020-05-21 12:30:00,18.65
2020-05-21 12:40:00,18.96
2020-05-21 12:50:00,18.81
2020-05-21 13:00:00,18.99
2020-05-21 13:10:00,19.48
2020-05-21 13:20:00,19.38
2020-05-21 13:30:00,19.3
2020-05-21 13:40:00,19.71
2020-05-21 13:50:00,19.63
2020-05-21 14:00:00,19.61
2020-05-21 14:10:00,19.7
2020-05-21 14:20:00,20.01
2020-05-21 14:30:00,20.04
2020-05-21 14:40:00,20.17
2020-05-21 14:50:00,20.21
2020-05-21 15:00:00,20.22
2020-05-21 15:10:00,20.54
2020-05-21 15:20:00,20.44
2020-05-21 15:30:00,20.66
2020-05-21 15:40:00,20.71
2020-05-21 15:50:00,21.32
2020-05-21 16:00:00,21.36
2020-05-21 16:10:00,20.68
2020-05-21 16:20:00,20.41
2020-05-21 16:30:00,20.51
2020-05-21 16:40:00,21.11
2020-05-21 16:50:00,20.95
2020-05-21 17:00:00,21.04
2020-05-21 17:10:00,21.06
2020-05-21 17:20:00,20.85
2020-05-21 17:30:00,20.71
2020-05-21 17:40:00,20.73
2020-05-21 17:50:00,20.75
2020-05-21 18:00:00,20.61
2020-05-21 18:10:00,20.47
2020-05-21 18:20:00,20.41
2020-05-21 18:30:00,20.33
2020-05-21 18:40:00,20.24
2020-05-21 18:50:00,19.75
2020-05-21 19:00:00,19.39
2020-05-21 19:10:00,19.14
2020-05-21 19:20:00,19.01
2020-05-21 19:30:00,18.85
2020-05-21 19:40:00,18.71
2020-05-21 19:50:00,18.52
2020-05-21 20:00:00,18.28
2020-05-21 20:10:00,17.93
2020-05-21 20:20:00,17.65
2020-05-21 20:30:00,17.52
2020-05-21 20:40:00,17.3
2020-05-21 20:50:00,17.1
2020-05-21 21:00:00,16.66
2020-05-21 21:10:00,16.6
2020-05-21 21:20:00,16.18
2020-05-21 21:30:00,15.79
2020-05-21 21:40:00,15.08
2020-05-21 21:50:00,14.84
2020-05-21 22:00:00,14.55
2020-05-21 22:10:00,14.48
2020-05-21 22:20:00,14.5
2020-05-21 22:30:00,14.35
2020-05-21 22:40:00,13.97
2020-05-21 22:50:00,13.57
2020-05-21 23:00:00,13.29
2020-05-21 23:10:00,13.04
2020-05-21 23:20:00,12.81
2020-05-21 23:30:00,12.46
2020-05-21 23:40:00,11.78
2020-05-21 23:50:00,11.64
2020-05-22 00:00:00,11.42
2020-05-22 00:10:00,11.22
2020-05-22 00:20:00,11.06
2020-05-22 00:30:00,11.14
2020-05-22 00:40:00,10.8
2020-05-22 00:50:00,10.43
2020-05-22 01:00:00,10.15
2020-05-22 01:10:00,10.09
2020-05-22 01:20:00,10.04
2020-05-22 01:30:00,9.89
2020-05-22 01:40:00,9.89
2020-05-22 01:50:00,9.76
2020-05-22 02:00:00,9.67
2020-05-22 02:10:00,9.38
2020-05-22 02:20:00,9.14
2020-05-22 02:30:00,8.87
2020-05-22 02:40:00,8.66
2020-05-22 02:50:00,8.62
2020-05-22 03:00:00,8.49
2020-05-22 03:10:00,8.54
2020-05-22 03:20:00,8.45
2020-05-22 03:30:00,8.29
2020-05-22 03:40:00,8.26
2020-05-22 03:50:00,8.14
2020-05-22 04:00:00,8.07
2020-05-22 04:10:00,8.12
2020-05-22 04:20:00,8.23
2020-05-22 04:30:00,8.19
2020-05-22 04:40:00,8.63
2020-05-22 04:50:00,8.91
2020-05-22 05:00:00,8.93
2020-05-22 05:10:00,8.3
2020-05-22 05:20:00,8.1
2020-05-22 05:30:00,8.51
2020-05-22 05:40:00,8.97
2020-05-22 05:50:00,9.01
2020-05-22 06:00:00,9.03
2020-05-22 06:10:00,9.21
2020-05-22 06:20:00,9.51
2020-05-22 06:30:00,9.86
2020-05-22 06:40:00,10.26
2020-05-22 06:50:00,10.46
2020-05-22 07:00:00,10.78
2020-05-22 07:10:00,11.16
2020-05-22 07:20:00,11.33
2020-05-22 07:30:00,11.59
2020-05-22 07:40:00,12.02
2020-05-22 07:50:00,13.42
2020-05-22 08:00:00,14.25
2020-05-22 08:10:00,14.09
2020-05-22 08:20:00,14.85
2020-05-22 08:30:00,15.5
2020-05-22 08:40:00,16.28
2020-05-22 08:50:00,17.2
2020-05-22 09:00:00,18.28
2020-05-22 09:10:00,18.7
2020-05-22 09:20:00,18.65
2020-05-22 09:30:00,19.16
2020-05-22 09:40:00,19.21
2020-05-22 09:50:00,19.91
2020-05-22 10:00:00,20.7
2020-05-22 10:10:00,21.27
2020-05-22 10:20:00,21.67
2020-05-22 10:30:00,21.79
2020-05-22 10:40:00,22.04
2020-05-22 10:50:00,22.18
2020-05-22 11:00:00,22.37
2020-05-22 11:10:00,22.72
2020-05-22 11:20:00,22.91
2020-05-22 11:30:00,23.17
2020-05-22 11:40:00,23.31
2020-05-22 11:50:00,23.38
2020-05-22 12:00:00,23.6
2020-05-22 12:10:00,24.01
2020-05-22 12:20:00,24.11
2020-05-22 12:30:00,24.0
2020-05-22 12:40:00,23.81
2020-05-22 12:50:00,23.65
2020-05-22 13:00:00,23.58
2020-05-22 13:10:00,23.87
2020-05-22 13:20:00,23.78
2020-05-22 13:30:00,23.53
2020-05-22 13:40:00,23.17
2020-05-22 13:50:00,23.36
2020-05-22 14:00:00,23.48
2020-05-22 14:10:00,23.59
2020-05-22 14:20:00,23.7
2020-05-22 14:30:00,23.94
2020-05-22 14:40:00,23.97
2020-05-22 14:50:00,23.97
2020-05-22 15:00:00,23.81
2020-05-22 15:10:00,23.68
2020-05-22 15:20:00,23.76
2020-05-22 15:30:00,23.38
2020-05-22 15:40:00,23.09
2020-05-22 15:50:00,22.62
2020-05-22 16:00:00,21.44
2020-05-22 16:10:00,20.54
2020-05-22 16:20:00,20.2
2020-05-22 16:30:00,20.16
2020-05-22 16:40:00,19.55
2020-05-22 16:50:00,18.9
2020-05-22 17:00:00,18.62
2020-05-22 17:10:00,18.21
2020-05-22 17:20:00,18.35
2020-05-22 17:30:00,18.45
2020-05-22 17:40:00,18.43
2020-05-22 17:50:00,18.31
2020-05-22 18:00:00,18.25
2020-05-22 18:10:00,18.11
2020-05-22 18:20:00,17.99
2020-05-22 18:30:00,17.86
2020-05-22 18:40:00,17.75
2020-05-22 18:50:00,17.54
2020-05-22 19:00:00,17.46
2020-05-22 19:10:00,17.31
2020-05-22 19:20:00,17.19
2020-05-22 19:30:00,17.05
2020-05-22 19:40:00,16.85
2020-05-22 19:50:00,16.71
2020-05-22 20:00:00,16.69
2020-05-22 20:10:00,16.59
2020-05-22 20:20:00,16.36
2020-05-22 20:30:00,16.27
2020-05-22 20:40:00,16.34
2020-05-22 20:50:00,16.35
2020-05-22 21:00:00,16.35
2020-05-22 21:10:00,16.26
2020-05-22 21:20:00,16.18
2020-05-22 21:30:00,16.04
2020-05-22 21:40:00,15.91
2020-05-22 21:50:00,15.91
2020-05-22 22:00:00,16.02
2020-05-22 22:10:00,15.92
2020-05-22 22:20:00,15.68
2020-05-22 22:30:00,15.58
2020-05-22 22:40:00,15.44
2020-05-22 22:50:00,15.4
2020-05-22 23:00:00,15.38
2020-05-22 23:10:00,15.31
2020-05-22 23:20:00,15.16
2020-05-22 23:30:00,15.2
2020-05-22 23:40:00,15.12
2020-05-22 23:50:00,15.01
2020-05-23 00:00:00,14.97
2020-05-23 00:10:00,15.02
2020-05-23 00:20:00,15.08
2020-05-23 00:30:00,15.14
2020-05-23 00:40:00,15.13
2020-05-23 00:50:00,15.09
2020-05-23 01:00:00,15.06
2020-05-23 01:10:00,15.07
2020-05-23 01:20:00,15.07
2020-05-23 01:30:00,15.07
2020-05-23 01:40:00,15.09
2020-05-23 01:50:00,15.06
2020-05-23 02:00:00,15.07
2020-05-23 02:10:00,15.04
2020-05-23 02:20:00,15.03
2020-05-23 02:30:00,15.01
2020-05-23 02:40:00,14.96
2020-05-23 02:50:00,14.91
2020-05-23 03:00:00,15.1
2020-05-23 03:10:00,15.2
2020-05-23 03:20:00,15.16
2020-05-23 03:30:00,15.08
2020-05-23 03:40:00,15.01
2020-05-23 03:50:00,14.93
2020-05-23 04:00:00,14.8
2020-05-23 04:10:00,14.6
2020-05-23 04:20:00,14.36
2020-05-23 04:30:00,14.11
2020-05-23 04:40:00,13.78
2020-05-23 04:50:00,13.36
2020-05-23 05:00:00,12.88
2020-05-23 05:10:00,12.6
2020-05-23 05:20:00,12.54
2020-05-23 05:30:00,12.42
2020-05-23 05:40:00,12.2
2020-05-23 05:50:00,12.02
2020-05-23 06:00:00,11.95
2020-05-23 06:10:00,11.87
2020-05-23 06:20:00,11.87
2020-05-23 06:30:00,11.98
2020-05-23 06:40:00,12.14
2020-05-23 06:50:00,12.34
2020-05-23 07:00:00,12.46
2020-05-23 07:10:00,12.54
2020-05-23 07:20:00,12.56
2020-05-23 07:30:00,12.68
2020-05-23 07:40:00,12.85
2020-05-23 07:50:00,13.2
2020-05-23 08:00:00,13.32
2020-05-23 08:10:00,13.45
2020-05-23 08:20:00,14.02
2020-05-23 08:30:00,14.65
2020-05-23 08:40:00,15.16
2020-05-23 08:50:00,15.53
2020-05-23 09:00:00,15.78
2020-05-23 09:10:00,15.42
2020-05-23 09:20:00,15.14
2020-05-23 09:30:00,15.2
2020-05-23 09:40:00,15.27
2020-05-23 09:50:00,15.28
2020-05-23 10:00:00,15.47
2020-05-23 10:10:00,15.34
2020-05-23 10:20:00,15.23
2020-05-23 10:30:00,15.22
2020-05-23 10:40:00,15.33
2020-05-23 10:50:00,15.4
2020-05-23 11:00:00,15.32
2020-05-23 11:10:00,15.44
2020-05-23 11:20:00,15.55
2020-05-23 11:30:00,15.63
2020-05-23 11:40:00,15.48
2020-05-23 11:50:00,15.34
2020-05-23 12:00:00,15.28
2020-05-23 12:10:00,15.18
2020-05-23 12:20:00,14.9
2020-05-23 12:30:00,13.43
2020-05-23 12:40:00,12.64
2020-05-23 12:50:00,12.54
2020-05-23 13:00:00,12.47
2020-05-23 13:10:00,12.53
2020-05-23 13:20:00,12.62
2020-05-23 13:30:00,12.68
2020-05-23 13:40:00,12.7
2020-05-23 13:50:00,12.59
2020-05-23 14:00:00,12.48
2020-05-23 14:10:00,12.61
2020-05-23 14:20:00,12.71
2020-05-23 14:30:00,12.8
2020-05-23 14:40:00,12.88
2020-05-23 14:50:00,12.82
2020-05-23 15:00:00,12.85
2020-05-23 15:10:00,13.03
2020-05-23 15:20:00,13.29
2020-05-23 15:30:00,13.56
2020-05-23 15:40:00,13.83
2020-05-23 15:50:00,14.2
2020-05-23 16:00:00,14.1
2020-05-23 16:10:00,14.16
2020-05-23 16:20:00,14.15
2020-05-23 16:30:00,14.21
2020-05-23 16:40:00,14.13
2020-05-23 16:50:00,14.43
2020-05-23 17:00:00,14.43
2020-05-23 17:10:00,14.21
2020-05-23 17:20:00,14.07
2020-05-23 17:30:00,13.92
2020-05-23 17:40:00,13.86
2020-05-23 17:50:00,13.76
2020-05-23 18:00:00,13.57
2020-05-23 18:10:00,13.44
2020-05-23 18:20:00,13.36
2020-05-23 18:30:00,13.33
2020-05-23 18:40:00,13.18
2020-05-23 18:50:00,13.0
2020-05-23 19:00:00,12.85
2020-05-23 19:10:00,12.73
2020-05-23 19:20:00,12.62
2020-05-23 19:30:00,12.49
2020-05-23 19:40:00,12.33
2020-05-23 19:50:00,12.23
2020-05-23 20:00:00,12.1
2020-05-23 20:10:00,11.92
2020-05-23 20:20:00,11.78
2020-05-23 20:30:00,11.66
2020-05-23 20:40:00,11.53
2020-05-23 20:50:00,11.38
2020-05-23 21:00:00,11.23
2020-05-23 21:10:00,11.05
2020-05-23 21:20:00,10.96
2020-05-23 21:30:00,10.8
2020-05-23 21:40:00,10.64
2020-05-23 21:50:00,10.49
2020-05-23 22:00:00,10.45
2020-05-23 22:10:00,10.4
2020-05-23 22:20:00,10.35
2020-05-23 22:30:00,10.35
2020-05-23 22:40:00,10.53
2020-05-23 22:50:00,10.66
2020-05-23 23:00:00,10.74
2020-05-23 23:10:00,10.57
2020-05-23 23:20:00,10.46
2020-05-23 23:30:00,10.36
2020-05-23 23:40:00,10.43
2020-05-23 23:50:00,10.55
2020-05-24 00:00:00,10.34
2020-05-24 00:10:00,10.06
2020-05-24 00:20:00,9.86
2020-05-24 00:30:00,9.67
2020-05-24 00:40:00,9.69
2020-05-24 00:50:00,9.51
2020-05-24 01:00:00,9.5
2020-05-24 01:10:00,9.53
2020-05-24 01:20:00,9.53
2020-05-24 01:30:00,9.28
2020-05-24 01:40:00,9.25
2020-05-24 01:50:00,9.19
2020-05-24 02:00:00,9.15
2020-05-24 02:10:00,9.07
2020-05-24 02:20:00,9.03
2020-05-24 02:30:00,8.96
2020-05-24 02:40:00,8.87
2020-05-24 02:50:00,8.69
2020-05-24 03:00:00,8.53
2020-05-24 03:10:00,8.48
2020-05-24 03:20:00,8.3
2020-05-24 03:30:00,8.1
2020-05-24 03:40:00,7.82
2020-05-24 03:50:00,7.64
2020-05-24 04:00:00,7.63
2020-05-24 04:10:00,7.64
2020-05-24 04:20:00,7.51
2020-05-24 04:30:00,7.39
2020-05-24 04:40:00,7.43
2020-05-24 04:50:00,7.56
2020-05-24 05:00:00,7.61
2020-05-24 05:10:00,7.57
2020-05-24 05:20:00,7.47
2020-05-24 05:30:00,7.52
2020-05-24 05:40:00,7.75
2020-05-24 05:50:00,8.45
2020-05-24 06:00:00,9.16
2020-05-24 06:10:00,9.98
2020-05-24 06:20:00,10.52
2020-05-24 06:30:00,10.43
2020-05-24 06:40:00,10.63
2020-05-24 06:50:00,11.57
2020-05-24 07:00:00,12.14
2020-05-24 07:10:00,12.33
2020-05-24 07:20:00,11.98
2020-05-24 07:30:00,12.01
2020-05-24 07:40:00,12.46
2020-05-24 07:50:00,12.96
2020-05-24 08:00:00,13.23
2020-05-24 08:10:00,13.2
2020-05-24 08:20:00,13.33
2020-05-24 08:30:00,13.51
2020-05-24 08:40:00,13.16
2020-05-24 08:50:00,13.93
2020-05-24 09:00:00,14.15
2020-05-24 09:10:00,13.57
2020-05-24 09:20:00,13.17
2020-05-24 09:30:00,13.31
2020-05-24 09:40:00,13.81
2020-05-24 09:50:00,13.99
2020-05-24 10:00:00,14.23
2020-05-24 10:10:00,14.41
2020-05-24 10:20:00,14.66
2020-05-24 10:30:00,15.02
2020-05-24 10:40:00,15.24
2020-05-24 10:50:00,14.55
2020-05-24 11:00:00,14.68
2020-05-24 11:10:00,14.64
2020-05-24 11:20:00,14.33
2020-05-24 11:30:00,14.57
2020-05-24 11:40:00,15.23
2020-05-24 11:50:00,15.6
2020-05-24 12:00:00,15.77
2020-05-24 12:10:00,15.34
2020-05-24 12:20:00,15.2
2020-05-24 12:30:00,14.9
2020-05-24 12:40:00,15.49
2020-05-24 12:50:00,16.11
2020-05-24 13:00:00,16.64
2020-05-24 13:10:00,16.09
2020-05-24 13:20:00,15.82
2020-05-24 13:30:00,15.93
2020-05-24 13:40:00,15.66
2020-05-24 13:50:00,15.83
2020-05-24 14:00:00,15.47
2020-05-24 14:10:00,15.48
2020-05-24 14:20:00,16.32
2020-05-24 14:30:00,16.55
2020-05-24 14:40:00,16.65
2020-05-24 14:50:00,16.55
2020-05-24 15:00:00,16.65
2020-05-24 15:10:00,16.36
2020-05-24 15:20:00,16.42
2020-05-24 15:30:00,15.86
2020-05-24 15:40:00,15.67
2020-05-24 15:50:00,15.63
2020-05-24 16:00:00,15.48
2020-05-24 16:10:00,15.16
2020-05-24 16:20:00,15.05
2020-05-24 16:30:00,15.08
2020-05-24 16:40:00,15.0
2020-05-24 16:50:00,14.86
2020-05-24 17:00:00,14.78
2020-05-24 17:10:00,14.84
2020-05-24 17:20:00,14.77
2020-05-24 17:30:00,14.58
2020-05-24 17:40:00,14.42
2020-05-24 17:50:00,14.37
2020-05-24 18:00:00,14.3
2020-05-24 18:10:00,14.3
2020-05-24 18:20:00,14.23
2020-05-24 18:30:00,14.14
2020-05-24 18:40:00,13.96
2020-05-24 18:50:00,13.85
2020-05-24 19:00:00,13.69
2020-05-24 19:10:00,13.48
2020-05-24 19:20:00,13.33
2020-05-24 19:30:00,13.25
2020-05-24 19:40:00,13.09
2020-05-24 19:50:00,12.89
2020-05-24 20:00:00,12.64
2020-05-24 20:10:00,12.38
2020-05-24 20:20:00,12.18
2020-05-24 20:30:00,11.78
2020-05-24 20:40:00,11.35
2020-05-24 20:50:00,11.0
2020-05-24 21:00:00,10.85
2020-05-24 21:10:00,10.82
2020-05-24 21:20:00,10.66
2020-05-24 21:30:00,10.51
2020-05-24 21:40:00,10.43
2020-05-24 21:50:00,10.42
2020-05-24 22:00:00,10.49
2020-05-24 22:10:00,10.63
2020-05-24 22:20:00,10.67
2020-05-24 22:30:00,10.77
2020-05-24 22:40:00,10.8
2020-05-24 22:50:00,10.84
2020-05-24 23:00:00,10.87
2020-05-24 23:10:00,10.89
2020-05-24 23:20:00,10.93
2020-05-24 23:30:00,10.95
2020-05-24 23:40:00,11.0
2020-05-24 23:50:00,11.0
2020-05-25 00:00:00,11.0
2020-05-25 00:10:00,11.01
2020-05-25 00:20:00,11.0
2020-05-25 00:30:00,11.01
2020-05-25 00:40:00,11.03
2020-05-25 00:50:00,11.04
2020-05-25 01:00:00,10.97
2020-05-25 01:10:00,10.84
2020-05-25 01:20:00,10.66
2020-05-25 01:30:00,10.55
2020-05-25 01:40:00,10.54
2020-05-25 01:50:00,10.54
2020-05-25 02:00:00,10.49
2020-05-25 02:10:00,10.39
2020-05-25 02:20:00,10.34
2020-05-25 02:30:00,10.25
2020-05-25 02:40:00,10.21
2020-05-25 02:50:00,10.15
2020-05-25 03:00:00,10.13
2020-05-25 03:10:00,10.2
2020-05-25 03:20:00,10.2
2020-05-25 03:30:00,10.19
2020-05-25 03:40:00,10.15
2020-05-25 03:50:00,10.14
2020-05-25 04:00:00,10.15
2020-05-25 04:10:00,10.14
2020-05-25 04:20:00,10.16
2020-05-25 04:30:00,10.22
2020-05-25 04:40:00,10.29
2020-05-25 04:50:00,10.36
2020-05-25 05:00:00,10.35
2020-05-25 05:10:00,10.35
2020-05-25 05:20:00,10.4
2020-05-25 05:30:00,10.5
2020-05-25 05:40:00,10.61
2020-05-25 05:50:00,10.71
2020-05-25 06:00:00,10.99
2020-05-25 06:10:00,10.97
2020-05-25 06:20:00,10.81
2020-05-25 06:30:00,10.86
2020-05-25 06:40:00,10.96
2020-05-25 06:50:00,11.1
2020-05-25 07:00:00,11.2
2020-05-25 07:10:00,11.51
2020-05-25 07:20:00,12.04
2020-05-25 07:30:00,12.1
2020-05-25 07:40:00,12.13
2020-05-25 07:50:00,11.75
2020-05-25 08:00:00,11.83
2020-05-25 08:10:00,13.01
2020-05-25 08:20:00,13.52
2020-05-25 08:30:00,14.02
2020-05-25 08:40:00,14.16
2020-05-25 08:50:00,14.33
2020-05-25 09:00:00,14.77
2020-05-25 09:10:00,14.95
2020-05-25 09:20:00,14.89
2020-05-25 09:30:00,14.38
2020-05-25 09:40:00,15.02
2020-05-25 09:50:00,14.81
2020-05-25 10:00:00,14.02
2020-05-25 10:10:00,14.04
2020-05-25 10:20:00,14.29
2020-05-25 10:30:00,14.48
2020-05-25 10:40:00,14.54
2020-05-25 10:50:00,14.77
2020-05-25 11:00:00,14.68
2020-05-25 11:10:00,14.13
2020-05-25 11:20:00,14.02
2020-05-25 11:30:00,14.12
2020-05-25 11:40:00,14.31
2020-05-25 11:50:00,13.47
2020-05-25 12:00:00,13.75
2020-05-25 12:10:00,14.04
2020-05-25 12:20:00,13.8
2020-05-25 12:30:00,13.99
2020-05-25 12:40:00,14.05
2020-05-25 12:50:00,13.74
2020-05-25 13:00:00,13.86
2020-05-25 13:10:00,14.01
2020-05-25 13:20:00,13.5
2020-05-25 13:30:00,13.75
2020-05-25 13:40:00,14.19
2020-05-25 13:50:00,14.03
2020-05-25 14:00:00,14.16
2020-05-25 14:10:00,14.57
2020-05-25 14:20:00,14.54
2020-05-25 14:30:00,14.47
2020-05-25 14:40:00,14.6
2020-05-25 14:50:00,14.69
2020-05-25 15:00:00,14.38
2020-05-25 15:10:00,14.33
2020-05-25 15:20:00,14.27
2020-05-25 15:30:00,14.56
2020-05-25 15:40:00,14.09
2020-05-25 15:50:00,13.87
2020-05-25 16:00:00,13.82
2020-05-25 16:10:00,13.76
2020-05-25 16:20:00,13.81
2020-05-25 16:30:00,13.82
2020-05-25 16:40:00,13.74
2020-05-25 16:50:00,13.72
2020-05-25 17:00:00,13.64
2020-05-25 17:10:00,13.67
2020-05-25 17:20:00,13.58
2020-05-25 17:30:00,13.53
2020-05-25 17:40:00,13.54
2020-05-25 17:50:00,13.5
2020-05-25 18:00:00,13.27
2020-05-25 18:10:00,13.11
2020-05-25 18:20:00,13.07
2020-05-25 18:30:00,13.0
2020-05-25 18:40:00,13.04
2020-05-25 18:50:00,13.01
2020-05-25 19:00:00,12.99
2020-05-25 19:10:00,12.95
2020-05-25 19:20:00,12.78
2020-05-25 19:30:00,12.56
2020-05-25 19:40:00,12.32
2020-05-25 19:50:00,12.11
2020-05-25 20:00:00,11.85
2020-05-25 20:10:00,11.68
2020-05-25 20:20:00,11.43
2020-05-25 20:30:00,11.22
2020-05-25 20:40:00,10.99
2020-05-25 20:50:00,10.83
2020-05-25 21:00:00,10.72
2020-05-25 21:10:00,10.58
2020-05-25 21:20:00,10.53
2020-05-25 21:30:00,10.65
2020-05-25 21:40:00,10.73
2020-05-25 21:50:00,10.67
2020-05-25 22:00:00,10.66
2020-05-25 22:10:00,10.68
2020-05-25 22:20:00,10.78
2020-05-25 22:30:00,10.79
2020-05-25 22:40:00,10.79
2020-05-25 22:50:00,10.79
2020-05-25 23:00:00,10.73
2020-05-25 23:10:00,10.65
2020-05-25 23:20:00,10.56
2020-05-25 23:30:00,10.43
2020-05-25 23:40:00,10.34
2020-05-25 23:50:00,10.28
2020-05-26 00:00:00,10.13
2020-05-26 00:10:00,10.0
2020-05-26 00:20:00,9.8
2020-05-26 00:30:00,9.58
2020-05-26 00:40:00,9.3
2020-05-26 00:50:00,9.44
2020-05-26 01:00:00,9.64
2020-05-26 01:10:00,9.66
2020-05-26 01:20:00,9.24
2020-05-26 01:30:00,8.99
2020-05-26 01:40:00,8.83
2020-05-26 01:50:00,8.91
2020-05-26 02:00:00,8.61
2020-05-26 02:10:00,8.41
2020-05-26 02:20:00,8.31
2020-05-26 02:30:00,8.26
2020-05-26 02:40:00,8.39
2020-05-26 02:50:00,8.41
2020-05-26 03:00:00,8.38
2020-05-26 03:10:00,8.27
2020-05-26 03:20:00,8.31
2020-05-26 03:30:00,8.33
2020-05-26 03:40:00,8.34
2020-05-26 03:50:00,8.34
2020-05-26 04:00:00,8.42
2020-05-26 04:10:00,8.38
2020-05-26 04:20:00,8.49
2020-05-26 04:30:00,8.65
2020-05-26 04:40:00,8.68
2020-05-26 04:50:00,8.57
2020-05-26 05:00:00,8.38
2020-05-26 05:10:00,8.53
2020-05-26 05:20:00,8.72
2020-05-26 05:30:00,9.02
2020-05-26 05:40:00,9.12
2020-05-26 05:50:00,9.06
2020-05-26 06:00:00,9.07
2020-05-26 06:10:00,9.27
2020-05-26 06:20:00,9.45
2020-05-26 06:30:00,9.58
2020-05-26 06:40:00,9.77
2020-05-26 06:50:00,10.01
2020-05-26 07:00:00,9.96
2020-05-26 07:10:00,9.99
2020-05-26 07:20:00,10.09
2020-05-26 07:30:00,10.28
2020-05-26 07:40:00,10.45
2020-05-26 07:50:00,10.56
2020-05-26 08:00:00,10.64
2020-05-26 08:10:00,10.75
2020-05-26 08:20:00,10.83
2020-05-26 08:30:00,10.96
2020-05-26 08:40:00,11.26
2020-05-26 08:50:00,11.52
2020-05-26 09:00:00,11.34
2020-05-26 09:10:00,11.45
2020-05-26 09:20:00,11.7
2020-05-26 09:30:00,11.65
2020-05-26 09:40:00,11.72
2020-05-26 09:50:00,11.93
2020-05-26 10:00:00,12.06
2020-05-26 10:10:00,12.31
2020-05-26 10:20:00,12.72
2020-05-26 10:30:00,13.33
2020-05-26 10:40:00,13.66
2020-05-26 10:50:00,13.34
2020-05-26 11:00:00,13.44
2020-05-26 11:10:00,13.96
2020-05-26 11:20:00,13.98
2020-05-26 11:30:00,13.68
2020-05-26 11:40:00,13.75
2020-05-26 11:50:00,14.23
2020-05-26 12:00:00,14.2
2020-05-26 12:10:00,14.5
2020-05-26 12:20:00,14.53
2020-05-26 12:30:00,14.55
2020-05-26 12:40:00,14.52
2020-05-26 12:50:00,14.5
2020-05-26 13:00:00,14.93
2020-05-26 13:10:00,15.07
2020-05-26 13:20:00,15.07
2020-05-26 13:30:00,15.6
2020-05-26 13:40:00,16.19
2020-05-26 13:50:00,16.18
2020-05-26 14:00:00,16.18
2020-05-26 14:10:00,16.69
2020-05-26 14:20:00,16.28
2020-05-26 14:30:00,16.56
2020-05-26 14:40:00,16.6
2020-05-26 14:50:00,17.24
2020-05-26 15:00:00,16.31
2020-05-26 15:10:00,16.59
2020-05-26 15:20:00,16.94
2020-05-26 15:30:00,17.13
2020-05-26 15:40:00,17.3
2020-05-26 15:50:00,16.8
2020-05-26 16:00:00,17.36
2020-05-26 16:10:00,17.74
2020-05-26 16:20:00,17.63
2020-05-26 16:30:00,17.96
2020-05-26 16:40:00,17.85
2020-05-26 16:50:00,18.17
2020-05-26 17:00:00,17.94
2020-05-26 17:10:00,18.03
2020-05-26 17:20:00,17.94
2020-05-26 17:30:00,18.06
2020-05-26 17:40:00,18.29
2020-05-26 17:50:00,18.01
2020-05-26 18:00:00,18.2
2020-05-26 18:10:00,18.11
2020-05-26 18:20:00,18.0
2020-05-26 18:30:00,18.16
2020-05-26 18:40:00,18.31
2020-05-26 18:50:00,18.02
2020-05-26 19:00:00,17.28
2020-05-26 19:10:00,16.88
2020-05-26 19:20:00,16.73
2020-05-26 19:30:00,16.61
2020-05-26 19:40:00,16.38
2020-05-26 19:50:00,16.07
2020-05-26 20:00:00,15.88
2020-05-26 20:10:00,15.76
2020-05-26 20:20:00,15.56
2020-05-26 20:30:00,15.43
2020-05-26 20:40:00,15.29
2020-05-26 20:50:00,15.2
2020-05-26 21:00:00,14.91
2020-05-26 21:10:00,14.36
2020-05-26 21:20:00,14.05
2020-05-26 21:30:00,13.8
2020-05-26 21:40:00,13.44
2020-05-26 21:50:00,13.24
2020-05-26 22:00:00,13.14
2020-05-26 22:10:00,12.91
2020-05-26 22:20:00,12.73
2020-05-26 22:30:00,12.42
2020-05-26 22:40:00,12.03
2020-05-26 22:50:00,11.85
2020-05-26 23:00:00,11.88
2020-05-26 23:10:00,11.83
2020-05-26 23:20:00,11.91
2020-05-26 23:30:00,11.94
2020-05-26 23:40:00,11.9
2020-05-26 23:50:00,11.74
2020-05-27 00:00:00,11.63
2020-05-27 00:10:00,11.48
2020-05-27 00:20:00,11.44
2020-05-27 00:30:00,11.41
2020-05-27 00:40:00,11.45
2020-05-27 00:50:00,11.35
2020-05-27 01:00:00,11.36
2020-05-27 01:10:00,11.33
2020-05-27 01:20:00,11.04
2020-05-27 01:30:00,11.0
2020-05-27 01:40:00,11.06
2020-05-27 01:50:00,10.96
2020-05-27 02:00:00,10.79
2020-05-27 02:10:00,10.52
2020-05-27 02:20:00,10.36
2020-05-27 02:30:00,10.23
2020-05-27 02:40:00,10.14
2020-05-27 02:50:00,10.0
2020-05-27 03:00:00,9.87
2020-05-27 03:10:00,9.71
2020-05-27 03:20:00,9.7
2020-05-27 03:30:00,9.54
2020-05-27 03:40:00,9.18
2020-05-27 03:50:00,8.93
2020-05-27 04:00:00,8.93
2020-05-27 04:10:00,8.93
2020-05-27 04:20:00,8.84
2020-05-27 04:30:00,8.58
2020-05-27 04:40:00,8.62
2020-05-27 04:50:00,8.94
2020-05-27 05:00:00,9.29
2020-05-27 05:10:00,9.81
2020-05-27 05:20:00,9.6
2020-05-27 05:30:00,9.49
2020-05-27 05:40:00,10.08
2020-05-27 05:50:00,10.52
2020-05-27 06:00:00,11.19
2020-05-27 06:10:00,11.46
2020-05-27 06:20:00,11.55
2020-05-27 06:30:00,11.84
2020-05-27 06:40:00,12.06
2020-05-27 06:50:00,12.18
2020-05-27 07:00:00,12.1
2020-05-27 07:10:00,12.33
2020-05-27 07:20:00,12.83
2020-05-27 07:30:00,13.64
2020-05-27 07:40:00,14.27
2020-05-27 07:50:00,14.59
2020-05-27 08:00:00,15.28
2020-05-27 08:10:00,15.7
2020-05-27 08:20:00,15.98
2020-05-27 08:30:00,16.55
2020-05-27 08:40:00,16.52
2020-05-27 08:50:00,17.36
2020-05-27 09:00:00,17.57
2020-05-27 09:10:00,17.82
2020-05-27 09:20:00,18.39
2020-05-27 09:30:00,18.16
2020-05-27 09:40:00,18.11
2020-05-27 09:50:00,18.28
2020-05-27 10:00:00,17.89
2020-05-27 10:10:00,18.03
2020-05-27 10:20:00,18.53
2020-05-27 10:30:00,18.74
2020-05-27 10:40:00,18.42
2020-05-27 10:50:00,18.4
2020-05-27 11:00:00,18.22
2020-05-27 11:10:00,18.62
2020-05-27 11:20:00,19.58
2020-05-27 11:30:00,19.4
2020-05-27 11:40:00,18.71
2020-05-27 11:50:00,19.18
2020-05-27 12:00:00,19.22
2020-05-27 12:10:00,18.93
2020-05-27 12:20:00,19.23
2020-05-27 12:30:00,19.68
2020-05-27 12:40:00,19.5
2020-05-27 12:50:00,20.06
2020-05-27 13:00:00,20.46
2020-05-27 13:10:00,20.61
2020-05-27 13:20:00,20.21
2020-05-27 13:30:00,20.2
2020-05-27 13:40:00,20.12
2020-05-27 13:50:00,20.49
2020-05-27 14:00:00,21.08
2020-05-27 14:10:00,21.21
2020-05-27 14:20:00,21.38
2020-05-27 14:30:00,20.87
2020-05-27 14:40:00,20.98
2020-05-27 14:50:00,20.38
2020-05-27 15:00:00,21.0
2020-05-27 15:10:00,21.33
2020-05-27 15:20:00,21.57
2020-05-27 15:30:00,21.47
2020-05-27 15:40:00,21.87
2020-05-27 15:50:00,21.69
2020-05-27 16:00:00,21.77
2020-05-27 16:10:00,21.7
2020-05-27 16:20:00,21.47
2020-05-27 16:30:00,20.78
2020-05-27 16:40:00,20.81
2020-05-27 16:50:00,21.13
2020-05-27 17:00:00,20.87
2020-05-27 17:10:00,20.66
2020-05-27 17:20:00,20.58
2020-05-27 17:30:00,20.79
2020-05-27 17:40:00,21.07
2020-05-27 17:50:00,21.31
2020-05-27 18:00:00,20.88
2020-05-27 18:10:00,20.74
2020-05-27 18:20:00,20.59
2020-05-27 18:30:00,20.6
2020-05-27 18:40:00,20.39
2020-05-27 18:50:00,20.41
2020-05-27 19:00:00,19.99
2020-05-27 19:10:00,19.67
2020-05-27 19:20:00,19.37
2020-05-27 19:30:00,19.16
2020-05-27 19:40:00,18.95
2020-05-27 19:50:00,18.79
2020-05-27 20:00:00,18.64
2020-05-27 20:10:00,18.5
2020-05-27 20:20:00,18.42
2020-05-27 20:30:00,18.37
2020-05-27 20:40:00,18.34
2020-05-27 20:50:00,18.27
2020-05-27 21:00:00,18.21
2020-05-27 21:10:00,18.18
2020-05-27 21:20:00,18.19
2020-05-27 21:30:00,18.15
2020-05-27 21:40:00,18.04
2020-05-27 21:50:00,17.95
2020-05-27 22:00:00,17.67
2020-05-27 22:10:00,17.46
2020-05-27 22:20:00,17.23
2020-05-27 22:30:00,16.79
2020-05-27 22:40:00,16.49
2020-05-27 22:50:00,16.34
2020-05-27 23:00:00,16.16
2020-05-27 23:10:00,16.34
2020-05-27 23:20:00,16.12
2020-05-27 23:30:00,16.07
2020-05-27 23:40:00,16.25
2020-05-27 23:50:00,16.26
2020-05-28 00:00:00,15.94
2020-05-28 00:10:00,15.69
2020-05-28 00:20:00,15.71
2020-05-28 00:30:00,16.18
2020-05-28 00:40:00,16.04
2020-05-28 00:50:00,15.64
2020-05-28 01:00:00,15.44
2020-05-28 01:10:00,15.32
2020-05-28 01:20:00,15.11
2020-05-28 01:30:00,14.88
2020-05-28 01:40:00,14.6
2020-05-28 01:50:00,14.27
2020-05-28 02:00:00,13.77
2020-05-28 02:10:00,12.82
2020-05-28 02:20:00,12.58
2020-05-28 02:30:00,12.32
2020-05-28 02:40:00,12.1
2020-05-28 02:50:00,11.83
2020-05-28 03:00:00,11.61
2020-05-28 03:10:00,11.42
2020-05-28 03:20:00,11.31
2020-05-28 03:30:00,11.27
2020-05-28 03:40:00,11.26
2020-05-28 03:50:00,11.21
2020-05-28 04:00:00,11.15
2020-05-28 04:10:00,11.15
2020-05-28 04:20:00,11.15
2020-05-28 04:30:00,11.13
2020-05-28 04:40:00,11.07
2020-05-28 04:50:00,11.06
2020-05-28 05:00:00,11.05
2020-05-28 05:10:00,11.01
2020-05-28 05:20:00,10.96
2020-05-28 05:30:00,10.98
2020-05-28 05:40:00,10.94
2020-05-28 05:50:00,10.98
2020-05-28 06:00:00,10.89
2020-05-28 06:10:00,10.94
2020-05-28 06:20:00,10.88
2020-05-28 06:30:00,11.16
2020-05-28 06:40:00,11.33
2020-05-28 06:50:00,10.93
2020-05-28 07:00:00,11.2
2020-05-28 07:10:00,11.01
2020-05-28 07:20:00,11.14
2020-05-28 07:30:00,11.49
2020-05-28 07:40:00,11.36
2020-05-28 07:50:00,11.1
2020-05-28 08:00:00,11.16
2020-05-28 08:10:00,11.17
2020-05-28 08:20:00,11.44
2020-05-28 08:30:00,12.12
2020-05-28 08:40:00,12.24
2020-05-28 08:50:00,12.57
2020-05-28 09:00:00,12.67
2020-05-28 09:10:00,12.28
2020-05-28 09:20:00,12.39
2020-05-28 09:30:00,12.93
2020-05-28 09:40:00,13.43
2020-05-28 09:50:00,13.41
2020-05-28 10:00:00,13.33
2020-05-28 10:10:00,13.6
2020-05-28 10:20:00,13.73
2020-05-28 10:30:00,13.69
2020-05-28 10:40:00,13.49
2020-05-28 10:50:00,14.07
2020-05-28 11:00:00,14.16
2020-05-28 11:10:00,14.21
2020-05-28 11:20:00,14.28
2020-05-28 11:30:00,14.46
2020-05-28 11:40:00,14.5
2020-05-28 11:50:00,14.67
2020-05-28 12:00:00,15.07
2020-05-28 12:10:00,14.8
2020-05-28 12:20:00,14.87
2020-05-28 12:30:00,15.07
2020-05-28 12:40:00,15.38
2020-05-28 12:50:00,15.89
2020-05-28 13:00:00,16.04
2020-05-28 13:10:00,16.39
2020-05-28 13:20:00,16.21
2020-05-28 13:30:00,15.64
2020-05-28 13:40:00,15.48
2020-05-28 13:50:00,15.97
2020-05-28 14:00:00,16.08
2020-05-28 14:10:00,16.2
2020-05-28 14:20:00,16.42
2020-05-28 14:30:00,16.58
2020-05-28 14:40:00,16.49
2020-05-28 14:50:00,16.05
2020-05-28 15:00:00,16.41
2020-05-28 15:10:00,16.53
2020-05-28 15:20:00,16.18
2020-05-28 15:30:00,15.87
2020-05-28 15:40:00,16.21
2020-05-28 15:50:00,16.36
2020-05-28 16:00:00,16.07
2020-05-28 16:10:00,16.73
2020-05-28 16:20:00,17.2
2020-05-28 16:30:00,17.38
2020-05-28 16:40:00,17.18
2020-05-28 16:50:00,17.29
2020-05-28 17:00:00,17.57
2020-05-28 17:10:00,18.17
2020-05-28 17:20:00,18.16
2020-05-28 17:30:00,17.37
2020-05-28 17:40:00,17.42
2020-05-28 17:50:00,17.45
2020-05-28 18:00:00,17.56
2020-05-28 18:10:00,17.7
2020-05-28 18:20:00,17.45
2020-05-28 18:30:00,17.37
2020-05-28 18:40:00,17.59
2020-05-28 18:50:00,17.4
2020-05-28 19:00:00,16.92
2020-05-28 19:10:00,16.65
2020-05-28 19:20:00,16.49
2020-05-28 19:30:00,16.47
2020-05-28 19:40:00,16.38
2020-05-28 19:50:00,16.2
2020-05-28 20:00:00,16.07
2020-05-28 20:10:00,15.84
2020-05-28 20:20:00,15.53
2020-05-28 20:30:00,15.01
2020-05-28 20:40:00,14.64
2020-05-28 20:50:00,14.31
2020-05-28 21:00:00,14.19
2020-05-28 21:10:00,14.02
2020-05-28 21:20:00,13.76
2020-05-28 21:30:00,13.38
2020-05-28 21:40:00,13.19
2020-05-28 21:50:00,13.03
2020-05-28 22:00:00,12.94
2020-05-28 22:10:00,12.95
2020-05-28 22:20:00,13.35
2020-05-28 22:30:00,13.55
2020-05-28 22:40:00,13.48
2020-05-28 22:50:00,13.24
2020-05-28 23:00:00,13.11
2020-05-28 23:10:00,12.91
2020-05-28 23:20:00,12.77
2020-05-28 23:30:00,12.61
2020-05-28 23:40:00,12.57
2020-05-28 23:50:00,12.53
2020-05-29 00:00:00,12.45
2020-05-29 00:10:00,12.35
2020-05-29 00:20:00,12.42
2020-05-29 00:30:00,12.42
2020-05-29 00:40:00,12.3
2020-05-29 00:50:00,11.95
2020-05-29 01:00:00,11.83
2020-05-29 01:10:00,11.74
2020-05-29 01:20:00,11.48
2020-05-29 01:30:00,11.41
2020-05-29 01:40:00,11.16
2020-05-29 01:50:00,10.99
2020-05-29 02:00:00,10.84
2020-05-29 02:10:00,10.71
2020-05-29 02:20:00,10.49
2020-05-29 02:30:00,10.4
2020-05-29 02:40:00,10.34
2020-05-29 02:50:00,10.2
2020-05-29 03:00:00,10.03
2020-05-29 03:10:00,9.82
2020-05-29 03:20:00,9.69
2020-05-29 03:30:00,9.62
2020-05-29 03:40:00,9.23
2020-05-29 03:50:00,8.46
2020-05-29 04:00:00,8.78
2020-05-29 04:10:00,8.9
2020-05-29 04:20:00,8.57
2020-05-29 04:30:00,8.55
2020-05-29 04:40:00,8.66
2020-05-29 04:50:00,9.17
2020-05-29 05:00:00,9.48
2020-05-29 05:10:00,9.77
2020-05-29 05:20:00,10.08
2020-05-29 05:30:00,10.04
2020-05-29 05:40:00,9.86
2020-05-29 05:50:00,9.74
2020-05-29 06:00:00,9.85
2020-05-29 06:10:00,9.85
2020-05-29 06:20:00,9.87
2020-05-29 06:30:00,10.04
2020-05-29 06:40:00,10.13
2020-05-29 06:50:00,10.14
2020-05-29 07:00:00,10.4
2020-05-29 07:10:00,10.54
2020-05-29 07:20:00,10.85
2020-05-29 07:30:00,11.05
2020-05-29 07:40:00,10.98
2020-05-29 07:50:00,11.25
2020-05-29 08:00:00,11.13
2020-05-29 08:10:00,11.04
2020-05-29 08:20:00,11.47
2020-05-29 08:30:00,12.22
2020-05-29 08:40:00,12.55
2020-05-29 08:50:00,13.01
2020-05-29 09:00:00,13.48
2020-05-29 09:10:00,15.27
2020-05-29 09:20:00,17.38
2020-05-29 09:30:00,17.17
2020-05-29 11:10:00,15.28
2020-05-29 11:20:00,15.31
2020-05-29 11:30:00,15.12
2020-05-29 11:40:00,15.49
2020-05-29 11:50:00,15.68
2020-05-29 12:00:00,16.15
2020-05-29 12:10:00,16.37
2020-05-29 12:20:00,16.31
2020-05-29 12:30:00,16.23
2020-05-29 12:40:00,16.41
2020-05-29 12:50:00,16.42
2020-05-29 13:00:00,16.55
2020-05-29 13:10:00,16.75
2020-05-29 13:20:00,17.2
2020-05-29 13:30:00,17.14
2020-05-29 13:40:00,16.92
2020-05-29 13:50:00,17.07
2020-05-29 14:00:00,17.04
2020-05-29 14:10:00,17.26
2020-05-29 14:20:00,17.14
2020-05-29 14:30:00,16.87
2020-05-29 14:40:00,16.87
2020-05-29 14:50:00,17.23
2020-05-29 15:00:00,17.15
2020-05-29 15:10:00,17.23
2020-05-29 15:20:00,17.67
2020-05-29 15:30:00,17.69
2020-05-29 15:40:00,17.33
2020-05-29 15:50:00,17.59
2020-05-29 16:00:00,17.73
2020-05-29 16:10:00,17.85
2020-05-29 16:20:00,18.0
2020-05-29 16:30:00,18.0
2020-05-29 16:40:00,18.18
2020-05-29 16:50:00,17.75
2020-05-29 17:00:00,17.34
2020-05-29 17:10:00,17.45
2020-05-29 17:20:00,17.42
2020-05-29 17:30:00,17.8
2020-05-29 17:40:00,18.06
2020-05-29 17:50:00,17.89
2020-05-29 18:00:00,17.45
2020-05-29 18:10:00,17.54
2020-05-29 18:20:00,17.58
2020-05-29 18:30:00,17.52
2020-05-29 18:40:00,17.42
2020-05-29 18:50:00,17.37
2020-05-29 19:00:00,17.03
2020-05-29 19:10:00,16.84
2020-05-29 19:20:00,16.72
2020-05-29 19:30:00,16.61
2020-05-29 19:40:00,16.5
2020-05-29 19:50:00,16.32
2020-05-29 20:00:00,16.18
2020-05-29 20:10:00,16.05
2020-05-29 20:20:00,15.9
2020-05-29 20:30:00,15.72
2020-05-29 20:40:00,15.48
2020-05-29 20:50:00,15.42
2020-05-29 21:00:00,15.24
2020-05-29 21:10:00,15.0
2020-05-29 21:20:00,14.68
2020-05-29 21:30:00,14.49
2020-05-29 21:40:00,14.45
2020-05-29 21:50:00,14.09
2020-05-29 22:00:00,13.82
2020-05-29 22:10:00,13.93
2020-05-29 22:20:00,14.03
2020-05-29 22:30:00,13.78
2020-05-29 22:40:00,13.63
2020-05-29 22:50:00,13.56
2020-05-29 23:00:00,13.66
2020-05-29 23:10:00,13.78
2020-05-29 23:20:00,13.73
2020-05-29 23:30:00,13.54
2020-05-29 23:40:00,13.46
2020-05-29 23:50:00,13.49
2020-05-30 00:00:00,13.31
2020-05-30 00:10:00,13.12
2020-05-30 00:20:00,13.15
2020-05-30 00:30:00,13.1
2020-05-30 00:40:00,13.07
2020-05-30 00:50:00,12.99
2020-05-30 01:00:00,13.0
2020-05-30 01:10:00,13.14
2020-05-30 01:20:00,13.12
2020-05-30 01:30:00,13.26
2020-05-30 01:40:00,13.35
2020-05-30 01:50:00,13.34
2020-05-30 02:00:00,13.19
2020-05-30 02:10:00,12.88
2020-05-30 02:20:00,12.63
2020-05-30 02:30:00,12.69
2020-05-30 02:40:00,12.74
2020-05-30 02:50:00,12.63
2020-05-30 03:00:00,12.53
2020-05-30 03:10:00,12.28
2020-05-30 03:20:00,11.96
2020-05-30 03:30:00,11.72
2020-05-30 03:40:00,11.48
2020-05-30 03:50:00,11.33
2020-05-30 04:00:00,11.18
2020-05-30 04:10:00,11.0
2020-05-30 04:20:00,10.82
2020-05-30 04:30:00,10.71
2020-05-30 04:40:00,10.72
2020-05-30 04:50:00,10.73
2020-05-30 05:00:00,10.72
2020-05-30 05:10:00,10.55
2020-05-30 05:20:00,10.43
2020-05-30 05:30:00,10.29
2020-05-30 05:40:00,10.28
2020-05-30 05:50:00,10.4
2020-05-30 06:00:00,10.59
2020-05-30 06:10:00,10.76
2020-05-30 06:20:00,10.73
2020-05-30 06:30:00,10.66
2020-05-30 06:40:00,10.72
2020-05-30 06:50:00,10.8
2020-05-30 07:00:00,11.11
2020-05-30 07:10:00,11.24
2020-05-30 07:20:00,11.52
2020-05-30 07:30:00,11.48
2020-05-30 07:40:00,11.58
2020-05-30 07:50:00,11.65
2020-05-30 08:00:00,11.77
2020-05-30 08:10:00,11.8
2020-05-30 08:20:00,11.83
2020-05-30 08:30:00,12.19
2020-05-30 08:40:00,12.42
2020-05-30 08:50:00,12.92
2020-05-30 09:00:00,13.4
2020-05-30 09:10:00,13.46
2020-05-30 09:20:00,13.53
2020-05-30 09:30:00,13.71
2020-05-30 09:40:00,13.64
2020-05-30 09:50:00,13.64
2020-05-30 10:00:00,14.0
2020-05-30 10:10:00,13.99
2020-05-30 10:20:00,14.3
2020-05-30 10:30:00,14.19
2020-05-30 10:40:00,14.49
2020-05-30 10:50:00,14.69
2020-05-30 11:00:00,14.8
2020-05-30 11:10:00,14.84
2020-05-30 11:20:00,14.67
2020-05-30 11:30:00,14.97
2020-05-30 11:40:00,15.16
2020-05-30 11:50:00,15.37
2020-05-30 12:00:00,15.39
2020-05-30 12:10:00,15.56
2020-05-30 12:20:00,15.36
2020-05-30 12:30:00,15.2
2020-05-30 12:40:00,15.22
2020-05-30 12:50:00,15.02
2020-05-30 13:00:00,14.94
2020-05-30 13:10:00,14.81
2020-05-30 13:20:00,14.73
2020-05-30 13:30:00,14.67
2020-05-30 13:40:00,14.73
2020-05-30 13:50:00,14.92
2020-05-30 14:00:00,15.18
2020-05-30 14:10:00,15.07
2020-05-30 14:20:00,14.98
2020-05-30 14:30:00,14.96
2020-05-30 14:40:00,14.99
2020-05-30 14:50:00,14.97
2020-05-30 15:00:00,15.0
2020-05-30 15:10:00,15.04
2020-05-30 15:20:00,14.97
2020-05-30 15:30:00,15.06
2020-05-30 15:40:00,15.39
2020-05-30 15:50:00,15.28
2020-05-30 16:00:00,15.22
2020-05-30 16:10:00,15.04
2020-05-30 16:20:00,15.05
2020-05-30 16:30:00,15.14
2020-05-30 16:40:00,15.04
2020-05-30 16:50:00,14.99
2020-05-30 17:00:00,14.87
2020-05-30 17:10:00,14.8
2020-05-30 17:20:00,14.81
2020-05-30 17:30:00,14.71
2020-05-30 17:40:00,14.56
2020-05-30 17:50:00,14.4
2020-05-30 18:00:00,14.4
2020-05-30 18:10:00,14.4
2020-05-30 18:20:00,14.35
2020-05-30 18:30:00,14.29
2020-05-30 18:40:00,14.3
2020-05-30 18:50:00,14.25
2020-05-30 19:00:00,14.17
2020-05-30 19:10:00,14.09
2020-05-30 19:20:00,14.01
2020-05-30 19:30:00,13.89
2020-05-30 19:40:00,13.68
2020-05-30 19:50:00,13.5
2020-05-30 20:00:00,13.27
2020-05-30 20:10:00,13.08
2020-05-30 20:20:00,12.88
2020-05-30 20:30:00,12.72
2020-05-30 20:40:00,12.76
2020-05-30 20:50:00,12.88
2020-05-30 21:00:00,12.81
2020-05-30 21:10:00,12.17
2020-05-30 21:20:00,11.77
2020-05-30 21:30:00,11.4
2020-05-30 21:40:00,11.21
2020-05-30 21:50:00,11.19
2020-05-30 22:00:00,10.99
2020-05-30 22:10:00,10.97
2020-05-30 22:20:00,10.56
2020-05-30 22:30:00,10.61
2020-05-30 22:40:00,10.52
2020-05-30 22:50:00,10.16
2020-05-30 23:00:00,9.86
2020-05-30 23:10:00,9.72
2020-05-30 23:20:00,9.49
2020-05-30 23:30:00,9.44
2020-05-30 23:40:00,9.48
2020-05-30 23:50:00,9.52
2020-05-31 00:00:00,10.09
2020-05-31 00:10:00,10.53
2020-05-31 00:20:00,10.49
2020-05-31 00:30:00,10.32
2020-05-31 00:40:00,10.02
2020-05-31 00:50:00,10.23
2020-05-31 01:00:00,9.85
2020-05-31 01:10:00,10.14
2020-05-31 01:20:00,9.52
2020-05-31 01:30:00,9.34
2020-05-31 01:40:00,9.57
2020-05-31 01:50:00,9.79
2020-05-31 02:00:00,9.76
2020-05-31 02:10:00,9.56
2020-05-31 02:20:00,9.36
2020-05-31 02:30:00,9.25
2020-05-31 02:40:00,9.28
2020-05-31 02:50:00,9.21
2020-05-31 03:00:00,9.16
2020-05-31 03:10:00,9.11
2020-05-31 03:20:00,8.95
2020-05-31 03:30:00,8.77
2020-05-31 03:40:00,8.61
2020-05-31 03:50:00,8.49
2020-05-31 04:00:00,8.35
2020-05-31 04:10:00,8.23
2020-05-31 04:20:00,8.16
2020-05-31 04:30:00,8.1
2020-05-31 04:40:00,8.03
2020-05-31 04:50:00,7.98
2020-05-31 05:00:00,7.98
2020-05-31 05:10:00,8.08
2020-05-31 05:20:00,8.11
2020-05-31 05:30:00,8.15
2020-05-31 05:40:00,8.13
2020-05-31 05:50:00,8.23
2020-05-31 06:00:00,8.3
2020-05-31 06:10:00,8.36
2020-05-31 06:20:00,8.55
2020-05-31 06:30:00,8.81
2020-05-31 06:40:00,9.1
2020-05-31 06:50:00,9.28
2020-05-31 07:00:00,9.44
2020-05-31 07:10:00,9.62
2020-05-31 07:20:00,9.74
2020-05-31 07:30:00,9.87
2020-05-31 07:40:00,9.94
2020-05-31 07:50:00,10.08
2020-05-31 08:00:00,10.16
2020-05-31 08:10:00,10.33
2020-05-31 08:20:00,10.43
2020-05-31 08:30:00,10.55
2020-05-31 08:40:00,10.84
2020-05-31 08:50:00,11.07
2020-05-31 09:00:00,11.18
2020-05-31 09:10:00,11.41
2020-05-31 09:20:00,11.64
2020-05-31 09:30:00,11.72
2020-05-31 09:40:00,11.71
2020-05-31 09:50:00,12.04
2020-05-31 10:00:00,12.28
2020-05-31 10:10:00,12.24
2020-05-31 10:20:00,12.59
2020-05-31 10:30:00,12.82
2020-05-31 10:40:00,13.04
2020-05-31 10:50:00,13.09
2020-05-31 11:00:00,13.3
2020-05-31 11:10:00,13.42
2020-05-31 11:20:00,13.49
2020-05-31 11:30:00,13.89
2020-05-31 11:40:00,14.08
2020-05-31 11:50:00,14.1
2020-05-31 12:00:00,14.17
2020-05-31 12:10:00,14.56
2020-05-31 12:20:00,14.92
2020-05-31 12:30:00,14.79
2020-05-31 12:40:00,14.95
2020-05-31 12:50:00,15.05
2020-05-31 13:00:00,15.1
2020-05-31 13:10:00,15.26
2020-05-31 13:20:00,15.7
2020-05-31 13:30:00,15.9
2020-05-31 13:40:00,15.97
2020-05-31 13:50:00,15.88
2020-05-31 14:00:00,15.79
2020-05-31 14:10:00,15.72
2020-05-31 14:20:00,15.95
2020-05-31 14:30:00,16.53
2020-05-31 14:40:00,16.58
2020-05-31 14:50:00,16.67
2020-05-31 15:00:00,16.55
2020-05-31 15:10:00,16.64
2020-05-31 15:20:00,17.16
2020-05-31 15:30:00,17.68
2020-05-31 15:40:00,17.66
2020-05-31 15:50:00,17.43
2020-05-31 16:00:00,17.47
2020-05-31 16:10:00,17.72
2020-05-31 16:20:00,17.52
2020-05-31 16:30:00,17.67
2020-05-31 16:40:00,18.07
2020-05-31 16:50:00,18.44
2020-05-31 17:00:00,18.24
2020-05-31 17:10:00,18.03
2020-05-31 17:20:00,18.21
2020-05-31 17:30:00,17.97
2020-05-31 17:40:00,18.13
2020-05-31 17:50:00,18.42
2020-05-31 18:00:00,18.6
2020-05-31 18:10:00,18.9
2020-05-31 18:20:00,19.28
2020-05-31 18:30:00,19.34
2020-05-31 18:40:00,18.95
2020-05-31 18:50:00,18.76
2020-05-31 19:00:00,18.37
2020-05-31 19:10:00,17.93
2020-05-31 19:20:00,17.72
2020-05-31 19:30:00,17.54
2020-05-31 19:40:00,17.4
2020-05-31 19:50:00,17.24
2020-05-31 20:00:00,16.83
2020-05-31 20:10:00,16.44
2020-05-31 20:20:00,16.08
2020-05-31 20:30:00,15.8
2020-05-31 20:40:00,15.34
2020-05-31 20:50:00,15.44
2020-05-31 21:00:00,15.67
2020-05-31 21:10:00,15.55
2020-05-31 21:20:00,15.59
2020-05-31 21:30:00,15.95
2020-05-31 21:40:00,15.7
2020-05-31 21:50:00,15.57
2020-05-31 22:00:00,15.68
2020-05-31 22:10:00,15.32
2020-05-31 22:20:00,14.63
2020-05-31 22:30:00,14.14
2020-05-31 22:40:00,13.67
2020-05-31 22:50:00,13.12
2020-05-31 23:00:00,12.98
2020-05-31 23:10:00,13.09
2020-05-31 23:20:00,14.14
2020-05-31 23:30:00,14.35
2020-05-31 23:40:00,13.38
2020-05-31 23:50:00,12.1
2020-06-01 00:00:00,12.25
2020-06-01 00:10:00,12.39
2020-06-01 00:20:00,11.95
2020-06-01 00:30:00,12.26
2020-06-01 00:40:00,12.95
2020-06-01 00:50:00,12.99
2020-06-01 01:00:00,12.57
2020-06-01 01:10:00,12.4
2020-06-01 01:20:00,12.56
2020-06-01 01:30:00,12.36
2020-06-01 01:40:00,12.09
2020-06-01 01:50:00,11.81
2020-06-01 02:00:00,11.25
2020-06-01 02:10:00,11.13
2020-06-01 02:20:00,10.95
2020-06-01 02:30:00,11.05
2020-06-01 02:40:00,10.88
2020-06-01 02:50:00,10.63
2020-06-01 03:00:00,10.04
2020-06-01 03:10:00,9.76
2020-06-01 03:20:00,9.35
2020-06-01 03:30:00,8.78
2020-06-01 03:40:00,8.33
2020-06-01 03:50:00,8.06
2020-06-01 04:00:00,8.02
2020-06-01 04:10:00,7.68
2020-06-01 04:20:00,7.39
2020-06-01 04:30:00,7.51
2020-06-01 04:40:00,7.95
2020-06-01 04:50:00,8.24
2020-06-01 05:00:00,9.09
2020-06-01 05:10:00,9.51
2020-06-01 05:20:00,9.61
2020-06-01 05:30:00,9.5
2020-06-01 05:40:00,9.82
2020-06-01 05:50:00,10.42
2020-06-01 06:00:00,10.88
2020-06-01 06:10:00,11.25
2020-06-01 06:20:00,10.92
2020-06-01 06:30:00,11.48
2020-06-01 06:40:00,12.07
2020-06-01 06:50:00,12.12
2020-06-01 07:00:00,11.83
2020-06-01 07:10:00,11.59
2020-06-01 07:20:00,11.84
2020-06-01 07:30:00,12.01
2020-06-01 07:40:00,12.2
2020-06-01 07:50:00,12.53
2020-06-01 08:00:00,12.57
2020-06-01 08:10:00,12.83
2020-06-01 08:20:00,13.0
2020-06-01 08:30:00,13.29
2020-06-01 08:40:00,13.58
2020-06-01 08:50:00,13.67
2020-06-01 09:00:00,14.03
2020-06-01 09:10:00,14.35
2020-06-01 09:20:00,14.62
2020-06-01 09:30:00,14.88
2020-06-01 09:40:00,15.26
2020-06-01 09:50:00,15.32
2020-06-01 10:00:00,15.81
2020-06-01 10:10:00,16.16
2020-06-01 10:20:00,16.33
2020-06-01 10:30:00,16.57
2020-06-01 10:40:00,16.57
2020-06-01 10:50:00,16.95
2020-06-01 11:00:00,17.28
2020-06-01 11:10:00,17.62
2020-06-01 11:20:00,17.78
2020-06-01 11:30:00,17.94
2020-06-01 11:40:00,18.2
2020-06-01 11:50:00,18.5
2020-06-01 12:00:00,18.94
2020-06-01 12:10:00,19.19
2020-06-01 12:20:00,19.55
2020-06-01 12:30:00,19.29
2020-06-01 12:40:00,19.64
2020-06-01 12:50:00,19.71
2020-06-01 13:00:00,19.88
2020-06-01 13:10:00,20.16
2020-06-01 13:20:00,20.12
2020-06-01 13:30:00,20.06
2020-06-01 13:40:00,20.14
2020-06-01 13:50:00,20.29
2020-06-01 14:00:00,20.58
2020-06-01 14:10:00,20.69
2020-06-01 14:20:00,20.59
2020-06-01 14:30:00,20.72
2020-06-01 14:40:00,20.95
2020-06-01 14:50:00,21.09
2020-06-01 15:00:00,20.98
2020-06-01 15:10:00,21.17
2020-06-01 15:20:00,21.14
2020-06-01 15:30:00,21.4
2020-06-01 15:40:00,21.63
2020-06-01 15:50:00,21.5
2020-06-01 16:00:00,21.87
2020-06-01 16:10:00,21.98
2020-06-01 16:20:00,22.01
2020-06-01 16:30:00,22.13
2020-06-01 16:40:00,22.18
2020-06-01 16:50:00,22.31
2020-06-01 17:00:00,22.34
2020-06-01 17:10:00,22.32
2020-06-01 17:20:00,22.62
2020-06-01 17:30:00,22.49
2020-06-01 17:40:00,22.37
2020-06-01 17:50:00,22.43
2020-06-01 18:00:00,22.33
2020-06-01 18:10:00,22.36
2020-06-01 18:20:00,22.26
2020-06-01 18:30:00,22.19
2020-06-01 18:40:00,22.07
2020-06-01 18:50:00,21.99
2020-06-01 19:00:00,21.71
2020-06-01 19:10:00,21.4
2020-06-01 19:20:00,21.23
2020-06-01 19:30:00,21.07
2020-06-01 19:40:00,20.98
2020-06-01 19:50:00,20.72
2020-06-01 20:00:00,20.45
2020-06-01 20:10:00,20.33
2020-06-01 20:20:00,20.3
2020-06-01 20:30:00,20.18
2020-06-01 20:40:00,20.05
2020-06-01 20:50:00,19.75
2020-06-01 21:00:00,19.06
2020-06-01 21:10:00,18.48
2020-06-01 21:20:00,17.94
2020-06-01 21:30:00,17.63
2020-06-01 21:40:00,17.43
2020-06-01 21:50:00,16.81
2020-06-01 22:00:00,16.54
2020-06-01 22:10:00,16.75
2020-06-01 22:20:00,16.77
2020-06-01 22:30:00,16.18
2020-06-01 22:40:00,16.3
2020-06-01 22:50:00,16.28
2020-06-01 23:00:00,16.19
2020-06-01 23:10:00,15.23
2020-06-01 23:20:00,15.17
2020-06-01 23:30:00,15.0
2020-06-01 23:40:00,15.2
2020-06-01 23:50:00,14.79
2020-06-02 00:00:00,13.95
2020-06-02 00:10:00,13.7
2020-06-02 00:20:00,13.42
2020-06-02 00:30:00,13.1
2020-06-02 00:40:00,12.84
2020-06-02 00:50:00,12.98
2020-06-02 01:00:00,13.06
2020-06-02 01:10:00,13.14
2020-06-02 01:20:00,13.09
2020-06-02 01:30:00,13.08
2020-06-02 01:40:00,12.82
2020-06-02 01:50:00,12.11
2020-06-02 02:00:00,11.99
2020-06-02 02:10:00,11.79
2020-06-02 02:20:00,11.48
2020-06-02 02:30:00,11.39
2020-06-02 02:40:00,11.35
2020-06-02 02:50:00,11.22
2020-06-02 03:00:00,10.91
2020-06-02 03:10:00,10.87
2020-06-02 03:20:00,10.6
2020-06-02 03:30:00,10.24
2020-06-02 03:40:00,10.14
2020-06-02 03:50:00,10.24
2020-06-02 04:00:00,10.21
2020-06-02 04:10:00,9.97
2020-06-02 04:20:00,9.84
2020-06-02 04:30:00,9.76
2020-06-02 04:40:00,10.09
2020-06-02 04:50:00,10.23
2020-06-02 05:00:00,10.52
2020-06-02 05:10:00,10.92
2020-06-02 05:20:00,11.42
2020-06-02 05:30:00,11.66
2020-06-02 05:40:00,11.84
2020-06-02 05:50:00,12.44
2020-06-02 06:00:00,12.99
2020-06-02 06:10:00,13.33
2020-06-02 06:20:00,13.45
2020-06-02 06:30:00,13.33
2020-06-02 06:40:00,13.38
2020-06-02 06:50:00,13.6
2020-06-02 07:00:00,13.92
2020-06-02 07:10:00,14.14
2020-06-02 07:20:00,14.31
2020-06-02 07:30:00,14.67
2020-06-02 07:40:00,15.24
2020-06-02 07:50:00,16.14
2020-06-02 08:00:00,16.4
2020-06-02 08:10:00,16.53
2020-06-02 08:20:00,16.51
2020-06-02 08:30:00,16.4
2020-06-02 08:40:00,16.55
2020-06-02 08:50:00,16.77
2020-06-02 09:00:00,17.09
2020-06-02 09:10:00,17.3
2020-06-02 09:20:00,17.71
2020-06-02 09:30:00,18.01
2020-06-02 09:40:00,18.37
2020-06-02 09:50:00,18.57
2020-06-02 10:00:00,18.9
2020-06-02 10:10:00,19.11
2020-06-02 10:20:00,19.43
2020-06-02 10:30:00,19.37
2020-06-02 10:40:00,19.6
2020-06-02 10:50:00,19.57
2020-06-02 11:00:00,19.94
2020-06-02 11:10:00,20.11
2020-06-02 11:20:00,20.43
2020-06-02 11:30:00,20.35
2020-06-02 11:40:00,20.71
2020-06-02 11:50:00,20.68
2020-06-02 12:00:00,20.98
2020-06-02 12:10:00,21.34
2020-06-02 12:20:00,21.4
2020-06-02 12:30:00,21.46
2020-06-02 12:40:00,21.9
2020-06-02 12:50:00,21.73
2020-06-02 13:00:00,22.0
2020-06-02 13:10:00,21.8
2020-06-02 13:20:00,22.13
2020-06-02 13:30:00,22.56
2020-06-02 13:40:00,22.34
2020-06-02 13:50:00,22.47
2020-06-02 14:00:00,22.72
2020-06-02 14:10:00,22.97
2020-06-02 14:20:00,22.95
2020-06-02 14:30:00,23.21
2020-06-02 14:40:00,23.28
2020-06-02 14:50:00,23.06
2020-06-02 15:00:00,23.34
2020-06-02 15:10:00,23.81
2020-06-02 15:20:00,23.88
2020-06-02 15:30:00,23.77
2020-06-02 15:40:00,23.88
2020-06-02 15:50:00,23.8
2020-06-02 16:00:00,24.51
2020-06-02 16:10:00,24.34
2020-06-02 16:20:00,24.11
2020-06-02 16:30:00,24.59
2020-06-02 16:40:00,24.24
2020-06-02 16:50:00,24.32
2020-06-02 17:00:00,24.19
2020-06-02 17:10:00,24.77
2020-06-02 17:20:00,24.89
2020-06-02 17:30:00,24.39
2020-06-02 17:40:00,24.16
2020-06-02 17:50:00,24.46
2020-06-02 18:00:00,24.54
2020-06-02 18:10:00,24.17
2020-06-02 18:20:00,24.03
2020-06-02 18:30:00,24.22
2020-06-02 18:40:00,24.69
2020-06-02 18:50:00,24.66
2020-06-02 19:00:00,23.88
2020-06-02 19:10:00,23.09
2020-06-02 19:20:00,22.76
2020-06-02 19:30:00,22.52
2020-06-02 19:40:00,22.3
2020-06-02 19:50:00,22.23
2020-06-02 20:00:00,22.36
2020-06-02 20:10:00,22.24
2020-06-02 20:20:00,21.39
2020-06-02 20:30:00,20.63
2020-06-02 20:40:00,20.39
2020-06-02 20:50:00,20.08
2020-06-02 21:00:00,19.5
2020-06-02 21:10:00,18.96
2020-06-02 21:20:00,18.44
2020-06-02 21:30:00,18.04
2020-06-02 21:40:00,17.83
2020-06-02 21:50:00,18.01
2020-06-02 22:00:00,17.72
2020-06-02 22:10:00,17.41
2020-06-02 22:20:00,17.29
2020-06-02 22:30:00,17.03
2020-06-02 22:40:00,16.58
2020-06-02 22:50:00,16.25
2020-06-02 23:00:00,15.88
2020-06-02 23:10:00,15.66
2020-06-02 23:20:00,15.5
2020-06-02 23:30:00,15.13
2020-06-02 23:40:00,14.86
2020-06-02 23:50:00,14.67
2020-06-03 00:00:00,14.52
2020-06-03 00:10:00,14.21
2020-06-03 00:20:00,13.86
2020-06-03 00:30:00,13.68
2020-06-03 00:40:00,13.69
2020-06-03 00:50:00,13.59
2020-06-03 01:00:00,13.23
2020-06-03 01:10:00,12.95
2020-06-03 01:20:00,12.91
2020-06-03 01:30:00,12.88
2020-06-03 01:40:00,12.53
2020-06-03 01:50:00,12.28
2020-06-03 02:00:00,12.2
2020-06-03 02:10:00,12.05
2020-06-03 02:20:00,11.75
2020-06-03 02:30:00,11.89
2020-06-03 02:40:00,12.13
2020-06-03 02:50:00,11.75
2020-06-03 03:00:00,11.38
2020-06-03 03:10:00,11.28
2020-06-03 03:20:00,11.27
2020-06-03 03:30:00,11.36
2020-06-03 03:40:00,11.43
2020-06-03 03:50:00,11.53
2020-06-03 04:00:00,11.69
2020-06-03 04:10:00,11.72
2020-06-03 04:20:00,11.27
2020-06-03 04:30:00,10.89
2020-06-03 04:40:00,11.08
2020-06-03 04:50:00,10.84
2020-06-03 05:00:00,10.66
2020-06-03 05:10:00,10.43
2020-06-03 05:20:00,10.42
2020-06-03 05:30:00,10.85
2020-06-03 05:40:00,11.49
2020-06-03 05:50:00,12.11
2020-06-03 06:00:00,12.6
2020-06-03 06:10:00,12.97
2020-06-03 06:20:00,13.27
2020-06-03 06:30:00,13.66
2020-06-03 06:40:00,13.49
2020-06-03 06:50:00,13.1
2020-06-03 07:00:00,13.02
2020-06-03 07:10:00,13.08
2020-06-03 07:20:00,13.48
2020-06-03 07:30:00,13.68
2020-06-03 07:40:00,13.98
2020-06-03 07:50:00,14.38
2020-06-03 08:00:00,14.51
2020-06-03 08:10:00,14.91
2020-06-03 08:20:00,15.47
2020-06-03 08:30:00,15.73
2020-06-03 08:40:00,16.03
2020-06-03 08:50:00,16.96
2020-06-03 09:00:00,18.07
2020-06-03 09:10:00,18.82
2020-06-03 09:20:00,19.76
2020-06-03 09:30:00,20.75
2020-06-03 09:40:00,21.17
2020-06-03 09:50:00,21.14
2020-06-03 10:00:00,21.62
2020-06-03 10:10:00,21.75
2020-06-03 10:20:00,21.75
2020-06-03 10:30:00,22.1
2020-06-03 10:40:00,22.34
2020-06-03 10:50:00,22.79
2020-06-03 11:00:00,22.76
2020-06-03 11:10:00,23.62
2020-06-03 11:20:00,23.88
2020-06-03 11:30:00,23.89
2020-06-03 11:40:00,24.0
2020-06-03 11:50:00,24.24
2020-06-03 12:00:00,24.41
2020-06-03 12:10:00,24.58
2020-06-03 12:20:00,24.74
2020-06-03 12:30:00,24.82
2020-06-03 12:40:00,24.53
2020-06-03 12:50:00,24.19
2020-06-03 13:00:00,24.0
2020-06-03 13:10:00,24.2
2020-06-03 13:20:00,24.65
2020-06-03 13:30:00,24.49
2020-06-03 13:40:00,24.13
2020-06-03 13:50:00,24.07
2020-06-03 14:00:00,22.75
2020-06-03 14:10:00,21.29
2020-06-03 14:20:00,17.45
2020-06-03 14:30:00,15.98
2020-06-03 14:40:00,15.49
2020-06-03 14:50:00,14.52
2020-06-03 15:00:00,14.38
2020-06-03 15:10:00,14.03
2020-06-03 15:20:00,14.07
2020-06-03 15:30:00,14.03
2020-06-03 15:40:00,14.09
2020-06-03 15:50:00,15.19
2020-06-03 16:00:00,16.66
2020-06-03 16:10:00,15.24
2020-06-03 16:20:00,14.26
2020-06-03 16:30:00,14.34
2020-06-03 16:40:00,14.71
2020-06-03 16:50:00,15.23
2020-06-03 17:00:00,15.6
2020-06-03 17:10:00,16.05
2020-06-03 17:20:00,16.22
2020-06-03 17:30:00,16.21
2020-06-03 17:40:00,16.57
2020-06-03 17:50:00,16.4
2020-06-03 18:00:00,16.07
2020-06-03 18:10:00,16.12
2020-06-03 18:20:00,16.21
2020-06-03 18:30:00,16.35
2020-06-03 18:40:00,16.5
2020-06-03 18:50:00,16.69
2020-06-03 19:00:00,16.59
2020-06-03 19:10:00,16.1
2020-06-03 19:20:00,16.05
2020-06-03 19:30:00,16.01
2020-06-03 19:40:00,16.12
2020-06-03 19:50:00,16.1
2020-06-03 20:00:00,15.91
2020-06-03 20:10:00,15.62
2020-06-03 20:20:00,15.29
2020-06-03 20:30:00,15.17
2020-06-03 20:40:00,15.19
2020-06-03 20:50:00,15.08
2020-06-03 21:00:00,14.97
2020-06-03 21:10:00,14.63
2020-06-03 21:20:00,14.69
2020-06-03 21:30:00,14.78
2020-06-03 21:40:00,14.14
2020-06-03 21:50:00,13.83
2020-06-03 22:00:00,13.56
2020-06-03 22:10:00,13.26
2020-06-03 22:20:00,13.33
2020-06-03 22:30:00,13.34
2020-06-03 22:40:00,13.39
2020-06-03 22:50:00,13.2
2020-06-03 23:00:00,12.67
2020-06-03 23:10:00,12.67
2020-06-03 23:20:00,12.7
2020-06-03 23:30:00,12.82
2020-06-03 23:40:00,12.8
2020-06-03 23:50:00,12.59
2020-06-04 00:00:00,12.39
2020-06-04 00:10:00,12.09
2020-06-04 00:20:00,11.69
2020-06-04 00:30:00,11.5
2020-06-04 00:40:00,11.41
2020-06-04 00:50:00,11.42
2020-06-04 01:00:00,11.71
2020-06-04 01:10:00,11.66
2020-06-04 01:20:00,11.78
2020-06-04 01:30:00,11.83
2020-06-04 01:40:00,11.62
2020-06-04 01:50:00,11.14
2020-06-04 02:00:00,10.92
2020-06-04 02:10:00,10.83
2020-06-04 02:20:00,10.78
2020-06-04 02:30:00,10.76
2020-06-04 02:40:00,10.72
2020-06-04 02:50:00,10.56
2020-06-04 03:00:00,10.54
2020-06-04 03:10:00,10.38
2020-06-04 03:20:00,10.13
2020-06-04 03:30:00,9.97
2020-06-04 03:40:00,9.93
2020-06-04 03:50:00,10.12
2020-06-04 04:00:00,10.1
2020-06-04 04:10:00,9.92
2020-06-04 04:20:00,9.82
2020-06-04 04:30:00,9.76
2020-06-04 04:40:00,9.78
2020-06-04 04:50:00,9.77
2020-06-04 05:00:00,9.92
2020-06-04 05:10:00,10.0
2020-06-04 05:20:00,10.01
2020-06-04 05:30:00,9.94
2020-06-04 05:40:00,9.94
2020-06-04 05:50:00,9.98
2020-06-04 06:00:00,9.97
2020-06-04 06:10:00,10.03
2020-06-04 06:20:00,10.23
2020-06-04 06:30:00,10.45
2020-06-04 06:40:00,10.77
2020-06-04 06:50:00,11.29
2020-06-04 07:00:00,12.02
2020-06-04 07:10:00,12.46
2020-06-04 07:20:00,13.04
2020-06-04 07:30:00,13.6
2020-06-04 07:40:00,13.82
2020-06-04 07:50:00,14.35
2020-06-04 08:00:00,14.68
2020-06-04 08:10:00,14.64
2020-06-04 08:20:00,14.81
2020-06-04 08:30:00,15.11
2020-06-04 08:40:00,15.13
2020-06-04 08:50:00,15.23
2020-06-04 09:00:00,15.58
2020-06-04 09:10:00,15.52
2020-06-04 09:20:00,15.49
2020-06-04 09:30:00,15.29
2020-06-04 09:40:00,15.13
2020-06-04 09:50:00,15.08
2020-06-04 10:00:00,14.92
2020-06-04 10:10:00,14.96
2020-06-04 10:20:00,15.08
2020-06-04 10:30:00,15.24
2020-06-04 10:40:00,15.36
2020-06-04 10:50:00,15.62
2020-06-04 11:00:00,15.65
2020-06-04 11:10:00,15.68
2020-06-04 11:20:00,15.64
2020-06-04 11:30:00,15.57
2020-06-04 11:40:00,15.51
2020-06-04 11:50:00,15.44
2020-06-04 12:00:00,15.46
2020-06-04 12:10:00,15.61
2020-06-04 12:20:00,15.84
2020-06-04 12:30:00,16.0
2020-06-04 12:40:00,16.05
2020-06-04 12:50:00,16.0
2020-06-04 13:00:00,15.9
2020-06-04 13:10:00,15.85
2020-06-04 13:20:00,15.88
2020-06-04 13:30:00,15.97
2020-06-04 13:40:00,15.97
2020-06-04 13:50:00,16.0
2020-06-04 14:00:00,15.99
2020-06-04 14:10:00,16.06
2020-06-04 14:20:00,16.14
2020-06-04 14:30:00,16.22
2020-06-04 14:40:00,16.24
2020-06-04 14:50:00,16.63
2020-06-04 15:00:00,16.86
2020-06-04 15:10:00,16.93
2020-06-04 15:20:00,16.9
2020-06-04 15:30:00,16.9
2020-06-04 15:40:00,16.74
2020-06-04 15:50:00,16.37
2020-06-04 16:00:00,15.96
2020-06-04 16:10:00,15.93
2020-06-04 16:20:00,16.13
2020-06-04 16:30:00,16.37
2020-06-04 16:40:00,16.38
2020-06-04 16:50:00,16.44
2020-06-04 17:00:00,16.68
2020-06-04 17:10:00,16.9
2020-06-04 17:20:00,17.08
2020-06-04 17:30:00,17.11
2020-06-04 17:40:00,16.97
2020-06-04 17:50:00,16.9
2020-06-04 18:00:00,16.79
2020-06-04 18:10:00,16.67
2020-06-04 18:20:00,16.61
2020-06-04 18:30:00,16.56
2020-06-04 18:40:00,16.43
2020-06-04 18:50:00,16.29
2020-06-04 19:00:00,16.03
2020-06-04 19:10:00,15.51
2020-06-04 19:20:00,14.99
2020-06-04 19:30:00,14.77
2020-06-04 19:40:00,14.7
2020-06-04 19:50:00,14.75
2020-06-04 20:00:00,14.87
2020-06-04 20:10:00,14.67
2020-06-04 20:20:00,14.5
2020-06-04 20:30:00,14.33
2020-06-04 20:40:00,14.11
2020-06-04 20:50:00,13.91
2020-06-04 21:00:00,13.8
2020-06-04 21:10:00,13.78
2020-06-04 21:20:00,13.76
2020-06-04 21:30:00,13.72
2020-06-04 21:40:00,13.72
2020-06-04 21:50:00,13.72
2020-06-04 22:00:00,13.76
2020-06-04 22:10:00,13.72
2020-06-04 22:20:00,13.64
2020-06-04 22:30:00,13.52
2020-06-04 22:40:00,13.48
2020-06-04 22:50:00,13.44
2020-06-04 23:00:00,13.47
2020-06-04 23:10:00,13.36
2020-06-04 23:20:00,13.28
2020-06-04 23:30:00,13.31
2020-06-04 23:40:00,13.3
2020-06-04 23:50:00,13.33
2020-06-05 00:00:00,13.31
2020-06-05 00:10:00,13.29
2020-06-05 00:20:00,13.33
2020-06-05 00:30:00,13.03
2020-06-05 00:40:00,12.61
2020-06-05 00:50:00,12.24
2020-06-05 01:00:00,11.96
2020-06-05 01:10:00,11.8
2020-06-05 01:20:00,11.71
2020-06-05 01:30:00,11.63
2020-06-05 01:40:00,11.45
2020-06-05 01:50:00,11.37
2020-06-05 02:00:00,11.36
2020-06-05 02:10:00,11.37
2020-06-05 02:20:00,11.29
2020-06-05 02:30:00,11.24
2020-06-05 02:40:00,11.22
2020-06-05 02:50:00,11.22
2020-06-05 03:00:00,11.24
2020-06-05 03:10:00,11.21
2020-06-05 03:20:00,11.1
2020-06-05 03:30:00,11.11
2020-06-05 03:40:00,11.09
2020-06-05 03:50:00,11.1
2020-06-05 04:00:00,11.13
2020-06-05 04:10:00,11.09
2020-06-05 04:20:00,11.17
2020-06-05 04:30:00,11.09
2020-06-05 04:40:00,11.07
2020-06-05 04:50:00,11.13
2020-06-05 05:00:00,11.15
2020-06-05 05:10:00,11.1
2020-06-05 05:20:00,10.97
2020-06-05 05:30:00,10.99
2020-06-05 05:40:00,10.96
2020-06-05 05:50:00,10.92
2020-06-05 06:00:00,10.81
2020-06-05 06:10:00,10.22
2020-06-05 06:20:00,9.74
2020-06-05 06:30:00,9.62
2020-06-05 06:40:00,9.66
2020-06-05 06:50:00,9.8
2020-06-05 07:00:00,9.97
2020-06-05 07:10:00,10.02
2020-06-05 07:20:00,10.01
2020-06-05 07:30:00,9.94
2020-06-05 07:40:00,9.94
2020-06-05 07:50:00,9.97
2020-06-05 08:00:00,9.9
2020-06-05 08:10:00,9.91
2020-06-05 08:20:00,9.76
2020-06-05 08:30:00,9.78
2020-06-05 08:40:00,9.91
2020-06-05 08:50:00,9.78
2020-06-05 09:00:00,9.86
2020-06-05 09:10:00,10.24
2020-06-05 09:20:00,10.56
2020-06-05 09:30:00,11.11
2020-06-05 09:40:00,11.75
2020-06-05 09:50:00,11.98
2020-06-05 10:00:00,12.29
2020-06-05 10:10:00,12.56
2020-06-05 10:20:00,13.0
2020-06-05 10:30:00,12.79
2020-06-05 10:40:00,12.73
2020-06-05 10:50:00,12.65
2020-06-05 11:00:00,12.77
2020-06-05 11:10:00,12.81
2020-06-05 11:20:00,12.89
2020-06-05 11:30:00,13.32
2020-06-05 11:40:00,13.62
2020-06-05 11:50:00,13.85
2020-06-05 12:00:00,13.77
2020-06-05 12:10:00,13.72
2020-06-05 12:20:00,14.14
2020-06-05 12:30:00,14.3
2020-06-05 12:40:00,14.34
2020-06-05 12:50:00,14.39
2020-06-05 13:00:00,14.59
2020-06-05 13:10:00,14.64
2020-06-05 13:20:00,14.71
2020-06-05 13:30:00,14.77
2020-06-05 13:40:00,14.87
2020-06-05 13:50:00,14.84
2020-06-05 14:00:00,14.61
2020-06-05 14:10:00,14.69
2020-06-05 14:20:00,14.84
2020-06-05 14:30:00,14.91
2020-06-05 14:40:00,14.86
2020-06-05 14:50:00,14.87
2020-06-05 15:00:00,14.93
2020-06-05 15:10:00,15.16
2020-06-05 15:20:00,15.01
2020-06-05 15:30:00,14.88
2020-06-05 15:40:00,14.56
2020-06-05 15:50:00,14.57
2020-06-05 16:00:00,14.76
2020-06-05 16:10:00,14.58
2020-06-05 16:20:00,14.47
2020-06-05 16:30:00,14.27
2020-06-05 16:40:00,14.24
2020-06-05 16:50:00,14.29
2020-06-05 17:00:00,14.3
2020-06-05 17:10:00,14.3
2020-06-05 17:20:00,14.14
2020-06-05 17:30:00,14.07
2020-06-05 17:40:00,14.01
2020-06-05 17:50:00,13.95
2020-06-05 18:00:00,13.65
2020-06-05 18:10:00,13.15
2020-06-05 18:20:00,13.11
2020-06-05 18:30:00,13.26
2020-06-05 18:40:00,13.06
2020-06-05 18:50:00,12.83
2020-06-05 19:00:00,12.68
2020-06-05 19:10:00,12.46
2020-06-05 19:20:00,12.39
2020-06-05 19:30:00,12.37
2020-06-05 19:40:00,12.2
2020-06-05 19:50:00,12.07
2020-06-05 20:00:00,12.22
2020-06-05 20:10:00,12.17
2020-06-05 20:20:00,11.98
2020-06-05 20:30:00,11.85
2020-06-05 20:40:00,11.81
2020-06-05 20:50:00,11.71
2020-06-05 21:00:00,11.57
2020-06-05 21:10:00,11.6
2020-06-05 21:20:00,11.52
2020-06-05 21:30:00,11.46
2020-06-05 21:40:00,11.39
2020-06-05 21:50:00,11.24
2020-06-05 22:00:00,11.11
2020-06-05 22:10:00,10.97
2020-06-05 22:20:00,10.91
2020-06-05 22:30:00,10.86
2020-06-05 22:40:00,10.7
2020-06-05 22:50:00,10.65
2020-06-05 23:00:00,10.58
2020-06-05 23:10:00,10.54
2020-06-05 23:20:00,10.41
2020-06-05 23:30:00,10.31
2020-06-05 23:40:00,10.28
2020-06-05 23:50:00,10.26
2020-06-06 00:00:00,10.15
2020-06-06 00:10:00,10.07
2020-06-06 00:20:00,9.94
2020-06-06 00:30:00,9.77
2020-06-06 00:40:00,9.55
2020-06-06 00:50:00,9.3
2020-06-06 01:00:00,8.97
2020-06-06 01:10:00,8.63
2020-06-06 01:20:00,8.26
2020-06-06 01:30:00,7.97
2020-06-06 01:40:00,7.93
2020-06-06 01:50:00,7.95
2020-06-06 02:00:00,8.17
2020-06-06 02:10:00,7.99
2020-06-06 02:20:00,8.01
2020-06-06 02:30:00,8.21
2020-06-06 02:40:00,8.16
2020-06-06 02:50:00,8.1
2020-06-06 03:00:00,7.6
2020-06-06 03:10:00,7.64
2020-06-06 03:20:00,7.84
2020-06-06 03:30:00,7.8
2020-06-06 03:40:00,7.75
2020-06-06 03:50:00,7.68
2020-06-06 04:00:00,7.49
2020-06-06 04:10:00,7.68
2020-06-06 04:20:00,7.56
2020-06-06 04:30:00,7.53
2020-06-06 04:40:00,7.83
2020-06-06 04:50:00,8.29
2020-06-06 05:00:00,8.8
2020-06-06 05:10:00,9.06
2020-06-06 05:20:00,9.31
2020-06-06 05:30:00,9.6
2020-06-06 05:40:00,9.77
2020-06-06 05:50:00,9.88
2020-06-06 06:00:00,10.03
2020-06-06 06:10:00,10.13
2020-06-06 06:20:00,10.16
2020-06-06 06:30:00,10.3
2020-06-06 06:40:00,10.51
2020-06-06 06:50:00,10.65
2020-06-06 07:00:00,10.76
2020-06-06 07:10:00,10.91
2020-06-06 07:20:00,11.09
2020-06-06 07:30:00,11.16
2020-06-06 07:40:00,11.19
2020-06-06 07:50:00,11.33
2020-06-06 08:00:00,11.59
2020-06-06 08:10:00,11.73
2020-06-06 08:20:00,11.86
2020-06-06 08:30:00,11.9
2020-06-06 08:40:00,11.88
2020-06-06 08:50:00,11.92
2020-06-06 09:00:00,12.02
2020-06-06 09:10:00,12.19
2020-06-06 09:20:00,12.38
2020-06-06 09:30:00,12.29
2020-06-06 09:40:00,12.25
2020-06-06 09:50:00,12.24
2020-06-06 10:00:00,12.33
2020-06-06 10:10:00,12.45
2020-06-06 10:20:00,12.58
2020-06-06 10:30:00,12.77
2020-06-06 10:40:00,13.02
2020-06-06 10:50:00,13.15
2020-06-06 11:00:00,12.95
2020-06-06 11:10:00,12.9
2020-06-06 11:20:00,12.46
2020-06-06 11:30:00,12.02
2020-06-06 11:40:00,12.09
2020-06-06 11:50:00,12.33
2020-06-06 12:00:00,12.47
2020-06-06 12:10:00,12.43
2020-06-06 12:20:00,12.23
2020-06-06 12:30:00,12.8
2020-06-06 12:40:00,13.52
2020-06-06 12:50:00,13.93
2020-06-06 13:00:00,14.3
2020-06-06 13:10:00,14.34
2020-06-06 13:20:00,14.27
2020-06-06 13:30:00,14.9
2020-06-06 13:40:00,14.84
2020-06-06 13:50:00,15.15
2020-06-06 14:00:00,15.27
2020-06-06 14:10:00,15.28
2020-06-06 14:20:00,15.34
2020-06-06 14:30:00,15.25
2020-06-06 14:40:00,15.39
2020-06-06 14:50:00,15.6
2020-06-06 15:00:00,15.51
2020-06-06 15:10:00,15.7
2020-06-06 15:20:00,15.89
2020-06-06 15:30:00,15.94
2020-06-06 15:40:00,15.94
2020-06-06 15:50:00,15.78
2020-06-06 16:00:00,15.71
2020-06-06 16:10:00,15.23
2020-06-06 16:20:00,15.12
2020-06-06 16:30:00,13.63
2020-06-06 16:40:00,11.93
2020-06-06 16:50:00,11.49
2020-06-06 17:00:00,11.4
2020-06-06 17:10:00,11.34
2020-06-06 17:20:00,11.44
2020-06-06 17:30:00,11.44
2020-06-06 17:40:00,11.43
2020-06-06 17:50:00,11.41
2020-06-06 18:00:00,11.5
2020-06-06 18:10:00,12.31
2020-06-06 18:20:00,12.44
2020-06-06 18:30:00,12.26
2020-06-06 18:40:00,12.94
2020-06-06 18:50:00,13.29
2020-06-06 19:00:00,13.41
2020-06-06 19:10:00,13.13
2020-06-06 19:20:00,13.11
2020-06-06 19:30:00,13.1
2020-06-06 19:40:00,12.88
2020-06-06 19:50:00,12.62
2020-06-06 20:00:00,12.52
2020-06-06 20:10:00,12.58
2020-06-06 20:20:00,12.55
2020-06-06 20:30:00,12.58
2020-06-06 20:40:00,12.47
2020-06-06 20:50:00,12.34
2020-06-06 21:00:00,12.38
2020-06-06 21:10:00,12.56
2020-06-06 21:20:00,12.43
2020-06-06 21:30:00,12.24
2020-06-06 21:40:00,12.03
2020-06-06 21:50:00,11.81
2020-06-06 22:00:00,12.45
2020-06-06 22:10:00,12.3
2020-06-06 22:20:00,11.22
2020-06-06 22:30:00,11.06
2020-06-06 22:40:00,10.94
2020-06-06 22:50:00,10.74
2020-06-06 23:00:00,10.53
2020-06-06 23:10:00,10.75
2020-06-06 23:20:00,10.77
2020-06-06 23:30:00,10.79
2020-06-06 23:40:00,10.72
2020-06-06 23:50:00,10.53
2020-06-07 00:00:00,10.42
2020-06-07 00:10:00,10.26
2020-06-07 00:20:00,10.19
2020-06-07 00:30:00,10.16
2020-06-07 00:40:00,10.07
2020-06-07 00:50:00,9.9
2020-06-07 01:00:00,9.59
2020-06-07 01:10:00,9.35
2020-06-07 01:20:00,9.44
2020-06-07 01:30:00,9.52
2020-06-07 01:40:00,9.52
2020-06-07 01:50:00,9.63
2020-06-07 02:00:00,9.77
2020-06-07 02:10:00,9.72
2020-06-07 02:20:00,9.65
2020-06-07 02:30:00,9.71
2020-06-07 02:40:00,9.68
2020-06-07 02:50:00,9.96
2020-06-07 03:00:00,10.23
2020-06-07 03:10:00,9.65
2020-06-07 03:20:00,9.61
2020-06-07 03:30:00,9.58
2020-06-07 03:40:00,9.39
2020-06-07 03:50:00,9.59
2020-06-07 04:00:00,9.54
2020-06-07 04:10:00,9.61
2020-06-07 04:20:00,9.86
2020-06-07 04:30:00,10.09
2020-06-07 04:40:00,10.55
2020-06-07 04:50:00,10.83
2020-06-07 05:00:00,10.32
2020-06-07 05:10:00,10.19
2020-06-07 05:20:00,10.53
2020-06-07 05:30:00,10.56
2020-06-07 05:40:00,9.85
2020-06-07 05:50:00,9.64
2020-06-07 06:00:00,9.74
2020-06-07 06:10:00,10.02
2020-06-07 06:20:00,10.25
2020-06-07 06:30:00,10.45
2020-06-07 06:40:00,10.53
2020-06-07 06:50:00,10.5
2020-06-07 07:00:00,10.64
2020-06-07 07:10:00,10.73
2020-06-07 07:20:00,10.79
2020-06-07 07:30:00,10.89
2020-06-07 07:40:00,11.07
2020-06-07 07:50:00,11.15
2020-06-07 08:00:00,11.11
2020-06-07 08:10:00,11.19
2020-06-07 08:20:00,11.37
2020-06-07 08:30:00,11.45
2020-06-07 08:40:00,11.57
2020-06-07 08:50:00,11.78
2020-06-07 09:00:00,12.03
2020-06-07 09:10:00,12.2
2020-06-07 09:20:00,12.31
2020-06-07 09:30:00,12.44
2020-06-07 09:40:00,12.74
2020-06-07 09:50:00,13.07
2020-06-07 10:00:00,13.59
2020-06-07 10:10:00,13.84
2020-06-07 10:20:00,14.06
2020-06-07 10:30:00,14.32
2020-06-07 10:40:00,14.42
2020-06-07 10:50:00,14.7
2020-06-07 11:00:00,14.96
2020-06-07 11:10:00,14.96
2020-06-07 11:20:00,15.04
2020-06-07 11:30:00,15.1
2020-06-07 11:40:00,15.12
2020-06-07 11:50:00,15.19
2020-06-07 12:00:00,15.3
2020-06-07 12:10:00,15.34
2020-06-07 12:20:00,15.38
2020-06-07 12:30:00,15.53
2020-06-07 12:40:00,15.63
2020-06-07 12:50:00,15.96
2020-06-07 13:00:00,16.13
2020-06-07 13:10:00,16.12
2020-06-07 13:20:00,16.09
2020-06-07 13:30:00,16.08
2020-06-07 13:40:00,16.24
2020-06-07 13:50:00,16.37
2020-06-07 14:00:00,16.45
2020-06-07 14:10:00,16.48
2020-06-07 14:20:00,16.39
2020-06-07 14:30:00,16.4
2020-06-07 14:40:00,16.57
2020-06-07 14:50:00,16.49
2020-06-07 15:00:00,16.31
2020-06-07 15:10:00,16.27
2020-06-07 15:20:00,16.42
2020-06-07 15:30:00,16.5
2020-06-07 15:40:00,16.54
2020-06-07 15:50:00,16.55
2020-06-07 16:00:00,16.57
2020-06-07 16:10:00,16.61
2020-06-07 16:20:00,16.6
2020-06-07 16:30:00,16.58
2020-06-07 16:40:00,16.51
2020-06-07 16:50:00,16.45
2020-06-07 17:00:00,16.26
2020-06-07 17:10:00,16.19
2020-06-07 17:20:00,16.14
2020-06-07 17:30:00,16.1
2020-06-07 17:40:00,16.02
2020-06-07 17:50:00,15.93
2020-06-07 18:00:00,15.87
2020-06-07 18:10:00,15.84
2020-06-07 18:20:00,15.79
2020-06-07 18:30:00,15.79
2020-06-07 18:40:00,15.89
2020-06-07 18:50:00,16.37
2020-06-07 19:00:00,16.4
2020-06-07 19:10:00,16.07
2020-06-07 19:20:00,15.85
2020-06-07 19:30:00,15.72
2020-06-07 19:40:00,15.59
2020-06-07 19:50:00,15.48
2020-06-07 20:00:00,15.41
2020-06-07 20:10:00,15.36
2020-06-07 20:20:00,15.11
2020-06-07 20:30:00,14.72
2020-06-07 20:40:00,14.72
2020-06-07 20:50:00,14.79
2020-06-07 21:00:00,14.58
2020-06-07 21:10:00,14.51
2020-06-07 21:20:00,14.41
2020-06-07 21:30:00,14.37
2020-06-07 21:40:00,14.27
2020-06-07 21:50:00,14.09
2020-06-07 22:00:00,13.68
2020-06-07 22:10:00,12.44
2020-06-07 22:20:00,11.67
2020-06-07 22:30:00,11.48
2020-06-07 22:40:00,11.38
2020-06-07 22:50:00,11.24
2020-06-07 23:00:00,10.88
2020-06-07 23:10:00,11.0
2020-06-07 23:20:00,11.04
2020-06-07 23:30:00,10.75
2020-06-07 23:40:00,10.45
2020-06-07 23:50:00,10.39
2020-06-08 00:00:00,10.37
2020-06-08 00:10:00,10.33
2020-06-08 00:20:00,10.22
2020-06-08 00:30:00,10.12
2020-06-08 00:40:00,9.86
2020-06-08 00:50:00,9.68
2020-06-08 01:00:00,9.77
2020-06-08 01:10:00,9.82
2020-06-08 01:20:00,9.5
2020-06-08 01:30:00,9.07
2020-06-08 01:40:00,8.92
2020-06-08 01:50:00,8.94
2020-06-08 02:00:00,8.87
2020-06-08 02:10:00,8.86
2020-06-08 02:20:00,8.95
2020-06-08 02:30:00,9.01
2020-06-08 02:40:00,9.12
2020-06-08 02:50:00,9.01
2020-06-08 03:00:00,9.22
2020-06-08 03:10:00,9.56
2020-06-08 03:20:00,9.28
2020-06-08 03:30:00,8.9
2020-06-08 03:40:00,8.96
2020-06-08 03:50:00,8.96
2020-06-08 04:00:00,8.88
2020-06-08 04:10:00,8.67
2020-06-08 04:20:00,8.4
2020-06-08 04:30:00,8.38
2020-06-08 04:40:00,8.46
2020-06-08 04:50:00,8.55
2020-06-08 05:00:00,8.87
2020-06-08 05:10:00,9.05
2020-06-08 05:20:00,9.89
2020-06-08 05:30:00,10.24
2020-06-08 05:40:00,9.88
2020-06-08 05:50:00,9.55
2020-06-08 06:00:00,9.35
2020-06-08 06:10:00,9.36
2020-06-08 06:20:00,9.5
2020-06-08 06:30:00,9.63
2020-06-08 06:40:00,9.95
2020-06-08 06:50:00,10.28
2020-06-08 07:00:00,10.72
2020-06-08 07:10:00,10.88
2020-06-08 07:20:00,11.23
2020-06-08 07:30:00,11.54
2020-06-08 07:40:00,11.64
2020-06-08 07:50:00,11.86
2020-06-08 08:00:00,12.07
2020-06-08 08:10:00,12.22
2020-06-08 08:20:00,12.72
2020-06-08 08:30:00,13.29
2020-06-08 08:40:00,13.5
2020-06-08 08:50:00,13.97
2020-06-08 09:00:00,14.73
2020-06-08 09:10:00,15.18
2020-06-08 09:20:00,15.41
2020-06-08 09:30:00,15.74
2020-06-08 09:40:00,16.14
2020-06-08 09:50:00,16.4
2020-06-08 10:00:00,16.57
2020-06-08 10:10:00,16.99
2020-06-08 10:20:00,17.13
2020-06-08 10:30:00,17.21
2020-06-08 10:40:00,17.32
2020-06-08 10:50:00,17.13
2020-06-08 11:00:00,17.06
2020-06-08 11:10:00,17.06
2020-06-08 11:20:00,17.64
2020-06-08 11:30:00,17.61
2020-06-08 11:40:00,17.62
2020-06-08 11:50:00,17.33
2020-06-08 12:00:00,17.3
2020-06-08 12:10:00,17.75
2020-06-08 12:20:00,18.36
2020-06-08 12:30:00,18.0
2020-06-08 12:40:00,18.44
2020-06-08 12:50:00,19.06
2020-06-08 13:00:00,18.46
2020-06-08 13:10:00,18.09
2020-06-08 13:20:00,17.86
2020-06-08 13:30:00,17.75
2020-06-08 13:40:00,17.84
2020-06-08 13:50:00,17.88
2020-06-08 14:00:00,17.93
2020-06-08 14:10:00,18.06
2020-06-08 14:20:00,18.17
2020-06-08 14:30:00,18.27
2020-06-08 14:40:00,18.22
2020-06-08 14:50:00,18.27
2020-06-08 15:00:00,18.19
2020-06-08 15:10:00,18.1
2020-06-08 15:20:00,17.87
2020-06-08 15:30:00,17.76
2020-06-08 15:40:00,17.73
2020-06-08 15:50:00,17.67
2020-06-08 16:00:00,17.7
2020-06-08 16:10:00,17.79
2020-06-08 16:20:00,17.87
2020-06-08 16:30:00,18.02
2020-06-08 16:40:00,17.95
2020-06-08 16:50:00,17.97
2020-06-08 17:00:00,18.01
2020-06-08 17:10:00,18.02
2020-06-08 17:20:00,17.89
2020-06-08 17:30:00,18.05
2020-06-08 17:40:00,17.97
2020-06-08 17:50:00,18.07
2020-06-08 18:00:00,18.09
2020-06-08 18:10:00,18.02
2020-06-08 18:20:00,18.04
2020-06-08 18:30:00,17.88
2020-06-08 18:40:00,17.83
2020-06-08 18:50:00,17.78
2020-06-08 19:00:00,17.59
2020-06-08 19:10:00,17.36
2020-06-08 19:20:00,17.32
2020-06-08 19:30:00,17.29
2020-06-08 19:40:00,17.21
2020-06-08 19:50:00,17.09
2020-06-08 20:00:00,17.01
2020-06-08 20:10:00,16.89
2020-06-08 20:20:00,16.68
2020-06-08 20:30:00,16.37
2020-06-08 20:40:00,16.12
2020-06-08 20:50:00,16.01
2020-06-08 21:00:00,15.62
2020-06-08 21:10:00,15.18
2020-06-08 21:20:00,14.79
2020-06-08 21:30:00,14.52
2020-06-08 21:40:00,14.28
2020-06-08 21:50:00,14.13
2020-06-08 22:00:00,13.92
2020-06-08 22:10:00,13.73
2020-06-08 22:20:00,13.58
2020-06-08 22:30:00,13.11
2020-06-08 22:40:00,12.77
2020-06-08 22:50:00,12.65
2020-06-08 23:00:00,12.54
2020-06-08 23:10:00,12.18
2020-06-08 23:20:00,11.91
2020-06-08 23:30:00,11.98
2020-06-08 23:40:00,11.8
2020-06-08 23:50:00,11.64
2020-06-09 00:00:00,11.52
2020-06-09 00:10:00,11.4
2020-06-09 00:20:00,11.25
2020-06-09 00:30:00,11.33
2020-06-09 00:40:00,11.33
2020-06-09 00:50:00,11.1
2020-06-09 01:00:00,10.97
2020-06-09 01:10:00,10.93
2020-06-09 01:20:00,10.86
2020-06-09 01:30:00,10.83
2020-06-09 01:40:00,10.62
2020-06-09 01:50:00,10.59
2020-06-09 02:00:00,10.43
2020-06-09 02:10:00,10.4
2020-06-09 02:20:00,10.45
2020-06-09 02:30:00,10.48
2020-06-09 02:40:00,10.51
2020-06-09 02:50:00,10.43
2020-06-09 03:00:00,10.2
2020-06-09 03:10:00,10.1
2020-06-09 03:20:00,10.18
2020-06-09 03:30:00,10.2
2020-06-09 03:40:00,10.19
2020-06-09 03:50:00,10.28
2020-06-09 04:00:00,10.22
2020-06-09 04:10:00,10.36
2020-06-09 04:20:00,10.29
2020-06-09 04:30:00,10.4
2020-06-09 04:40:00,10.48
2020-06-09 04:50:00,10.55
2020-06-09 05:00:00,10.67
2020-06-09 05:10:00,10.64
2020-06-09 05:20:00,10.77
2020-06-09 05:30:00,10.84
2020-06-09 05:40:00,10.93
2020-06-09 05:50:00,11.0
2020-06-09 06:00:00,11.08
2020-06-09 06:10:00,11.57
2020-06-09 06:20:00,11.73
2020-06-09 06:30:00,11.67
2020-06-09 06:40:00,11.7
2020-06-09 06:50:00,11.99
2020-06-09 07:00:00,12.19
2020-06-09 07:10:00,12.43
2020-06-09 07:20:00,12.65
2020-06-09 07:30:00,12.74
2020-06-09 07:40:00,12.88
2020-06-09 07:50:00,13.07
2020-06-09 08:00:00,13.28
2020-06-09 08:10:00,13.41
2020-06-09 08:20:00,13.57
2020-06-09 08:30:00,13.75
2020-06-09 08:40:00,13.79
2020-06-09 08:50:00,13.77
2020-06-09 09:00:00,13.94
2020-06-09 09:10:00,14.24
2020-06-09 09:20:00,14.41
2020-06-09 09:30:00,14.62
2020-06-09 09:40:00,14.7
2020-06-09 09:50:00,14.58
2020-06-09 10:00:00,14.62
2020-06-09 10:10:00,14.95
2020-06-09 10:20:00,15.29
2020-06-09 10:30:00,15.46
2020-06-09 10:40:00,15.46
2020-06-09 10:50:00,15.59
2020-06-09 11:00:00,15.84
2020-06-09 11:10:00,16.2
2020-06-09 11:20:00,16.5
2020-06-09 11:30:00,16.97
2020-06-09 11:40:00,17.31
2020-06-09 11:50:00,17.61
2020-06-09 12:00:00,18.06
2020-06-09 12:10:00,18.2
2020-06-09 12:20:00,18.44
2020-06-09 12:30:00,18.57
2020-06-09 12:40:00,18.67
2020-06-09 12:50:00,18.67
2020-06-09 13:00:00,18.79
2020-06-09 13:10:00,18.81
2020-06-09 13:20:00,18.73
2020-06-09 13:30:00,18.88
2020-06-09 13:40:00,19.07
2020-06-09 13:50:00,19.12
2020-06-09 14:00:00,19.23
2020-06-09 14:10:00,19.31
2020-06-09 14:20:00,19.48
2020-06-09 14:30:00,19.43
2020-06-09 14:40:00,19.45
2020-06-09 14:50:00,19.48
2020-06-09 15:00:00,19.45
2020-06-09 15:10:00,19.3
2020-06-09 15:20:00,18.89
2020-06-09 15:30:00,18.67
2020-06-09 15:40:00,18.28
2020-06-09 15:50:00,16.49
2020-06-09 16:00:00,15.68
2020-06-09 16:10:00,15.24
2020-06-09 16:20:00,15.16
2020-06-09 16:30:00,15.1
2020-06-09 16:40:00,15.0
2020-06-09 16:50:00,14.49
2020-06-09 17:00:00,14.77
2020-06-09 17:10:00,15.08
2020-06-09 17:20:00,14.75
2020-06-09 17:30:00,14.92
2020-06-09 17:40:00,14.81
2020-06-09 17:50:00,14.29
2020-06-09 18:00:00,14.11
2020-06-09 18:10:00,14.2
2020-06-09 18:20:00,14.23
2020-06-09 18:30:00,14.29
2020-06-09 18:40:00,14.36
2020-06-09 18:50:00,14.36
2020-06-09 19:00:00,14.19
2020-06-09 19:10:00,13.79
2020-06-09 19:20:00,13.8
2020-06-09 19:30:00,13.95
2020-06-09 19:40:00,13.99
2020-06-09 19:50:00,13.76
2020-06-09 20:00:00,13.49
2020-06-09 20:10:00,13.4
2020-06-09 20:20:00,13.4
2020-06-09 20:30:00,13.32
2020-06-09 20:40:00,13.39
2020-06-09 20:50:00,13.46
2020-06-09 21:00:00,13.34
2020-06-09 21:10:00,13.33
2020-06-09 21:20:00,13.36
2020-06-09 21:30:00,13.36
2020-06-09 21:40:00,13.33
2020-06-09 21:50:00,13.26
2020-06-09 22:00:00,13.2
2020-06-09 22:10:00,13.39
2020-06-09 22:20:00,13.43
2020-06-09 22:30:00,13.29
2020-06-09 22:40:00,13.18
2020-06-09 22:50:00,13.12
2020-06-09 23:00:00,13.08
2020-06-09 23:10:00,13.0
2020-06-09 23:20:00,13.03
2020-06-09 23:30:00,12.95
2020-06-09 23:40:00,12.93
2020-06-09 23:50:00,12.97
2020-06-10 00:00:00,13.21
2020-06-10 00:10:00,13.1
2020-06-10 00:20:00,13.08
2020-06-10 00:30:00,12.96
2020-06-10 00:40:00,12.82
2020-06-10 00:50:00,12.89
2020-06-10 01:00:00,12.9
2020-06-10 01:10:00,12.87
2020-06-10 01:20:00,12.94
2020-06-10 01:30:00,12.97
2020-06-10 01:40:00,12.97
2020-06-10 01:50:00,12.91
2020-06-10 02:00:00,12.92
2020-06-10 02:10:00,12.93
2020-06-10 02:20:00,12.81
2020-06-10 02:30:00,12.64
2020-06-10 02:40:00,12.63
2020-06-10 02:50:00,12.7
2020-06-10 03:00:00,12.9
2020-06-10 03:10:00,12.82
2020-06-10 03:20:00,12.67
2020-06-10 03:30:00,12.67
2020-06-10 03:40:00,12.64
2020-06-10 03:50:00,12.65
2020-06-10 04:00:00,12.79
2020-06-10 04:10:00,12.72
2020-06-10 04:20:00,12.49
2020-06-10 04:30:00,12.54
2020-06-10 04:40:00,12.63
2020-06-10 04:50:00,12.67
2020-06-10 05:00:00,12.72
2020-06-10 05:10:00,12.81
2020-06-10 05:20:00,12.84
2020-06-10 05:30:00,12.83
2020-06-10 05:40:00,12.92
2020-06-10 05:50:00,12.96
2020-06-10 06:00:00,12.98
2020-06-10 06:10:00,12.95
2020-06-10 06:20:00,12.94
2020-06-10 06:30:00,12.99
2020-06-10 06:40:00,13.04
2020-06-10 06:50:00,13.09
2020-06-10 07:00:00,13.17
2020-06-10 07:10:00,13.35
2020-06-10 07:20:00,13.41
2020-06-10 07:30:00,13.44
2020-06-10 07:40:00,13.49
2020-06-10 07:50:00,13.52
2020-06-10 08:00:00,13.57
2020-06-10 08:10:00,13.62
2020-06-10 08:20:00,13.71
2020-06-10 08:30:00,13.83
2020-06-10 08:40:00,13.93
2020-06-10 08:50:00,13.94
2020-06-10 09:00:00,13.99
2020-06-10 09:10:00,14.06
2020-06-10 09:20:00,14.12
2020-06-10 09:30:00,14.36
2020-06-10 09:40:00,14.47
2020-06-10 09:50:00,14.81
2020-06-10 10:00:00,15.04
2020-06-10 10:10:00,15.08
2020-06-10 10:20:00,15.19
2020-06-10 10:30:00,15.05
2020-06-10 10:40:00,15.05
2020-06-10 10:50:00,15.01
2020-06-10 11:00:00,15.01
2020-06-10 11:10:00,14.95
2020-06-10 11:20:00,15.12
2020-06-10 11:30:00,15.25
2020-06-10 11:40:00,15.62
2020-06-10 11:50:00,15.59
2020-06-10 12:00:00,15.53
2020-06-10 12:10:00,15.66
2020-06-10 12:20:00,15.89
2020-06-10 12:30:00,16.29
2020-06-10 12:40:00,16.81
2020-06-10 12:50:00,16.64
2020-06-10 13:00:00,16.61
2020-06-10 13:10:00,16.74
2020-06-10 13:20:00,16.63
2020-06-10 13:30:00,16.36
2020-06-10 13:40:00,16.31
2020-06-10 13:50:00,16.39
2020-06-10 14:00:00,16.34
2020-06-10 14:10:00,16.06
2020-06-10 14:20:00,15.75
2020-06-10 14:30:00,15.38
2020-06-10 14:40:00,15.2
2020-06-10 14:50:00,15.03
2020-06-10 15:00:00,14.84
2020-06-10 15:10:00,14.69
2020-06-10 15:20:00,14.65
2020-06-10 15:30:00,14.5
2020-06-10 15:40:00,14.4
2020-06-10 15:50:00,14.4
2020-06-10 16:00:00,14.51
2020-06-10 16:10:00,14.69
2020-06-10 16:20:00,14.87
2020-06-10 16:30:00,14.75
2020-06-10 16:40:00,14.79
2020-06-10 16:50:00,14.76
2020-06-10 17:00:00,14.36
2020-06-10 17:10:00,14.08
2020-06-10 17:20:00,13.87
2020-06-10 17:30:00,13.86
2020-06-10 17:40:00,13.89
2020-06-10 17:50:00,13.84
2020-06-10 18:00:00,13.7
2020-06-10 18:10:00,13.67
2020-06-10 18:20:00,13.55
2020-06-10 18:30:00,13.46
2020-06-10 18:40:00,13.33
2020-06-10 18:50:00,13.21
2020-06-10 19:00:00,13.24
2020-06-10 19:10:00,13.13
2020-06-10 19:20:00,12.98
2020-06-10 19:30:00,13.07
2020-06-10 19:40:00,13.08
2020-06-10 19:50:00,12.85
2020-06-10 20:00:00,12.87
2020-06-10 20:10:00,12.84
2020-06-10 20:20:00,12.72
2020-06-10 20:30:00,12.66
2020-06-10 20:40:00,12.7
2020-06-10 20:50:00,12.8
2020-06-10 21:00:00,12.78
2020-06-10 21:10:00,12.89
2020-06-10 21:20:00,12.81
2020-06-10 21:30:00,12.76
2020-06-10 21:40:00,12.58
2020-06-10 21:50:00,12.6
2020-06-10 22:00:00,12.69
2020-06-10 22:10:00,12.69
2020-06-10 22:20:00,12.62
2020-06-10 22:30:00,12.51
2020-06-10 22:40:00,12.44
2020-06-10 22:50:00,12.43
2020-06-10 23:00:00,12.36
2020-06-10 23:10:00,12.33
2020-06-10 23:20:00,12.27
2020-06-10 23:30:00,12.5
2020-06-10 23:40:00,12.5
2020-06-10 23:50:00,12.72
2020-06-11 00:00:00,12.63
2020-06-11 00:10:00,12.55
2020-06-11 00:20:00,12.59
2020-06-11 00:30:00,12.59
2020-06-11 00:40:00,12.58
2020-06-11 00:50:00,12.68
2020-06-11 01:00:00,12.66
2020-06-11 01:10:00,12.61
2020-06-11 01:20:00,12.74
2020-06-11 01:30:00,12.83
2020-06-11 01:40:00,12.85
2020-06-11 01:50:00,12.69
2020-06-11 02:00:00,12.68
2020-06-11 02:10:00,12.64
2020-06-11 02:20:00,12.58
2020-06-11 02:30:00,12.58
2020-06-11 02:40:00,12.58
2020-06-11 02:50:00,12.57
2020-06-11 03:00:00,12.43
2020-06-11 03:10:00,12.39
2020-06-11 03:20:00,12.34
2020-06-11 03:30:00,12.39
2020-06-11 03:40:00,12.4
2020-06-11 03:50:00,12.41
2020-06-11 04:00:00,12.35
2020-06-11 04:10:00,12.33
2020-06-11 04:20:00,12.31
2020-06-11 04:30:00,12.26
2020-06-11 04:40:00,12.25
2020-06-11 04:50:00,12.22
2020-06-11 05:00:00,12.23
2020-06-11 05:10:00,12.27
2020-06-11 05:20:00,12.3
2020-06-11 05:30:00,12.35
2020-06-11 05:40:00,12.33
2020-06-11 05:50:00,12.32
2020-06-11 06:00:00,12.37
2020-06-11 06:10:00,12.55
2020-06-11 06:20:00,12.5
2020-06-11 06:30:00,12.5
2020-06-11 06:40:00,12.55
2020-06-11 06:50:00,12.55
2020-06-11 07:00:00,12.56
2020-06-11 07:10:00,12.54
2020-06-11 07:20:00,12.54
2020-06-11 07:30:00,12.58
2020-06-11 07:40:00,12.63
2020-06-11 07:50:00,12.65
2020-06-11 08:00:00,12.67
2020-06-11 08:10:00,12.71
2020-06-11 08:20:00,12.64
2020-06-11 08:30:00,12.64
2020-06-11 08:40:00,12.73
2020-06-11 08:50:00,12.77
2020-06-11 09:00:00,12.83
2020-06-11 09:10:00,12.87
2020-06-11 09:20:00,12.84
2020-06-11 09:30:00,12.89
2020-06-11 09:40:00,12.92
2020-06-11 09:50:00,12.88
2020-06-11 10:00:00,12.85
2020-06-11 10:10:00,12.98
2020-06-11 10:20:00,13.11
2020-06-11 10:30:00,13.23
2020-06-11 10:40:00,13.38
2020-06-11 10:50:00,13.56
2020-06-11 11:00:00,13.71
2020-06-11 11:10:00,13.77
2020-06-11 11:20:00,13.94
2020-06-11 11:30:00,14.13
2020-06-11 11:40:00,14.28
2020-06-11 11:50:00,14.32
2020-06-11 12:00:00,14.54
2020-06-11 12:10:00,14.67
2020-06-11 12:20:00,14.82
2020-06-11 12:30:00,14.72
2020-06-11 12:40:00,14.69
2020-06-11 12:50:00,14.7
2020-06-11 13:00:00,14.61
2020-06-11 13:10:00,14.39
2020-06-11 13:20:00,14.28
2020-06-11 13:30:00,14.24
2020-06-11 13:40:00,14.37
2020-06-11 13:50:00,14.56
2020-06-11 14:00:00,14.69
2020-06-11 14:10:00,14.6
2020-06-11 14:20:00,14.69
2020-06-11 14:30:00,14.72
2020-06-11 14:40:00,14.78
2020-06-11 14:50:00,14.84
2020-06-11 15:00:00,15.08
2020-06-11 15:10:00,15.23
2020-06-11 15:20:00,15.42
2020-06-11 15:30:00,16.06
2020-06-11 15:40:00,16.05
2020-06-11 15:50:00,15.92
2020-06-11 16:00:00,15.88
2020-06-11 16:10:00,15.97
2020-06-11 16:20:00,15.96
2020-06-11 16:30:00,15.99
2020-06-11 16:40:00,16.03
2020-06-11 16:50:00,15.95
2020-06-11 17:00:00,15.96
2020-06-11 17:10:00,16.03
2020-06-11 17:20:00,16.08
2020-06-11 17:30:00,16.12
2020-06-11 17:40:00,16.09
2020-06-11 17:50:00,15.91
2020-06-11 18:00:00,15.81
2020-06-11 18:10:00,15.71
2020-06-11 18:20:00,15.77
2020-06-11 18:30:00,15.94
2020-06-11 18:40:00,16.15
2020-06-11 18:50:00,16.17
2020-06-11 19:00:00,16.06
2020-06-11 19:10:00,15.98
2020-06-11 19:20:00,15.96
2020-06-11 19:30:00,15.95
2020-06-11 19:40:00,15.9
2020-06-11 19:50:00,15.92
2020-06-11 20:00:00,15.96
2020-06-11 20:10:00,15.94
2020-06-11 20:20:00,16.0
2020-06-11 20:30:00,16.04
2020-06-11 20:40:00,16.0
2020-06-11 20:50:00,15.94
2020-06-11 21:00:00,15.98
2020-06-11 21:10:00,15.97
2020-06-11 21:20:00,15.83
2020-06-11 21:30:00,15.77
2020-06-11 21:40:00,15.54
2020-06-11 21:50:00,15.39
2020-06-11 22:00:00,15.51
2020-06-11 22:10:00,15.5
2020-06-11 22:20:00,15.48
2020-06-11 22:30:00,15.08
2020-06-11 22:40:00,14.94
2020-06-11 22:50:00,15.18
2020-06-11 23:00:00,15.17
2020-06-11 23:10:00,14.76
2020-06-11 23:20:00,14.36
2020-06-11 23:30:00,14.42
2020-06-11 23:40:00,14.36
2020-06-11 23:50:00,14.0
2020-06-12 00:00:00,14.19
2020-06-12 00:10:00,14.14
2020-06-12 00:20:00,14.06
2020-06-12 00:30:00,13.89
2020-06-12 00:40:00,13.7
2020-06-12 00:50:00,13.59
2020-06-12 01:00:00,13.39
2020-06-12 01:10:00,13.09
2020-06-12 01:20:00,13.28
2020-06-12 01:30:00,13.2
2020-06-12 01:40:00,13.21
2020-06-12 01:50:00,13.18
2020-06-12 02:00:00,13.04
2020-06-12 02:10:00,12.86
2020-06-12 02:20:00,12.97
2020-06-12 02:30:00,13.01
2020-06-12 02:40:00,13.1
2020-06-12 02:50:00,13.2
2020-06-12 03:00:00,13.27
2020-06-12 03:10:00,13.36
2020-06-12 03:20:00,13.34
2020-06-12 03:30:00,13.31
2020-06-12 03:40:00,13.41
2020-06-12 03:50:00,13.5
2020-06-12 04:00:00,13.54
2020-06-12 04:10:00,13.63
2020-06-12 04:20:00,13.63
2020-06-12 04:30:00,13.62
2020-06-12 04:40:00,13.54
2020-06-12 04:50:00,13.65
2020-06-12 05:00:00,13.7
2020-06-12 05:10:00,13.73
2020-06-12 05:20:00,13.92
2020-06-12 05:30:00,13.84
2020-06-12 05:40:00,13.92
2020-06-12 05:50:00,14.14
2020-06-12 06:00:00,14.05
2020-06-12 06:10:00,13.98
2020-06-12 06:20:00,14.08
2020-06-12 06:30:00,14.31
2020-06-12 06:40:00,14.59
2020-06-12 06:50:00,14.58
2020-06-12 07:00:00,15.15
2020-06-12 07:10:00,15.72
2020-06-12 07:20:00,16.34
2020-06-12 07:30:00,16.69
2020-06-12 07:40:00,16.43
2020-06-12 07:50:00,16.59
2020-06-12 08:00:00,17.19
2020-06-12 08:10:00,17.9
2020-06-12 08:20:00,17.95
2020-06-12 08:30:00,18.3
2020-06-12 08:40:00,18.48
2020-06-12 08:50:00,18.91
2020-06-12 09:00:00,19.12
2020-06-12 09:10:00,19.5
2020-06-12 09:20:00,19.91
2020-06-12 09:30:00,19.77
2020-06-12 09:40:00,19.72
2020-06-12 09:50:00,20.24
2020-06-12 10:00:00,20.45
2020-06-12 10:10:00,20.67
2020-06-12 10:20:00,20.92
2020-06-12 10:30:00,21.38
2020-06-12 10:40:00,21.59
2020-06-12 10:50:00,21.82
2020-06-12 11:00:00,21.67
2020-06-12 11:10:00,21.86
2020-06-12 11:20:00,22.16
2020-06-12 11:30:00,22.32
2020-06-12 11:40:00,22.78
2020-06-12 11:50:00,23.16
2020-06-12 12:00:00,23.35
2020-06-12 12:10:00,23.46
2020-06-12 12:20:00,23.85
2020-06-12 12:30:00,23.63
2020-06-12 12:40:00,23.79
2020-06-12 12:50:00,24.16
2020-06-12 13:00:00,24.36
2020-06-12 13:10:00,24.67
2020-06-12 13:20:00,24.77
2020-06-12 13:30:00,24.88
2020-06-12 13:40:00,24.94
2020-06-12 13:50:00,25.31
2020-06-12 14:00:00,25.39
2020-06-12 14:10:00,25.67
2020-06-12 14:20:00,26.16
2020-06-12 14:30:00,25.82
2020-06-12 14:40:00,25.81
2020-06-12 14:50:00,26.05
2020-06-12 15:00:00,25.85
2020-06-12 15:10:00,25.99
2020-06-12 15:20:00,25.83
2020-06-12 15:30:00,25.93
2020-06-12 15:40:00,26.13
2020-06-12 15:50:00,25.54
2020-06-12 16:00:00,25.71
2020-06-12 16:10:00,25.27
2020-06-12 16:20:00,25.56
2020-06-12 16:30:00,25.29
2020-06-12 16:40:00,25.63
2020-06-12 16:50:00,25.79
2020-06-12 17:00:00,25.93
2020-06-12 17:10:00,26.21
2020-06-12 17:20:00,25.91
2020-06-12 17:30:00,25.83
2020-06-12 17:40:00,25.89
2020-06-12 17:50:00,25.88
2020-06-12 18:00:00,25.48
2020-06-12 18:10:00,25.29
2020-06-12 18:20:00,25.39
2020-06-12 18:30:00,25.43
2020-06-12 18:40:00,25.44
2020-06-12 18:50:00,25.38
2020-06-12 19:00:00,25.24
2020-06-12 19:10:00,24.99
2020-06-12 19:20:00,24.8
2020-06-12 19:30:00,24.67
2020-06-12 19:40:00,24.55
2020-06-12 19:50:00,24.41
2020-06-12 20:00:00,24.28
2020-06-12 20:10:00,24.1
2020-06-12 20:20:00,23.86
2020-06-12 20:30:00,23.66
2020-06-12 20:40:00,23.5
2020-06-12 20:50:00,23.3
2020-06-12 21:00:00,23.12
2020-06-12 21:10:00,22.96
2020-06-12 21:20:00,22.82
2020-06-12 21:30:00,22.71
2020-06-12 21:40:00,22.56
2020-06-12 21:50:00,22.47
2020-06-12 22:00:00,22.45
2020-06-12 22:10:00,21.99
2020-06-12 22:20:00,21.62
2020-06-12 22:30:00,21.54
2020-06-12 22:40:00,21.38
2020-06-12 22:50:00,21.42
2020-06-12 23:00:00,21.63
2020-06-12 23:10:00,21.65
2020-06-12 23:20:00,21.65
2020-06-12 23:30:00,21.64
2020-06-12 23:40:00,21.54
2020-06-12 23:50:00,21.09
2020-06-13 00:00:00,20.76
2020-06-13 00:10:00,20.53
2020-06-13 00:20:00,20.24
2020-06-13 00:30:00,19.75
2020-06-13 00:40:00,19.26
2020-06-13 00:50:00,19.11
2020-06-13 01:00:00,19.26
2020-06-13 01:10:00,19.55
2020-06-13 01:20:00,19.55
2020-06-13 01:30:00,18.91
2020-06-13 01:40:00,18.37
2020-06-13 01:50:00,18.31
2020-06-13 02:00:00,17.97
2020-06-13 02:10:00,17.7
2020-06-13 02:20:00,17.33
2020-06-13 02:30:00,17.22
2020-06-13 02:40:00,17.34
2020-06-13 02:50:00,17.22
2020-06-13 03:00:00,16.93
2020-06-13 03:10:00,16.6
2020-06-13 03:20:00,16.49
2020-06-13 03:30:00,16.19
2020-06-13 03:40:00,16.04
2020-06-13 03:50:00,16.0
2020-06-13 04:00:00,15.91
2020-06-13 04:10:00,15.88
2020-06-13 04:20:00,15.76
2020-06-13 04:30:00,15.66
2020-06-13 04:40:00,15.62
2020-06-13 04:50:00,15.85
2020-06-13 05:00:00,16.19
2020-06-13 05:10:00,16.43
2020-06-13 05:20:00,16.3
2020-06-13 05:30:00,16.37
2020-06-13 05:40:00,16.82
2020-06-13 05:50:00,17.32
2020-06-13 06:00:00,18.25
2020-06-13 06:10:00,18.33
2020-06-13 06:20:00,18.71
2020-06-13 06:30:00,18.88
2020-06-13 06:40:00,18.76
2020-06-13 06:50:00,19.53
2020-06-13 07:00:00,20.01
2020-06-13 07:10:00,20.19
2020-06-13 07:20:00,20.61
2020-06-13 07:30:00,20.91
2020-06-13 07:40:00,20.86
2020-06-13 07:50:00,21.76
2020-06-13 08:00:00,22.81
2020-06-13 08:10:00,23.06
2020-06-13 08:20:00,23.23
2020-06-13 08:30:00,23.25
2020-06-13 08:40:00,23.83
2020-06-13 08:50:00,23.75
2020-06-13 09:00:00,23.48
2020-06-13 09:10:00,24.5
2020-06-13 09:20:00,25.02
2020-06-13 09:30:00,24.74
2020-06-13 09:40:00,25.07
2020-06-13 09:50:00,24.62
2020-06-13 10:00:00,24.74
2020-06-13 10:10:00,25.82
2020-06-13 10:20:00,25.88
2020-06-13 10:30:00,25.72
2020-06-13 10:40:00,25.74
2020-06-13 10:50:00,26.31
2020-06-13 11:00:00,26.27
2020-06-13 11:10:00,26.49
2020-06-13 11:20:00,26.18
2020-06-13 11:30:00,26.38
2020-06-13 11:40:00,27.14
2020-06-13 11:50:00,27.16
2020-06-13 12:00:00,27.02
2020-06-13 12:10:00,27.09
2020-06-13 12:20:00,27.17
2020-06-13 12:30:00,27.5
2020-06-13 12:40:00,27.36
2020-06-13 12:50:00,27.45
2020-06-13 13:00:00,27.74
2020-06-13 13:10:00,27.64
2020-06-13 13:20:00,27.67
2020-06-13 13:30:00,27.57
2020-06-13 13:40:00,28.01
2020-06-13 13:50:00,28.52
2020-06-13 14:00:00,28.2
2020-06-13 14:10:00,27.74
2020-06-13 14:20:00,27.19
2020-06-13 14:30:00,25.4
2020-06-13 14:40:00,24.43
2020-06-13 14:50:00,24.39
2020-06-13 15:00:00,25.48
2020-06-13 15:10:00,26.78
2020-06-13 15:20:00,27.46
2020-06-13 15:30:00,28.09
2020-06-13 15:40:00,27.78
2020-06-13 15:50:00,27.8
2020-06-13 16:00:00,27.94
2020-06-13 16:10:00,28.02
2020-06-13 16:20:00,28.49
2020-06-13 16:30:00,28.91
2020-06-13 16:40:00,28.9
2020-06-13 16:50:00,29.07
2020-06-13 17:00:00,29.35
2020-06-13 17:10:00,29.44
2020-06-13 17:20:00,29.28
2020-06-13 17:30:00,29.31
2020-06-13 17:40:00,29.13
2020-06-13 17:50:00,29.05
2020-06-13 18:00:00,29.15
2020-06-13 18:10:00,29.22
2020-06-13 18:20:00,27.84
2020-06-13 18:30:00,23.49
2020-06-13 18:40:00,21.29
2020-06-13 18:50:00,21.29
2020-06-13 19:00:00,20.99
2020-06-13 19:10:00,21.14
2020-06-13 19:20:00,20.82
2020-06-13 19:30:00,20.67
2020-06-13 19:40:00,20.58
2020-06-13 19:50:00,20.39
2020-06-13 20:00:00,20.18
2020-06-13 20:10:00,19.91
2020-06-13 20:20:00,19.72
2020-06-13 20:30:00,19.51
2020-06-13 20:40:00,19.4
2020-06-13 20:50:00,19.35
2020-06-13 21:00:00,19.32
2020-06-13 21:10:00,19.31
2020-06-13 21:20:00,19.26
2020-06-13 21:30:00,19.26
2020-06-13 21:40:00,19.24
2020-06-13 21:50:00,19.16
2020-06-13 22:00:00,19.02
2020-06-13 22:10:00,18.9
2020-06-13 22:20:00,18.86
2020-06-13 22:30:00,18.83
2020-06-13 22:40:00,18.82
2020-06-13 22:50:00,18.74
2020-06-13 23:00:00,18.71
2020-06-13 23:10:00,18.72
2020-06-13 23:20:00,18.71
2020-06-13 23:30:00,18.71
2020-06-13 23:40:00,18.66
2020-06-13 23:50:00,18.68
2020-06-14 00:00:00,18.65
2020-06-14 00:10:00,18.38
2020-06-14 00:20:00,18.29
2020-06-14 00:30:00,18.28
2020-06-14 00:40:00,18.16
2020-06-14 00:50:00,18.07
2020-06-14 01:00:00,17.89
2020-06-14 01:10:00,17.83
2020-06-14 01:20:00,17.77
2020-06-14 01:30:00,17.62
2020-06-14 01:40:00,17.46
2020-06-14 01:50:00,17.41
2020-06-14 02:00:00,17.39
2020-06-14 02:10:00,17.41
2020-06-14 02:20:00,17.35
2020-06-14 02:30:00,17.41
2020-06-14 02:40:00,17.5
2020-06-14 02:50:00,17.7
2020-06-14 03:00:00,17.76
2020-06-14 03:10:00,17.81
2020-06-14 03:20:00,17.81
2020-06-14 03:30:00,17.8
2020-06-14 03:40:00,17.83
2020-06-14 03:50:00,17.75
2020-06-14 04:00:00,17.64
2020-06-14 04:10:00,17.61
2020-06-14 04:20:00,17.61
2020-06-14 04:30:00,17.53
2020-06-14 04:40:00,17.4
2020-06-14 04:50:00,17.19
2020-06-14 05:00:00,17.05
2020-06-14 05:10:00,16.99
2020-06-14 05:20:00,16.94
2020-06-14 05:30:00,16.92
2020-06-14 05:40:00,16.88
2020-06-14 05:50:00,16.88
2020-06-14 06:00:00,16.9
2020-06-14 06:10:00,16.93
2020-06-14 06:20:00,16.96
2020-06-14 06:30:00,17.0
2020-06-14 06:40:00,17.04
2020-06-14 06:50:00,17.02
2020-06-14 07:00:00,17.07
2020-06-14 07:10:00,17.16
2020-06-14 07:20:00,17.22
2020-06-14 07:30:00,17.39
2020-06-14 07:40:00,17.48
2020-06-14 07:50:00,17.59
2020-06-14 08:00:00,17.72
2020-06-14 08:10:00,17.91
2020-06-14 08:20:00,18.07
2020-06-14 08:30:00,18.13
2020-06-14 08:40:00,18.12
2020-06-14 08:50:00,18.15
2020-06-14 09:00:00,18.32
2020-06-14 09:10:00,18.53
2020-06-14 09:20:00,18.75
2020-06-14 09:30:00,18.99
2020-06-14 09:40:00,19.11
2020-06-14 09:50:00,18.85
2020-06-14 10:00:00,18.71
2020-06-14 10:10:00,18.82
2020-06-14 10:20:00,18.95
2020-06-14 10:30:00,18.86
2020-06-14 10:40:00,18.72
2020-06-14 10:50:00,18.64
2020-06-14 11:00:00,18.85
2020-06-14 11:10:00,18.74
2020-06-14 11:20:00,18.75
2020-06-14 11:30:00,18.85
2020-06-14 11:40:00,18.98
2020-06-14 11:50:00,19.05
2020-06-14 12:00:00,19.04
2020-06-14 12:10:00,19.09
2020-06-14 12:20:00,19.18
2020-06-14 12:30:00,19.21
2020-06-14 12:40:00,19.21
2020-06-14 12:50:00,19.17
2020-06-14 13:00:00,19.13
2020-06-14 13:10:00,19.17
2020-06-14 13:20:00,19.26
2020-06-14 13:30:00,19.31
2020-06-14 13:40:00,19.36
2020-06-14 13:50:00,19.57
2020-06-14 14:00:00,19.96
2020-06-14 14:10:00,20.09
2020-06-14 14:20:00,20.08
2020-06-14 14:30:00,20.27
2020-06-14 14:40:00,20.48
2020-06-14 14:50:00,20.35
2020-06-14 15:00:00,20.3
2020-06-14 15:10:00,20.48
2020-06-14 15:20:00,20.87
2020-06-14 15:30:00,21.19
2020-06-14 15:40:00,20.92
2020-06-14 15:50:00,20.67
2020-06-14 16:00:00,20.61
2020-06-14 16:10:00,20.4
2020-06-14 16:20:00,19.71
2020-06-14 16:30:00,19.11
2020-06-14 16:40:00,18.66
2020-06-14 16:50:00,18.63
2020-06-14 17:00:00,18.74
2020-06-14 17:10:00,18.82
2020-06-14 17:20:00,18.88
2020-06-14 17:30:00,19.04
2020-06-14 17:40:00,19.22
2020-06-14 17:50:00,19.5
2020-06-14 18:00:00,19.41
2020-06-14 18:10:00,19.38
2020-06-14 18:20:00,19.37
2020-06-14 18:30:00,19.23
2020-06-14 18:40:00,19.28
2020-06-14 18:50:00,19.17
2020-06-14 19:00:00,19.06
2020-06-14 19:10:00,19.01
2020-06-14 19:20:00,19.03
2020-06-14 19:30:00,19.02
2020-06-14 19:40:00,19.04
2020-06-14 19:50:00,19.04
2020-06-14 20:00:00,19.0
2020-06-14 20:10:00,18.83
2020-06-14 20:20:00,18.8
2020-06-14 20:30:00,18.7
2020-06-14 20:40:00,18.57
2020-06-14 20:50:00,18.54
2020-06-14 21:00:00,18.47
2020-06-14 21:10:00,18.46
2020-06-14 21:20:00,18.62
2020-06-14 21:30:00,18.66
2020-06-14 21:40:00,18.5
2020-06-14 21:50:00,18.41
2020-06-14 22:00:00,18.42
2020-06-14 22:10:00,18.25
2020-06-14 22:20:00,18.24
2020-06-14 22:30:00,18.29
2020-06-14 22:40:00,18.21
2020-06-14 22:50:00,18.17
2020-06-14 23:00:00,18.23
2020-06-14 23:10:00,18.19
2020-06-14 23:20:00,18.12
2020-06-14 23:30:00,17.99
2020-06-14 23:40:00,18.01
2020-06-14 23:50:00,18.2
2020-06-15 00:00:00,18.39
2020-06-15 00:10:00,18.43
2020-06-15 00:20:00,18.25
2020-06-15 00:30:00,18.21
2020-06-15 00:40:00,18.08
2020-06-15 00:50:00,17.95
2020-06-15 01:00:00,18.03
2020-06-15 01:10:00,18.14
2020-06-15 01:20:00,17.98
2020-06-15 01:30:00,17.94
2020-06-15 01:40:00,17.84
2020-06-15 01:50:00,17.86
2020-06-15 02:00:00,17.78
2020-06-15 02:10:00,17.71
2020-06-15 02:20:00,17.63
2020-06-15 02:30:00,17.71
2020-06-15 02:40:00,17.67
2020-06-15 02:50:00,17.47
2020-06-15 03:00:00,17.15
2020-06-15 03:10:00,16.96
2020-06-15 03:20:00,17.07
2020-06-15 03:30:00,17.34
2020-06-15 03:40:00,17.16
2020-06-15 03:50:00,17.19
2020-06-15 04:00:00,17.38
2020-06-15 04:10:00,17.26
2020-06-15 04:20:00,17.23
2020-06-15 04:30:00,17.24
2020-06-15 04:40:00,17.16
2020-06-15 04:50:00,17.24
2020-06-15 05:00:00,17.3
2020-06-15 05:10:00,17.33
2020-06-15 05:20:00,17.37
2020-06-15 05:30:00,17.48
2020-06-15 05:40:00,17.65
2020-06-15 05:50:00,17.83
2020-06-15 06:00:00,17.72
2020-06-15 06:10:00,17.81
2020-06-15 06:20:00,17.83
2020-06-15 06:30:00,17.92
2020-06-15 06:40:00,17.68
2020-06-15 06:50:00,17.72
2020-06-15 07:00:00,18.07
2020-06-15 07:10:00,18.23
2020-06-15 07:20:00,18.39
2020-06-15 07:30:00,18.44
2020-06-15 07:40:00,18.71
2020-06-15 07:50:00,19.27
2020-06-15 08:00:00,19.52
2020-06-15 08:10:00,19.56
2020-06-15 08:20:00,19.3
2020-06-15 08:30:00,19.82
2020-06-15 08:40:00,21.21
2020-06-15 08:50:00,21.45
2020-06-15 09:00:00,20.79
2020-06-15 09:10:00,20.49
2020-06-15 09:20:00,20.28
2020-06-15 09:30:00,20.3
2020-06-15 09:40:00,20.37
2020-06-15 09:50:00,20.23
2020-06-15 10:00:00,20.11
2020-06-15 10:10:00,20.37
2020-06-15 10:20:00,21.35
2020-06-15 10:30:00,21.88
2020-06-15 10:40:00,20.81
2020-06-15 10:50:00,19.04
2020-06-15 11:00:00,18.84
2020-06-15 11:10:00,19.31
2020-06-15 11:20:00,19.66
2020-06-15 11:30:00,20.19
2020-06-15 11:40:00,20.65
2020-06-15 11:50:00,20.95
2020-06-15 12:00:00,21.25
2020-06-15 12:10:00,20.54
2020-06-15 12:20:00,19.08
2020-06-15 12:30:00,18.53
2020-06-15 12:40:00,18.43
2020-06-15 12:50:00,18.72
2020-06-15 13:00:00,18.81
2020-06-15 13:10:00,19.08
2020-06-15 13:20:00,19.36
2020-06-15 13:30:00,19.32
2020-06-15 13:40:00,19.38
2020-06-15 13:50:00,19.23
2020-06-15 14:00:00,19.67
2020-06-15 14:10:00,19.55
2020-06-15 14:20:00,19.3
2020-06-15 14:30:00,19.25
2020-06-15 14:40:00,19.21
2020-06-15 14:50:00,19.18
2020-06-15 15:00:00,19.31
2020-06-15 15:10:00,19.5
2020-06-15 15:20:00,19.22
2020-06-15 15:30:00,19.38
2020-06-15 15:40:00,19.56
2020-06-15 15:50:00,19.55
2020-06-15 16:00:00,19.93
2020-06-15 16:10:00,19.61
2020-06-15 16:20:00,19.53
2020-06-15 16:30:00,19.4
2020-06-15 16:40:00,19.24
2020-06-15 16:50:00,19.27
2020-06-15 17:00:00,19.28
2020-06-15 17:10:00,19.31
2020-06-15 17:20:00,19.26
2020-06-15 17:30:00,19.21
2020-06-15 17:40:00,19.21
2020-06-15 17:50:00,19.25
2020-06-15 18:00:00,18.98
2020-06-15 18:10:00,18.71
2020-06-15 18:20:00,18.53
2020-06-15 18:30:00,18.37
2020-06-15 18:40:00,18.26
2020-06-15 18:50:00,18.07
2020-06-15 19:00:00,17.89
2020-06-15 19:10:00,17.79
2020-06-15 19:20:00,17.79
2020-06-15 19:30:00,17.73
2020-06-15 19:40:00,17.64
2020-06-15 19:50:00,17.56
2020-06-15 20:00:00,17.49
2020-06-15 20:10:00,17.4
2020-06-15 20:20:00,17.34
2020-06-15 20:30:00,17.35
2020-06-15 20:40:00,17.31
2020-06-15 20:50:00,17.2
2020-06-15 21:00:00,17.12
2020-06-15 21:10:00,17.04
2020-06-15 21:20:00,16.92
2020-06-15 21:30:00,16.81
2020-06-15 21:40:00,16.71
2020-06-15 21:50:00,16.66
2020-06-15 22:00:00,16.57
2020-06-15 22:10:00,16.49
2020-06-15 22:20:00,16.44
2020-06-15 22:30:00,16.36
2020-06-15 22:40:00,16.26
2020-06-15 22:50:00,16.13
2020-06-15 23:00:00,16.05
2020-06-15 23:10:00,15.95
2020-06-15 23:20:00,15.89
2020-06-15 23:30:00,15.82
2020-06-15 23:40:00,15.84
2020-06-15 23:50:00,15.8
2020-06-16 00:00:00,15.75
2020-06-16 00:10:00,15.83
2020-06-16 00:20:00,15.94
2020-06-16 00:30:00,15.95
2020-06-16 00:40:00,15.94
2020-06-16 00:50:00,15.96
2020-06-16 01:00:00,15.97
2020-06-16 01:10:00,15.97
2020-06-16 01:20:00,15.95
2020-06-16 01:30:00,15.84
2020-06-16 01:40:00,15.74
2020-06-16 01:50:00,15.73
2020-06-16 02:00:00,15.71
2020-06-16 02:10:00,15.64
2020-06-16 02:20:00,15.58
2020-06-16 02:30:00,15.48
2020-06-16 02:40:00,15.32
2020-06-16 02:50:00,15.23
2020-06-16 03:00:00,15.26
2020-06-16 03:10:00,15.21
2020-06-16 03:20:00,15.12
2020-06-16 03:30:00,15.14
2020-06-16 03:40:00,15.09
2020-06-16 03:50:00,15.05
2020-06-16 04:00:00,15.03
2020-06-16 04:10:00,15.04
2020-06-16 04:20:00,15.08
2020-06-16 04:30:00,15.15
2020-06-16 04:40:00,15.15
2020-06-16 04:50:00,15.14
2020-06-16 05:00:00,15.18
2020-06-16 05:10:00,15.36
2020-06-16 05:20:00,15.47
2020-06-16 05:30:00,15.61
2020-06-16 05:40:00,15.75
2020-06-16 05:50:00,15.84
2020-06-16 06:00:00,15.98
2020-06-16 06:10:00,16.27
2020-06-16 06:20:00,16.39
2020-06-16 06:30:00,16.42
2020-06-16 06:40:00,16.63
2020-06-16 06:50:00,17.05
2020-06-16 07:00:00,17.1
2020-06-16 07:10:00,17.34
2020-06-16 07:20:00,17.34
2020-06-16 07:30:00,17.45
2020-06-16 07:40:00,17.63
2020-06-16 07:50:00,17.59
2020-06-16 08:00:00,17.82
2020-06-16 08:10:00,17.97
2020-06-16 08:20:00,18.22
2020-06-16 08:30:00,18.19
2020-06-16 08:40:00,18.24
2020-06-16 08:50:00,18.32
2020-06-16 09:00:00,18.48
2020-06-16 09:10:00,18.25
2020-06-16 09:20:00,18.23
2020-06-16 09:30:00,18.37
2020-06-16 09:40:00,18.5
2020-06-16 09:50:00,18.69
2020-06-16 10:00:00,18.89
2020-06-16 10:10:00,19.03
2020-06-16 10:20:00,18.96
2020-06-16 10:30:00,18.81
2020-06-16 10:40:00,19.14
2020-06-16 10:50:00,19.28
2020-06-16 11:00:00,19.82
2020-06-16 11:10:00,20.07
2020-06-16 11:20:00,19.79
2020-06-16 11:30:00,19.88
2020-06-16 11:40:00,20.23
2020-06-16 11:50:00,20.44
2020-06-16 12:00:00,20.6
2020-06-16 12:10:00,20.83
2020-06-16 12:20:00,21.28
2020-06-16 12:30:00,21.39
2020-06-16 12:40:00,21.54
2020-06-16 12:50:00,21.99
2020-06-16 13:00:00,22.2
2020-06-16 13:10:00,22.54
2020-06-16 13:20:00,22.77
2020-06-16 13:30:00,23.33
2020-06-16 13:40:00,23.07
2020-06-16 13:50:00,23.11
2020-06-16 14:00:00,23.11
2020-06-16 14:10:00,23.53
2020-06-16 14:20:00,23.73
2020-06-16 14:30:00,23.85
2020-06-16 14:40:00,23.86
2020-06-16 14:50:00,23.45
2020-06-16 15:00:00,23.55
2020-06-16 15:10:00,23.1
2020-06-16 15:20:00,23.22
2020-06-16 15:30:00,23.19
2020-06-16 15:40:00,22.83
2020-06-16 15:50:00,23.12
2020-06-16 16:00:00,23.08
2020-06-16 16:10:00,23.2
2020-06-16 16:20:00,23.5
2020-06-16 16:30:00,23.11
2020-06-16 16:40:00,22.96
2020-06-16 16:50:00,22.99
2020-06-16 17:00:00,21.67
2020-06-16 17:10:00,19.55
2020-06-16 17:20:00,18.98
2020-06-16 17:30:00,18.98
2020-06-16 17:40:00,19.28
2020-06-16 17:50:00,19.53
2020-06-16 18:00:00,19.32
2020-06-16 18:10:00,19.02
2020-06-16 18:20:00,18.73
2020-06-16 18:30:00,18.5
2020-06-16 18:40:00,18.51
2020-06-16 18:50:00,18.63
2020-06-16 19:00:00,18.43
2020-06-16 19:10:00,18.37
2020-06-16 19:20:00,18.43
2020-06-16 19:30:00,18.31
2020-06-16 19:40:00,18.18
2020-06-16 19:50:00,17.91
2020-06-16 20:00:00,17.69
2020-06-16 20:10:00,17.58
2020-06-16 20:20:00,17.59
2020-06-16 20:30:00,17.56
2020-06-16 20:40:00,17.53
2020-06-16 20:50:00,17.5
2020-06-16 21:00:00,17.38
2020-06-16 21:10:00,17.43
2020-06-16 21:20:00,17.41
2020-06-16 21:30:00,17.55
2020-06-16 21:40:00,17.33
2020-06-16 21:50:00,17.23
2020-06-16 22:00:00,17.17
2020-06-16 22:10:00,17.2
2020-06-16 22:20:00,17.11
2020-06-16 22:30:00,17.15
2020-06-16 22:40:00,17.32
2020-06-16 22:50:00,17.4
2020-06-16 23:00:00,17.3
2020-06-16 23:10:00,17.23
2020-06-16 23:20:00,17.15
2020-06-16 23:30:00,17.0
2020-06-16 23:40:00,16.97
2020-06-16 23:50:00,16.68
2020-06-17 00:00:00,16.63
2020-06-17 00:10:00,16.63
2020-06-17 00:20:00,16.38
2020-06-17 00:30:00,16.51
2020-06-17 00:40:00,16.56
2020-06-17 00:50:00,16.48
2020-06-17 01:00:00,16.48
2020-06-17 01:10:00,16.43
2020-06-17 01:20:00,16.31
2020-06-17 01:30:00,16.31
2020-06-17 01:40:00,16.29
2020-06-17 01:50:00,16.26
2020-06-17 02:00:00,16.21
2020-06-17 02:10:00,16.16
2020-06-17 02:20:00,16.17
2020-06-17 02:30:00,16.18
2020-06-17 02:40:00,16.06
2020-06-17 02:50:00,16.03
2020-06-17 03:00:00,16.08
2020-06-17 03:10:00,16.18
2020-06-17 03:20:00,16.27
2020-06-17 03:30:00,16.12
2020-06-17 03:40:00,16.04
2020-06-17 03:50:00,15.81
2020-06-17 04:00:00,15.83
2020-06-17 04:10:00,15.93
2020-06-17 04:20:00,15.91
2020-06-17 04:30:00,15.94
2020-06-17 04:40:00,16.03
2020-06-17 04:50:00,16.1
2020-06-17 05:00:00,16.12
2020-06-17 05:10:00,16.35
2020-06-17 05:20:00,16.54
2020-06-17 05:30:00,16.47
2020-06-17 05:40:00,16.67
2020-06-17 05:50:00,16.54
2020-06-17 06:00:00,16.84
2020-06-17 06:10:00,17.38
2020-06-17 06:20:00,17.9
2020-06-17 06:30:00,18.26
2020-06-17 06:40:00,18.36
2020-06-17 06:50:00,18.42
2020-06-17 07:00:00,18.84
2020-06-17 07:10:00,19.01
2020-06-17 07:20:00,18.52
2020-06-17 07:30:00,18.24
2020-06-17 07:40:00,18.14
2020-06-17 07:50:00,18.27
2020-06-17 08:00:00,18.8
2020-06-17 08:10:00,19.4
2020-06-17 08:20:00,19.74
2020-06-17 08:30:00,19.5
2020-06-17 08:40:00,19.68
2020-06-17 08:50:00,19.92
2020-06-17 09:00:00,20.09
2020-06-17 09:10:00,20.07
2020-06-17 09:20:00,20.52
2020-06-17 09:30:00,20.77
2020-06-17 09:40:00,20.86
2020-06-17 09:50:00,21.0
2020-06-17 10:00:00,21.04
2020-06-17 10:10:00,21.19
2020-06-17 10:20:00,21.54
2020-06-17 10:30:00,21.67
2020-06-17 10:40:00,21.88
2020-06-17 10:50:00,22.06
2020-06-17 11:00:00,22.34
2020-06-17 11:10:00,22.78
2020-06-17 11:20:00,22.78
2020-06-17 11:30:00,22.67
2020-06-17 11:40:00,22.79
2020-06-17 11:50:00,22.9
2020-06-17 12:00:00,22.89
2020-06-17 12:10:00,22.76
2020-06-17 12:20:00,22.95
2020-06-17 12:30:00,23.12
2020-06-17 12:40:00,23.11
2020-06-17 12:50:00,23.8
2020-06-17 13:00:00,23.96
2020-06-17 13:10:00,24.04
2020-06-17 13:20:00,23.73
2020-06-17 13:30:00,24.02
2020-06-17 13:40:00,24.4
2020-06-17 13:50:00,24.57
2020-06-17 14:00:00,24.3
2020-06-17 14:10:00,24.36
2020-06-17 14:20:00,24.4
2020-06-17 14:30:00,24.48
2020-06-17 14:40:00,24.48
2020-06-17 14:50:00,24.57
2020-06-17 15:00:00,24.88
2020-06-17 15:10:00,24.42
2020-06-17 15:20:00,24.05
2020-06-17 15:30:00,24.04
2020-06-17 15:40:00,24.22
2020-06-17 15:50:00,24.27
2020-06-17 16:00:00,24.32
2020-06-17 16:10:00,24.34
2020-06-17 16:20:00,24.49
2020-06-17 16:30:00,24.58
2020-06-17 16:40:00,24.56
2020-06-17 16:50:00,24.65
2020-06-17 17:00:00,24.79
2020-06-17 17:10:00,24.62
2020-06-17 17:20:00,24.39
2020-06-17 17:30:00,24.3
2020-06-17 17:40:00,24.3
2020-06-17 17:50:00,24.25
2020-06-17 18:00:00,24.23
2020-06-17 18:10:00,24.16
2020-06-17 18:20:00,24.06
2020-06-17 18:30:00,24.04
2020-06-17 18:40:00,24.17
2020-06-17 18:50:00,23.99
2020-06-17 19:00:00,23.78
2020-06-17 19:10:00,23.64
2020-06-17 19:20:00,23.51
2020-06-17 19:30:00,23.42
2020-06-17 19:40:00,23.32
2020-06-17 19:50:00,23.14
2020-06-17 20:00:00,22.96
2020-06-17 20:10:00,22.69
2020-06-17 20:20:00,22.73
2020-06-17 20:30:00,22.8
2020-06-17 20:40:00,22.58
2020-06-17 20:50:00,22.04
2020-06-17 21:00:00,21.98
2020-06-17 21:10:00,21.51
2020-06-17 21:20:00,21.32
2020-06-17 21:30:00,21.09
2020-06-17 21:40:00,20.99
2020-06-17 21:50:00,20.96
2020-06-17 22:00:00,20.49
2020-06-17 22:10:00,20.16
2020-06-17 22:20:00,19.98
2020-06-17 22:30:00,19.86
2020-06-17 22:40:00,19.7
2020-06-17 22:50:00,19.56
2020-06-17 23:00:00,19.21
2020-06-17 23:10:00,18.95
2020-06-17 23:20:00,18.91
2020-06-17 23:30:00,18.62
2020-06-17 23:40:00,18.53
2020-06-17 23:50:00,18.51
2020-06-18 00:00:00,18.29
2020-06-18 00:10:00,18.14
2020-06-18 00:20:00,18.15
2020-06-18 00:30:00,18.14
2020-06-18 00:40:00,18.12
2020-06-18 00:50:00,17.89
2020-06-18 01:00:00,17.7
2020-06-18 01:10:00,17.52
2020-06-18 01:20:00,17.41
2020-06-18 01:30:00,17.42
2020-06-18 01:40:00,17.27
2020-06-18 01:50:00,17.44
2020-06-18 02:00:00,17.45
2020-06-18 02:10:00,17.24
2020-06-18 02:20:00,17.21
2020-06-18 02:30:00,17.27
2020-06-18 02:40:00,17.04
2020-06-18 02:50:00,17.0
2020-06-18 03:00:00,17.02
2020-06-18 03:10:00,17.03
2020-06-18 03:20:00,17.01
2020-06-18 03:30:00,17.06
2020-06-18 03:40:00,17.06
2020-06-18 03:50:00,17.05
2020-06-18 04:00:00,17.2
2020-06-18 04:10:00,17.15
2020-06-18 04:20:00,17.17
2020-06-18 04:30:00,17.16
2020-06-18 04:40:00,17.17
2020-06-18 04:50:00,17.2
2020-06-18 05:00:00,17.19
2020-06-18 05:10:00,17.21
2020-06-18 05:20:00,17.32
2020-06-18 05:30:00,17.34
2020-06-18 05:40:00,17.35
2020-06-18 05:50:00,17.38
2020-06-18 06:00:00,17.39
2020-06-18 06:10:00,17.42
2020-06-18 06:20:00,17.34
2020-06-18 06:30:00,17.01
2020-06-18 06:40:00,16.72
2020-06-18 06:50:00,16.49
2020-06-18 07:00:00,16.38
2020-06-18 07:10:00,16.32
2020-06-18 07:20:00,16.29
2020-06-18 07:30:00,16.26
2020-06-18 07:40:00,16.25
2020-06-18 07:50:00,16.28
2020-06-18 08:00:00,16.27
2020-06-18 08:10:00,16.27
2020-06-18 08:20:00,16.32
2020-06-18 08:30:00,16.27
2020-06-18 08:40:00,16.24
2020-06-18 08:50:00,16.3
2020-06-18 09:00:00,16.4
2020-06-18 09:10:00,16.51
2020-06-18 09:20:00,16.52
2020-06-18 09:30:00,16.47
2020-06-18 09:40:00,16.23
2020-06-18 09:50:00,15.88
2020-06-18 10:00:00,15.55
2020-06-18 10:10:00,15.54
2020-06-18 10:20:00,15.76
2020-06-18 10:30:00,15.79
2020-06-18 10:40:00,15.82
2020-06-18 10:50:00,15.86
2020-06-18 11:00:00,15.89
2020-06-18 11:10:00,16.05
2020-06-18 11:20:00,15.97
2020-06-18 11:30:00,15.95
2020-06-18 11:40:00,15.82
2020-06-18 11:50:00,15.85
2020-06-18 12:00:00,15.84
2020-06-18 12:10:00,15.85
2020-06-18 12:20:00,15.97
2020-06-18 12:30:00,15.93
2020-06-18 12:40:00,15.99
2020-06-18 12:50:00,16.07
2020-06-18 13:00:00,16.33
2020-06-18 13:10:00,16.39
2020-06-18 13:20:00,16.39
2020-06-18 13:30:00,16.35
2020-06-18 13:40:00,16.26
2020-06-18 13:50:00,16.3
2020-06-18 14:00:00,16.27
2020-06-18 14:10:00,16.29
2020-06-18 14:20:00,16.33
2020-06-18 14:30:00,16.36
2020-06-18 14:40:00,16.34
2020-06-18 14:50:00,16.33
2020-06-18 15:00:00,16.36
2020-06-18 15:10:00,16.44
2020-06-18 15:20:00,16.39
2020-06-18 15:30:00,16.42
2020-06-18 15:40:00,16.62
2020-06-18 15:50:00,16.6
2020-06-18 16:00:00,16.57
2020-06-18 16:10:00,16.55
2020-06-18 16:20:00,16.52
2020-06-18 16:30:00,16.46
2020-06-18 16:40:00,16.45
2020-06-18 16:50:00,16.4
2020-06-18 17:00:00,16.33
2020-06-18 17:10:00,16.36
2020-06-18 17:20:00,16.51
2020-06-18 17:30:00,16.56
2020-06-18 17:40:00,16.53
2020-06-18 17:50:00,16.4
2020-06-18 18:00:00,16.2
2020-06-18 18:10:00,15.91
2020-06-18 18:20:00,15.75
2020-06-18 18:30:00,15.66
2020-06-18 18:40:00,15.58
2020-06-18 18:50:00,15.57
2020-06-18 19:00:00,15.58
2020-06-18 19:10:00,15.59
2020-06-18 19:20:00,15.65
2020-06-18 19:30:00,15.6
2020-06-18 19:40:00,15.49
2020-06-18 19:50:00,15.42
2020-06-18 20:00:00,15.28
2020-06-18 20:10:00,15.2
2020-06-18 20:20:00,15.14
2020-06-18 20:30:00,15.0
2020-06-18 20:40:00,14.99
2020-06-18 20:50:00,14.91
2020-06-18 21:00:00,14.73
2020-06-18 21:10:00,14.79
2020-06-18 21:20:00,14.38
2020-06-18 21:30:00,14.07
2020-06-18 21:40:00,14.21
2020-06-18 21:50:00,14.11
2020-06-18 22:00:00,13.98
2020-06-18 22:10:00,14.0
2020-06-18 22:20:00,13.99
2020-06-18 22:30:00,13.99
2020-06-18 22:40:00,13.92
2020-06-18 22:50:00,13.85
2020-06-18 23:00:00,13.68
2020-06-18 23:10:00,13.84
2020-06-18 23:20:00,13.9
2020-06-18 23:30:00,13.79
2020-06-18 23:40:00,13.82
2020-06-18 23:50:00,13.69
2020-06-19 00:00:00,13.45
2020-06-19 00:10:00,13.59
2020-06-19 00:20:00,13.63
2020-06-19 00:30:00,13.53
2020-06-19 00:40:00,13.44
2020-06-19 00:50:00,13.49
2020-06-19 01:00:00,13.42
2020-06-19 01:10:00,13.39
2020-06-19 01:20:00,13.29
2020-06-19 01:30:00,13.19
2020-06-19 01:40:00,13.04
2020-06-19 01:50:00,12.86
2020-06-19 02:00:00,13.01
2020-06-19 02:10:00,13.21
2020-06-19 02:20:00,13.13
2020-06-19 02:30:00,12.94
2020-06-19 02:40:00,12.79
2020-06-19 02:50:00,12.7
2020-06-19 03:00:00,12.61
2020-06-19 03:10:00,12.5
2020-06-19 03:20:00,12.39
2020-06-19 03:30:00,12.32
2020-06-19 03:40:00,12.33
2020-06-19 03:50:00,12.08
2020-06-19 04:00:00,11.86
2020-06-19 04:10:00,11.76
2020-06-19 04:20:00,11.59
2020-06-19 04:30:00,11.46
2020-06-19 04:40:00,11.23
2020-06-19 04:50:00,11.2
2020-06-19 05:00:00,11.26
2020-06-19 05:10:00,11.17
2020-06-19 05:20:00,11.21
2020-06-19 05:30:00,11.23
2020-06-19 05:40:00,11.26
2020-06-19 05:50:00,11.24
2020-06-19 06:00:00,11.29
2020-06-19 06:10:00,11.62
2020-06-19 06:20:00,11.76
2020-06-19 06:30:00,12.06
2020-06-19 06:40:00,12.28
2020-06-19 06:50:00,12.6
2020-06-19 07:00:00,13.0
2020-06-19 07:10:00,13.78
2020-06-19 07:20:00,14.44
2020-06-19 07:30:00,15.12
2020-06-19 07:40:00,15.71
2020-06-19 07:50:00,16.93
2020-06-19 08:00:00,17.46
2020-06-19 08:10:00,17.68
2020-06-19 08:20:00,18.65
2020-06-19 08:30:00,19.17
2020-06-19 08:40:00,19.5
2020-06-19 08:50:00,19.85
2020-06-19 09:00:00,19.93
2020-06-19 09:10:00,19.86
2020-06-19 09:20:00,19.85
2020-06-19 09:30:00,20.14
2020-06-19 09:40:00,20.27
2020-06-19 09:50:00,20.35
2020-06-19 10:00:00,20.68
2020-06-19 10:10:00,21.19
2020-06-19 10:20:00,21.45
2020-06-19 10:30:00,21.26
2020-06-19 10:40:00,21.04
2020-06-19 10:50:00,21.1
2020-06-19 11:00:00,21.34
2020-06-19 11:10:00,21.72
2020-06-19 11:20:00,21.54
2020-06-19 11:30:00,21.22
2020-06-19 11:40:00,21.69
2020-06-19 11:50:00,21.72
2020-06-19 12:00:00,21.59
2020-06-19 12:10:00,21.58
2020-06-19 12:20:00,21.11
2020-06-19 12:30:00,20.9
2020-06-19 12:40:00,20.78
2020-06-19 12:50:00,20.88
2020-06-19 13:00:00,21.35
2020-06-19 13:10:00,22.01
2020-06-19 13:20:00,22.35
2020-06-19 13:30:00,22.36
2020-06-19 13:40:00,22.43
2020-06-19 13:50:00,22.57
2020-06-19 14:00:00,22.69
2020-06-19 14:10:00,22.72
2020-06-19 14:20:00,22.91
2020-06-19 14:30:00,23.18
2020-06-19 14:40:00,22.55
2020-06-19 14:50:00,22.93
2020-06-19 15:00:00,23.38
2020-06-19 15:10:00,23.27
2020-06-19 15:20:00,23.17
2020-06-19 15:30:00,22.8
2020-06-19 15:40:00,22.85
2020-06-19 15:50:00,23.23
2020-06-19 16:00:00,23.35
2020-06-19 16:10:00,22.85
2020-06-19 16:20:00,22.55
2020-06-19 16:30:00,22.64
2020-06-19 16:40:00,22.43
2020-06-19 16:50:00,22.17
2020-06-19 17:00:00,21.96
2020-06-19 17:10:00,21.84
2020-06-19 17:20:00,21.7
2020-06-19 17:30:00,21.36
2020-06-19 17:40:00,21.12
2020-06-19 17:50:00,21.03
2020-06-19 18:00:00,21.0
2020-06-19 18:10:00,20.96
2020-06-19 18:20:00,20.7
2020-06-19 18:30:00,20.08
2020-06-19 18:40:00,19.9
2020-06-19 18:50:00,19.96
2020-06-19 19:00:00,19.98
2020-06-19 19:10:00,19.77
2020-06-19 19:20:00,18.15
2020-06-19 19:30:00,16.41
2020-06-19 19:40:00,16.04
2020-06-19 19:50:00,15.92
2020-06-19 20:00:00,15.99
2020-06-19 20:10:00,15.98
2020-06-19 20:20:00,15.88
2020-06-19 20:30:00,15.72
2020-06-19 20:40:00,15.67
2020-06-19 20:50:00,15.7
2020-06-19 21:00:00,15.69
2020-06-19 21:10:00,15.68
2020-06-19 21:20:00,15.66
2020-06-19 21:30:00,15.67
2020-06-19 21:40:00,15.63
2020-06-19 21:50:00,15.64
2020-06-19 22:00:00,15.58
2020-06-19 22:10:00,15.32
2020-06-19 22:20:00,15.37
2020-06-19 22:30:00,15.49
2020-06-19 22:40:00,15.54
2020-06-19 22:50:00,15.39
2020-06-19 23:00:00,15.17
2020-06-19 23:10:00,15.09
2020-06-19 23:20:00,15.07
2020-06-19 23:30:00,15.06
2020-06-19 23:40:00,15.15
2020-06-19 23:50:00,15.94
2020-06-20 00:00:00,16.19
2020-06-20 00:10:00,16.05
2020-06-20 00:20:00,16.1
2020-06-20 00:30:00,16.15
2020-06-20 00:40:00,15.99
2020-06-20 00:50:00,15.99
2020-06-20 01:00:00,16.03
2020-06-20 01:10:00,16.16
2020-06-20 01:20:00,16.27
2020-06-20 01:30:00,16.32
2020-06-20 01:40:00,16.39
2020-06-20 01:50:00,15.64
2020-06-20 02:00:00,15.12
2020-06-20 02:10:00,14.96
2020-06-20 02:20:00,15.12
2020-06-20 02:30:00,15.28
2020-06-20 02:40:00,15.38
2020-06-20 02:50:00,15.38
2020-06-20 03:00:00,15.4
2020-06-20 03:10:00,15.42
2020-06-20 03:20:00,15.43
2020-06-20 03:30:00,15.46
2020-06-20 03:40:00,15.4
2020-06-20 03:50:00,15.34
2020-06-20 04:00:00,15.28
2020-06-20 04:10:00,15.06
2020-06-20 04:20:00,15.02
2020-06-20 04:30:00,14.96
2020-06-20 04:40:00,14.86
2020-06-20 04:50:00,15.2
2020-06-20 05:00:00,15.54
2020-06-20 05:10:00,15.61
2020-06-20 05:20:00,15.63
2020-06-20 05:30:00,15.61
2020-06-20 05:40:00,15.52
2020-06-20 05:50:00,15.45
2020-06-20 06:00:00,15.48
2020-06-20 06:10:00,15.47
2020-06-20 06:20:00,15.48
2020-06-20 06:30:00,15.47
2020-06-20 06:40:00,15.46
2020-06-20 06:50:00,15.47
2020-06-20 07:00:00,15.49
2020-06-20 07:10:00,15.55
2020-06-20 07:20:00,15.63
2020-06-20 07:30:00,15.71
2020-06-20 07:40:00,15.83
2020-06-20 07:50:00,15.99
2020-06-20 08:00:00,16.15
2020-06-20 08:10:00,16.27
2020-06-20 08:20:00,16.42
2020-06-20 08:30:00,16.59
2020-06-20 08:40:00,16.72
2020-06-20 08:50:00,16.83
2020-06-20 09:00:00,17.24
2020-06-20 09:10:00,17.55
2020-06-20 09:20:00,17.87
2020-06-20 09:30:00,18.33
2020-06-20 09:40:00,18.76
2020-06-20 09:50:00,18.81
2020-06-20 10:00:00,18.73
2020-06-20 10:10:00,18.76
2020-06-20 10:20:00,18.8
2020-06-20 10:30:00,18.9
2020-06-20 10:40:00,18.8
2020-06-20 10:50:00,18.81
2020-06-20 11:00:00,18.9
2020-06-20 11:10:00,18.98
2020-06-20 11:20:00,19.1
2020-06-20 11:30:00,19.19
2020-06-20 11:40:00,19.27
2020-06-20 11:50:00,19.3
2020-06-20 12:00:00,19.41
2020-06-20 12:10:00,19.73
2020-06-20 12:20:00,19.78
2020-06-20 12:30:00,19.77
2020-06-20 12:40:00,19.75
2020-06-20 12:50:00,19.68
2020-06-20 13:00:00,19.64
2020-06-20 13:10:00,19.58
2020-06-20 13:20:00,19.62
2020-06-20 13:30:00,19.81
2020-06-20 13:40:00,19.83
2020-06-20 13:50:00,19.9
2020-06-20 14:00:00,20.0
2020-06-20 14:10:00,20.01
2020-06-20 14:20:00,19.97
2020-06-20 14:30:00,19.93
2020-06-20 14:40:00,19.93
2020-06-20 14:50:00,19.99
2020-06-20 15:00:00,19.94
2020-06-20 15:10:00,19.94
2020-06-20 15:20:00,19.96
2020-06-20 15:30:00,20.08
2020-06-20 15:40:00,20.13
2020-06-20 15:50:00,20.31
2020-06-20 16:00:00,20.58
2020-06-20 16:10:00,20.63
2020-06-20 16:20:00,20.75
2020-06-20 16:30:00,20.95
2020-06-20 16:40:00,21.02
2020-06-20 16:50:00,21.23
2020-06-20 17:00:00,21.45
2020-06-20 17:10:00,21.46
2020-06-20 17:20:00,21.5
2020-06-20 17:30:00,21.36
2020-06-20 17:40:00,21.38
2020-06-20 17:50:00,21.51
2020-06-20 18:00:00,20.99
2020-06-20 18:10:00,20.98
2020-06-20 18:20:00,20.94
2020-06-20 18:30:00,20.71
2020-06-20 18:40:00,20.31
2020-06-20 18:50:00,20.01
2020-06-20 19:00:00,19.83
2020-06-20 19:10:00,19.76
2020-06-20 19:20:00,19.66
2020-06-20 19:30:00,19.66
2020-06-20 19:40:00,19.7
2020-06-20 19:50:00,19.66
2020-06-20 20:00:00,19.61
2020-06-20 20:10:00,19.6
2020-06-20 20:20:00,19.58
2020-06-20 20:30:00,19.55
2020-06-20 20:40:00,19.39
2020-06-20 20:50:00,19.16
2020-06-20 21:00:00,18.86
2020-06-20 21:10:00,18.61
2020-06-20 21:20:00,18.39
2020-06-20 21:30:00,18.22
2020-06-20 21:40:00,18.02
2020-06-20 21:50:00,17.77
2020-06-20 22:00:00,17.6
2020-06-20 22:10:00,17.47
2020-06-20 22:20:00,17.35
2020-06-20 22:30:00,17.25
2020-06-20 22:40:00,17.18
2020-06-20 22:50:00,17.06
2020-06-20 23:00:00,16.88
2020-06-20 23:10:00,16.72
2020-06-20 23:20:00,16.72
2020-06-20 23:30:00,16.73
2020-06-20 23:40:00,16.67
2020-06-20 23:50:00,16.6
2020-06-21 00:00:00,16.48
2020-06-21 00:10:00,16.39
2020-06-21 00:20:00,16.33
2020-06-21 00:30:00,16.21
2020-06-21 00:40:00,16.06
2020-06-21 00:50:00,15.96
2020-06-21 01:00:00,15.97
2020-06-21 01:10:00,15.46
2020-06-21 01:20:00,15.41
2020-06-21 01:30:00,15.44
2020-06-21 01:40:00,15.36
2020-06-21 01:50:00,15.3
2020-06-21 02:00:00,15.29
2020-06-21 02:10:00,15.25
2020-06-21 02:20:00,15.28
2020-06-21 02:30:00,15.25
2020-06-21 02:40:00,15.25
2020-06-21 02:50:00,15.25
2020-06-21 03:00:00,15.26
2020-06-21 03:10:00,15.25
2020-06-21 03:20:00,15.35
2020-06-21 03:30:00,15.3
2020-06-21 03:40:00,15.25
2020-06-21 03:50:00,15.17
2020-06-21 04:00:00,15.18
2020-06-21 04:10:00,15.1
2020-06-21 04:20:00,14.91
2020-06-21 04:30:00,14.71
2020-06-21 04:40:00,14.68
2020-06-21 04:50:00,14.8
2020-06-21 05:00:00,14.78
2020-06-21 05:10:00,14.77
2020-06-21 05:20:00,14.73
2020-06-21 05:30:00,14.82
2020-06-21 05:40:00,14.87
2020-06-21 05:50:00,14.81
2020-06-21 06:00:00,14.82
2020-06-21 06:10:00,14.97
2020-06-21 06:20:00,15.35
2020-06-21 06:30:00,15.55
2020-06-21 06:40:00,15.7
2020-06-21 06:50:00,15.95
2020-06-21 07:00:00,16.2
2020-06-21 07:10:00,16.4
2020-06-21 07:20:00,16.45
2020-06-21 07:30:00,16.55
2020-06-21 07:40:00,16.68
2020-06-21 07:50:00,16.79
2020-06-21 08:00:00,16.97
2020-06-21 08:10:00,17.27
2020-06-21 08:20:00,17.64
2020-06-21 08:30:00,18.15
2020-06-21 08:40:00,18.43
2020-06-21 08:50:00,18.84
2020-06-21 09:00:00,18.82
2020-06-21 09:10:00,19.31
2020-06-21 09:20:00,19.28
2020-06-21 09:30:00,19.21
2020-06-21 09:40:00,19.61
2020-06-21 09:50:00,19.98
2020-06-21 10:00:00,19.99
2020-06-21 10:10:00,20.1
2020-06-21 10:20:00,20.08
2020-06-21 10:30:00,20.35
2020-06-21 10:40:00,20.61
2020-06-21 10:50:00,20.54
2020-06-21 11:00:00,20.83
2020-06-21 11:10:00,20.9
2020-06-21 11:20:00,20.68
2020-06-21 11:30:00,20.94
2020-06-21 11:40:00,21.07
2020-06-21 11:50:00,21.04
2020-06-21 12:00:00,21.26
2020-06-21 12:10:00,21.6
2020-06-21 12:20:00,21.88
2020-06-21 12:30:00,21.94
2020-06-21 12:40:00,21.56
2020-06-21 12:50:00,21.43
2020-06-21 13:00:00,22.38
2020-06-21 13:10:00,22.29
2020-06-21 13:20:00,22.0
2020-06-21 13:30:00,22.35
2020-06-21 13:40:00,21.78
2020-06-21 13:50:00,22.23
2020-06-21 14:00:00,22.13
2020-06-21 14:10:00,22.32
2020-06-21 14:20:00,22.41
2020-06-21 14:30:00,22.18
2020-06-21 14:40:00,22.17
2020-06-21 14:50:00,22.51
2020-06-21 15:00:00,22.8
2020-06-21 15:10:00,22.91
2020-06-21 15:20:00,22.44
2020-06-21 15:30:00,22.93
2020-06-21 15:40:00,23.51
2020-06-21 15:50:00,23.16
2020-06-21 16:00:00,22.84
2020-06-21 16:10:00,22.76
2020-06-21 16:20:00,22.67
2020-06-21 16:30:00,22.5
2020-06-21 16:40:00,22.75
2020-06-21 16:50:00,23.18
2020-06-21 17:00:00,23.14
2020-06-21 17:10:00,23.47
2020-06-21 17:20:00,24.13
2020-06-21 17:30:00,23.48
2020-06-21 17:40:00,23.34
2020-06-21 17:50:00,23.53
2020-06-21 18:00:00,23.8
2020-06-21 18:10:00,23.64
2020-06-21 18:20:00,23.46
2020-06-21 18:30:00,23.59
2020-06-21 18:40:00,23.81
2020-06-21 18:50:00,23.62
2020-06-21 19:00:00,23.54
2020-06-21 19:10:00,22.91
2020-06-21 19:20:00,22.31
2020-06-21 19:30:00,21.94
2020-06-21 19:40:00,21.76
2020-06-21 19:50:00,21.52
2020-06-21 20:00:00,21.31
2020-06-21 20:10:00,21.17
2020-06-21 20:20:00,21.01
2020-06-21 20:30:00,20.91
2020-06-21 20:40:00,20.86
2020-06-21 20:50:00,20.84
2020-06-21 21:00:00,20.83
2020-06-21 21:10:00,20.48
2020-06-21 21:20:00,19.9
2020-06-21 21:30:00,19.13
2020-06-21 21:40:00,18.74
2020-06-21 21:50:00,18.37
2020-06-21 22:00:00,17.96
2020-06-21 22:10:00,17.74
2020-06-21 22:20:00,17.63
2020-06-21 22:30:00,17.65
2020-06-21 22:40:00,17.47
2020-06-21 22:50:00,17.21
2020-06-21 23:00:00,16.97
2020-06-21 23:10:00,16.72
2020-06-21 23:20:00,16.34
2020-06-21 23:30:00,15.98
2020-06-21 23:40:00,16.0
2020-06-21 23:50:00,16.07
2020-06-22 00:00:00,15.87
2020-06-22 00:10:00,15.66
2020-06-22 00:20:00,15.42
2020-06-22 00:30:00,15.23
2020-06-22 00:40:00,15.16
2020-06-22 00:50:00,15.15
2020-06-22 01:00:00,14.88
2020-06-22 01:10:00,14.52
2020-06-22 01:20:00,14.23
2020-06-22 01:30:00,14.17
2020-06-22 01:40:00,13.94
2020-06-22 01:50:00,13.8
2020-06-22 02:00:00,13.57
2020-06-22 02:10:00,13.4
2020-06-22 02:20:00,13.3
2020-06-22 02:30:00,13.06
2020-06-22 02:40:00,13.07
2020-06-22 02:50:00,13.03
2020-06-22 03:00:00,12.91
2020-06-22 03:10:00,12.9
2020-06-22 03:20:00,13.03
2020-06-22 03:30:00,13.08
2020-06-22 03:40:00,12.76
2020-06-22 03:50:00,12.15
2020-06-22 04:00:00,12.18
2020-06-22 04:10:00,12.25
2020-06-22 04:20:00,12.32
2020-06-22 04:30:00,12.3
2020-06-22 04:40:00,12.71
2020-06-22 04:50:00,12.73
2020-06-22 05:00:00,12.96
2020-06-22 05:10:00,13.33
2020-06-22 05:20:00,13.46
2020-06-22 05:30:00,14.04
2020-06-22 05:40:00,14.48
2020-06-22 05:50:00,14.03
2020-06-22 06:00:00,13.75
2020-06-22 06:10:00,13.91
2020-06-22 06:20:00,14.06
2020-06-22 06:30:00,14.13
2020-06-22 06:40:00,14.49
2020-06-22 06:50:00,14.9
2020-06-22 07:00:00,15.41
2020-06-22 07:10:00,16.12
2020-06-22 07:20:00,16.83
2020-06-22 07:30:00,17.08
2020-06-22 07:40:00,17.32
2020-06-22 07:50:00,17.84
2020-06-22 08:00:00,18.82
2020-06-22 08:10:00,19.5
2020-06-22 08:20:00,19.72
2020-06-22 08:30:00,20.1
2020-06-22 08:40:00,19.98
2020-06-22 08:50:00,20.4
2020-06-22 09:00:00,20.66
2020-06-22 09:10:00,20.65
2020-06-22 09:20:00,20.93
2020-06-22 09:30:00,21.25
2020-06-22 09:40:00,21.05
2020-06-22 09:50:00,21.22
2020-06-22 10:00:00,21.64
2020-06-22 10:10:00,21.79
2020-06-22 10:20:00,21.83
2020-06-22 10:30:00,21.92
2020-06-22 10:40:00,21.89
2020-06-22 10:50:00,22.04
2020-06-22 11:00:00,22.02
2020-06-22 11:10:00,22.3
2020-06-22 11:20:00,22.38
2020-06-22 11:30:00,22.61
2020-06-22 11:40:00,23.13
2020-06-22 11:50:00,23.34
2020-06-22 12:00:00,23.38
2020-06-22 12:10:00,23.33
2020-06-22 12:20:00,23.48
2020-06-22 12:30:00,22.88
2020-06-22 12:40:00,22.43
2020-06-22 12:50:00,22.43
2020-06-22 13:00:00,22.23
2020-06-22 13:10:00,22.13
2020-06-22 13:20:00,21.64
2020-06-22 13:30:00,21.54
2020-06-22 13:40:00,21.32
2020-06-22 13:50:00,21.43
2020-06-22 14:00:00,22.18
2020-06-22 14:10:00,22.81
2020-06-22 14:20:00,22.7
2020-06-22 14:30:00,22.64
2020-06-22 14:40:00,23.16
2020-06-22 14:50:00,23.03
2020-06-22 15:00:00,23.3
2020-06-22 15:10:00,23.38
2020-06-22 15:20:00,23.5
2020-06-22 15:30:00,23.33
2020-06-22 15:40:00,23.49
2020-06-22 15:50:00,23.22
2020-06-22 16:00:00,23.59
2020-06-22 16:10:00,23.88
2020-06-22 16:20:00,23.87
2020-06-22 16:30:00,23.39
2020-06-22 16:40:00,23.24
2020-06-22 16:50:00,23.8
2020-06-22 17:00:00,23.85
2020-06-22 17:10:00,23.63
2020-06-22 17:20:00,23.08
2020-06-22 17:30:00,23.2
2020-06-22 17:40:00,23.31
2020-06-22 17:50:00,23.54
2020-06-22 18:00:00,23.24
2020-06-22 18:10:00,22.92
2020-06-22 18:20:00,22.56
2020-06-22 18:30:00,22.23
2020-06-22 18:40:00,21.77
2020-06-22 18:50:00,22.03
2020-06-22 19:00:00,22.23
2020-06-22 19:10:00,21.93
2020-06-22 19:20:00,21.37
2020-06-22 19:30:00,20.99
2020-06-22 19:40:00,20.75
2020-06-22 19:50:00,20.49
2020-06-22 20:00:00,20.25
2020-06-22 20:10:00,20.01
2020-06-22 20:20:00,19.79
2020-06-22 20:30:00,19.66
2020-06-22 20:40:00,19.58
2020-06-22 20:50:00,19.43
2020-06-22 21:00:00,19.24
2020-06-22 21:10:00,19.09
2020-06-22 21:20:00,18.9
2020-06-22 21:30:00,18.72
2020-06-22 21:40:00,18.48
2020-06-22 21:50:00,18.16
2020-06-22 22:00:00,17.93
2020-06-22 22:10:00,17.54
2020-06-22 22:20:00,17.2
2020-06-22 22:30:00,17.05
2020-06-22 22:40:00,16.82
2020-06-22 22:50:00,16.5
2020-06-22 23:00:00,16.55
2020-06-22 23:10:00,17.27
2020-06-22 23:20:00,17.09
2020-06-22 23:30:00,16.83
2020-06-22 23:40:00,16.5
2020-06-22 23:50:00,16.06
2020-06-23 00:00:00,15.79
2020-06-23 00:10:00,15.44
2020-06-23 00:20:00,15.14
2020-06-23 00:30:00,15.23
2020-06-23 00:40:00,14.81
2020-06-23 00:50:00,14.33
2020-06-23 01:00:00,14.27
2020-06-23 01:10:00,14.47
2020-06-23 01:20:00,14.42
2020-06-23 01:30:00,14.31
2020-06-23 01:40:00,14.08
2020-06-23 01:50:00,13.89
2020-06-23 02:00:00,13.8
2020-06-23 02:10:00,13.5
2020-06-23 02:20:00,13.23
2020-06-23 02:30:00,13.08
2020-06-23 02:40:00,13.0
2020-06-23 02:50:00,12.84
2020-06-23 03:00:00,12.66
2020-06-23 03:10:00,12.81
2020-06-23 03:20:00,12.71
2020-06-23 03:30:00,12.42
2020-06-23 03:40:00,12.33
2020-06-23 03:50:00,12.33
2020-06-23 04:00:00,12.33
2020-06-23 04:10:00,12.22
2020-06-23 04:20:00,12.22
2020-06-23 04:30:00,12.18
2020-06-23 04:40:00,12.19
2020-06-23 04:50:00,12.35
2020-06-23 05:00:00,12.23
2020-06-23 05:10:00,12.22
2020-06-23 05:20:00,12.52
2020-06-23 05:30:00,12.8
2020-06-23 05:40:00,12.98
2020-06-23 05:50:00,13.34
2020-06-23 06:00:00,13.86
2020-06-23 06:10:00,14.33
2020-06-23 06:20:00,14.64
2020-06-23 06:30:00,14.47
2020-06-23 06:40:00,15.03
2020-06-23 06:50:00,15.48
2020-06-23 07:00:00,15.8
2020-06-23 07:10:00,16.33
2020-06-23 07:20:00,16.64
2020-06-23 07:30:00,17.18
2020-06-23 07:40:00,17.94
2020-06-23 07:50:00,18.42
2020-06-23 08:00:00,18.62
2020-06-23 08:10:00,18.55
2020-06-23 08:20:00,18.18
2020-06-23 08:30:00,18.54
2020-06-23 08:40:00,18.77
2020-06-23 08:50:00,18.82
2020-06-23 09:00:00,19.37
2020-06-23 09:10:00,19.57
2020-06-23 09:20:00,20.26
2020-06-23 09:30:00,21.01
2020-06-23 09:40:00,21.4
2020-06-23 09:50:00,21.2
2020-06-23 10:00:00,20.92
2020-06-23 10:10:00,21.28
2020-06-23 10:20:00,21.09
2020-06-23 10:30:00,21.22
2020-06-23 10:40:00,21.0
2020-06-23 10:50:00,21.03
2020-06-23 11:00:00,21.09
2020-06-23 11:10:00,21.3
2020-06-23 11:20:00,21.49
2020-06-23 11:30:00,21.58
2020-06-23 11:40:00,21.19
2020-06-23 11:50:00,21.72
2020-06-23 12:00:00,21.83
2020-06-23 12:10:00,21.65
2020-06-23 12:20:00,21.57
2020-06-23 12:30:00,22.11
2020-06-23 12:40:00,22.15
2020-06-23 12:50:00,22.01
2020-06-23 13:00:00,21.99
2020-06-23 13:10:00,22.17
2020-06-23 13:20:00,22.58
2020-06-23 13:30:00,22.76
2020-06-23 13:40:00,22.92
2020-06-23 13:50:00,22.71
2020-06-23 14:00:00,22.87
2020-06-23 14:10:00,23.03
2020-06-23 14:20:00,22.9
2020-06-23 14:30:00,22.54
2020-06-23 14:40:00,22.85
2020-06-23 14:50:00,22.72
2020-06-23 15:00:00,23.25
2020-06-23 15:10:00,23.38
2020-06-23 15:20:00,23.07
2020-06-23 15:30:00,22.99
2020-06-23 15:40:00,23.17
2020-06-23 15:50:00,23.65
2020-06-23 16:00:00,23.89
2020-06-23 16:10:00,24.19
2020-06-23 16:20:00,24.81
2020-06-23 16:30:00,24.5
2020-06-23 16:40:00,24.2
2020-06-23 16:50:00,24.64
2020-06-23 17:00:00,24.68
2020-06-23 17:10:00,24.49
2020-06-23 17:20:00,24.31
2020-06-23 17:30:00,24.07
2020-06-23 17:40:00,23.71
2020-06-23 17:50:00,23.76
2020-06-23 18:00:00,23.66
2020-06-23 18:10:00,23.64
2020-06-23 18:20:00,23.48
2020-06-23 18:30:00,23.23
2020-06-23 18:40:00,23.18
2020-06-23 18:50:00,22.9
2020-06-23 19:00:00,22.74
2020-06-23 19:10:00,22.42
2020-06-23 19:20:00,22.1
2020-06-23 19:30:00,21.93
2020-06-23 19:40:00,21.68
2020-06-23 19:50:00,21.37
2020-06-23 20:00:00,21.04
2020-06-23 20:10:00,20.78
2020-06-23 20:20:00,20.64
2020-06-23 20:30:00,20.53
2020-06-23 20:40:00,20.45
2020-06-23 20:50:00,20.34
2020-06-23 21:00:00,20.2
2020-06-23 21:10:00,19.98
2020-06-23 21:20:00,19.8
2020-06-23 21:30:00,19.52
2020-06-23 21:40:00,19.25
2020-06-23 21:50:00,19.05
2020-06-23 22:00:00,18.84
2020-06-23 22:10:00,18.72
2020-06-23 22:20:00,18.0
2020-06-23 22:30:00,17.24
2020-06-23 22:40:00,16.88
2020-06-23 22:50:00,16.65
2020-06-23 23:00:00,16.5
2020-06-23 23:10:00,16.24
2020-06-23 23:20:00,15.84
2020-06-23 23:30:00,15.46
2020-06-23 23:40:00,15.36
2020-06-23 23:50:00,15.04
2020-06-24 00:00:00,14.41
2020-06-24 00:10:00,14.19
2020-06-24 00:20:00,14.26
2020-06-24 00:30:00,14.14
2020-06-24 00:40:00,13.78
2020-06-24 00:50:00,13.55
2020-06-24 01:00:00,13.54
2020-06-24 01:10:00,13.24
2020-06-24 01:20:00,13.22
2020-06-24 01:30:00,13.11
2020-06-24 01:40:00,12.85
2020-06-24 01:50:00,12.54
2020-06-24 02:00:00,12.37
2020-06-24 02:10:00,12.26
2020-06-24 02:20:00,12.12
2020-06-24 02:30:00,12.09
2020-06-24 02:40:00,11.8
2020-06-24 02:50:00,11.42
2020-06-24 03:00:00,11.31
2020-06-24 03:10:00,11.42
2020-06-24 03:20:00,11.55
2020-06-24 03:30:00,11.24
2020-06-24 03:40:00,10.97
2020-06-24 03:50:00,10.88
2020-06-24 04:00:00,10.96
2020-06-24 04:10:00,11.02
2020-06-24 04:20:00,10.94
2020-06-24 04:30:00,10.91
2020-06-24 04:40:00,10.93
2020-06-24 04:50:00,10.63
2020-06-24 05:00:00,10.75
2020-06-24 05:10:00,11.52
2020-06-24 05:20:00,12.06
2020-06-24 05:30:00,12.38
2020-06-24 05:40:00,12.79
2020-06-24 05:50:00,13.07
2020-06-24 06:00:00,13.25
2020-06-24 06:10:00,12.98
2020-06-24 06:20:00,13.07
2020-06-24 06:30:00,14.0
2020-06-24 06:40:00,14.69
2020-06-24 06:50:00,15.2
2020-06-24 07:00:00,15.67
2020-06-24 07:10:00,15.99
2020-06-24 07:20:00,16.4
2020-06-24 07:30:00,17.05
2020-06-24 07:40:00,17.53
2020-06-24 07:50:00,17.53
2020-06-24 08:00:00,17.39
2020-06-24 08:10:00,17.61
2020-06-24 08:20:00,18.03
2020-06-24 08:30:00,18.21
2020-06-24 08:40:00,18.41
2020-06-24 08:50:00,18.87
2020-06-24 09:00:00,19.19
2020-06-24 09:10:00,19.39
2020-06-24 09:20:00,19.42
2020-06-24 09:30:00,19.69
2020-06-24 09:40:00,20.12
2020-06-24 09:50:00,20.29
2020-06-24 10:00:00,20.48
2020-06-24 10:10:00,20.6
2020-06-24 10:20:00,21.06
2020-06-24 10:30:00,20.99
2020-06-24 10:40:00,20.78
2020-06-24 10:50:00,21.04
2020-06-24 11:00:00,21.27
2020-06-24 11:10:00,21.23
2020-06-24 11:20:00,21.37
2020-06-24 11:30:00,21.56
2020-06-24 11:40:00,21.05
2020-06-24 11:50:00,21.25
2020-06-24 12:00:00,21.6
2020-06-24 12:10:00,22.02
2020-06-24 12:20:00,22.08
2020-06-24 12:30:00,22.49
2020-06-24 12:40:00,22.2
2020-06-24 12:50:00,22.06
2020-06-24 13:00:00,22.31
2020-06-24 13:10:00,22.46
2020-06-24 13:20:00,22.81
2020-06-24 13:30:00,22.56
2020-06-24 13:40:00,22.74
2020-06-24 13:50:00,22.92
2020-06-24 14:00:00,23.08
2020-06-24 14:10:00,22.94
2020-06-24 14:20:00,23.34
2020-06-24 14:30:00,23.55
2020-06-24 14:40:00,23.52
2020-06-24 14:50:00,23.9
2020-06-24 15:00:00,23.76
2020-06-24 15:10:00,23.8
2020-06-24 15:20:00,23.71
2020-06-24 15:30:00,23.86
2020-06-24 15:40:00,24.2
2020-06-24 15:50:00,24.35
2020-06-24 16:00:00,24.23
2020-06-24 16:10:00,24.44
2020-06-24 16:20:00,23.99
2020-06-24 16:30:00,24.2
2020-06-24 16:40:00,24.17
2020-06-24 16:50:00,23.79
2020-06-24 17:00:00,23.63
2020-06-24 17:10:00,23.64
2020-06-24 17:20:00,23.27
2020-06-24 17:30:00,22.98
2020-06-24 17:40:00,22.85
2020-06-24 17:50:00,22.73
2020-06-24 18:00:00,22.68
2020-06-24 18:10:00,22.6
2020-06-24 18:20:00,22.49
2020-06-24 18:30:00,22.3
2020-06-24 18:40:00,22.2
2020-06-24 18:50:00,22.07
2020-06-24 19:00:00,21.91
2020-06-24 19:10:00,21.79
2020-06-24 19:20:00,21.64
2020-06-24 19:30:00,21.52
2020-06-24 19:40:00,21.42
2020-06-24 19:50:00,21.24
2020-06-24 20:00:00,21.09
2020-06-24 20:10:00,20.95
2020-06-24 20:20:00,20.81
2020-06-24 20:30:00,20.7
2020-06-24 20:40:00,20.53
2020-06-24 20:50:00,20.3
2020-06-24 21:00:00,20.21
2020-06-24 21:10:00,20.11
2020-06-24 21:20:00,19.92
2020-06-24 21:30:00,19.65
2020-06-24 21:40:00,19.18
2020-06-24 21:50:00,18.89
2020-06-24 22:00:00,18.73
2020-06-24 22:10:00,18.67
2020-06-24 22:20:00,18.73
2020-06-24 22:30:00,18.68
2020-06-24 22:40:00,18.2
2020-06-24 22:50:00,18.36
2020-06-24 23:00:00,18.08
2020-06-24 23:10:00,17.5
2020-06-24 23:20:00,17.28
2020-06-24 23:30:00,17.12
2020-06-24 23:40:00,16.94
2020-06-24 23:50:00,16.72
2020-06-25 00:00:00,16.67
2020-06-25 00:10:00,16.55
2020-06-25 00:20:00,16.4
2020-06-25 00:30:00,16.19
2020-06-25 00:40:00,16.02
2020-06-25 00:50:00,15.93
2020-06-25 01:00:00,15.99
2020-06-25 01:10:00,16.1
2020-06-25 01:20:00,16.02
2020-06-25 01:30:00,16.04
2020-06-25 01:40:00,16.14
2020-06-25 01:50:00,16.22
2020-06-25 02:00:00,16.27
2020-06-25 02:10:00,16.17
2020-06-25 02:20:00,16.06
2020-06-25 02:30:00,16.2
2020-06-25 02:40:00,16.17
2020-06-25 02:50:00,16.04
2020-06-25 03:00:00,16.1
2020-06-25 03:10:00,16.11
2020-06-25 03:20:00,16.02
2020-06-25 03:30:00,15.92
2020-06-25 03:40:00,15.89
2020-06-25 03:50:00,15.85
2020-06-25 04:00:00,15.9
2020-06-25 04:10:00,15.84
2020-06-25 04:20:00,16.06
2020-06-25 04:30:00,16.44
2020-06-25 04:40:00,16.57
2020-06-25 04:50:00,16.76
2020-06-25 05:00:00,16.82
2020-06-25 05:10:00,16.61
2020-06-25 05:20:00,16.57
2020-06-25 05:30:00,16.36
2020-06-25 05:40:00,15.97
2020-06-25 05:50:00,15.98
2020-06-25 06:00:00,16.09
2020-06-25 06:10:00,16.15
2020-06-25 06:20:00,16.19
2020-06-25 06:30:00,16.21
2020-06-25 06:40:00,16.2
2020-06-25 06:50:00,16.26
2020-06-25 07:00:00,16.37
2020-06-25 07:10:00,16.48
2020-06-25 07:20:00,16.47
2020-06-25 07:30:00,16.5
2020-06-25 07:40:00,16.44
2020-06-25 07:50:00,16.56
2020-06-25 08:00:00,16.62
2020-06-25 08:10:00,16.6
2020-06-25 08:20:00,16.6
2020-06-25 08:30:00,16.73
2020-06-25 08:40:00,16.67
2020-06-25 08:50:00,16.63
2020-06-25 09:00:00,16.53
2020-06-25 09:10:00,16.6
2020-06-25 09:20:00,16.71
2020-06-25 09:30:00,16.91
2020-06-25 09:40:00,17.2
2020-06-25 09:50:00,17.38
2020-06-25 10:00:00,17.65
2020-06-25 10:10:00,18.17
2020-06-25 10:20:00,18.64
2020-06-25 10:30:00,19.25
2020-06-25 10:40:00,19.07
2020-06-25 10:50:00,19.38
2020-06-25 11:00:00,19.64
2020-06-25 11:10:00,20.34
2020-06-25 11:20:00,20.8
2020-06-25 11:30:00,21.55
2020-06-25 11:40:00,21.84
2020-06-25 11:50:00,22.17
2020-06-25 12:00:00,22.24
2020-06-25 12:10:00,22.37
2020-06-25 12:20:00,22.2
2020-06-25 12:30:00,22.4
2020-06-25 12:40:00,22.97
2020-06-25 12:50:00,22.38
2020-06-25 13:00:00,22.34
2020-06-25 13:10:00,22.5
2020-06-25 13:20:00,22.91
2020-06-25 13:30:00,22.88
2020-06-25 13:40:00,23.19
2020-06-25 13:50:00,22.92
2020-06-25 14:00:00,23.19
2020-06-25 14:10:00,23.41
2020-06-25 14:20:00,23.83
2020-06-25 14:30:00,23.83
2020-06-25 14:40:00,23.87
2020-06-25 14:50:00,23.58
2020-06-25 15:00:00,23.73
2020-06-25 15:10:00,23.56
2020-06-25 15:20:00,23.74
2020-06-25 15:30:00,24.14
2020-06-25 15:40:00,23.85
2020-06-25 15:50:00,24.07
2020-06-25 16:00:00,24.18
2020-06-25 16:10:00,23.71
2020-06-25 16:20:00,24.22
2020-06-25 16:30:00,24.59
2020-06-25 16:40:00,24.49
2020-06-25 16:50:00,24.45
2020-06-25 17:00:00,24.29
2020-06-25 17:10:00,24.53
2020-06-25 17:20:00,24.58
2020-06-25 17:30:00,24.69
2020-06-25 17:40:00,24.77
2020-06-25 17:50:00,24.66
2020-06-25 18:00:00,24.3
2020-06-25 18:10:00,24.23
2020-06-25 18:20:00,24.59
2020-06-25 18:30:00,24.52
2020-06-25 18:40:00,24.4
2020-06-25 18:50:00,24.45
2020-06-25 19:00:00,24.17
2020-06-25 19:10:00,23.76
2020-06-25 19:20:00,23.43
2020-06-25 19:30:00,23.29
2020-06-25 19:40:00,23.15
2020-06-25 19:50:00,22.97
2020-06-25 20:00:00,22.74
2020-06-25 20:10:00,22.49
2020-06-25 20:20:00,22.25
2020-06-25 20:30:00,22.07
2020-06-25 20:40:00,21.83
2020-06-25 20:50:00,21.59
2020-06-25 21:00:00,21.49
2020-06-25 21:10:00,21.33
2020-06-25 21:20:00,21.14
2020-06-25 21:30:00,20.91
2020-06-25 21:40:00,20.7
2020-06-25 21:50:00,20.55
2020-06-25 22:00:00,20.51
2020-06-25 22:10:00,20.32
2020-06-25 22:20:00,20.17
2020-06-25 22:30:00,20.1
2020-06-25 22:40:00,19.94
2020-06-25 22:50:00,19.7
2020-06-25 23:00:00,19.59
2020-06-25 23:10:00,19.42
2020-06-25 23:20:00,18.86
2020-06-25 23:30:00,18.38
2020-06-25 23:40:00,17.92
2020-06-25 23:50:00,17.64
2020-06-26 00:00:00,17.56
2020-06-26 00:10:00,17.43
2020-06-26 00:20:00,17.39
2020-06-26 00:30:00,17.11
2020-06-26 00:40:00,16.46
2020-06-26 00:50:00,16.11
2020-06-26 01:00:00,16.23
2020-06-26 01:10:00,15.92
2020-06-26 01:20:00,15.85
2020-06-26 01:30:00,15.81
2020-06-26 01:40:00,15.53
2020-06-26 01:50:00,15.13
2020-06-26 02:00:00,14.65
2020-06-26 02:10:00,14.53
2020-06-26 02:20:00,14.57
2020-06-26 02:30:00,14.45
2020-06-26 02:40:00,14.28
2020-06-26 02:50:00,14.07
2020-06-26 03:00:00,14.01
2020-06-26 03:10:00,13.99
2020-06-26 03:20:00,13.95
2020-06-26 03:30:00,14.03
2020-06-26 03:40:00,13.78
2020-06-26 03:50:00,13.55
2020-06-26 04:00:00,13.62
2020-06-26 04:10:00,13.53
2020-06-26 04:20:00,13.49
2020-06-26 04:30:00,13.53
2020-06-26 04:40:00,13.57
2020-06-26 04:50:00,13.6
2020-06-26 05:00:00,13.83
2020-06-26 05:10:00,14.49
2020-06-26 05:20:00,14.72
2020-06-26 05:30:00,14.86
2020-06-26 05:40:00,15.38
2020-06-26 05:50:00,16.04
2020-06-26 06:00:00,16.54
2020-06-26 06:10:00,16.86
2020-06-26 06:20:00,16.66
2020-06-26 06:30:00,16.9
2020-06-26 06:40:00,17.1
2020-06-26 06:50:00,17.07
2020-06-26 07:00:00,17.73
2020-06-26 07:10:00,18.36
2020-06-26 07:20:00,18.63
2020-06-26 07:30:00,19.56
2020-06-26 07:40:00,20.06
2020-06-26 07:50:00,20.68
2020-06-26 08:00:00,20.97
2020-06-26 08:10:00,21.21
2020-06-26 08:20:00,21.54
2020-06-26 08:30:00,21.94
2020-06-26 08:40:00,22.33
2020-06-26 08:50:00,22.38
2020-06-26 09:00:00,22.33
2020-06-26 09:10:00,21.91
2020-06-26 09:20:00,21.87
2020-06-26 09:30:00,21.82
2020-06-26 09:40:00,21.85
2020-06-26 09:50:00,22.12
2020-06-26 10:00:00,22.43
2020-06-26 10:10:00,22.61
2020-06-26 10:20:00,22.69
2020-06-26 10:30:00,22.48
2020-06-26 10:40:00,22.59
2020-06-26 10:50:00,22.62
2020-06-26 11:00:00,23.06
2020-06-26 11:10:00,23.51
2020-06-26 11:20:00,23.54
2020-06-26 11:30:00,23.5
2020-06-26 11:40:00,23.62
2020-06-26 11:50:00,23.46
2020-06-26 12:00:00,23.97
2020-06-26 12:10:00,24.24
2020-06-26 12:20:00,24.68
2020-06-26 12:30:00,24.46
2020-06-26 12:40:00,24.54
2020-06-26 12:50:00,24.82
2020-06-26 13:00:00,25.35
2020-06-26 13:10:00,25.31
2020-06-26 13:20:00,25.24
2020-06-26 13:30:00,25.52
2020-06-26 13:40:00,25.62
2020-06-26 13:50:00,25.68
2020-06-26 14:00:00,26.07
2020-06-26 14:10:00,25.99
2020-06-26 14:20:00,25.92
2020-06-26 14:30:00,26.29
2020-06-26 14:40:00,26.29
2020-06-26 14:50:00,26.17
2020-06-26 15:00:00,26.31
2020-06-26 15:10:00,26.25
2020-06-26 15:20:00,26.36
2020-06-26 15:30:00,26.67
2020-06-26 15:40:00,26.47
2020-06-26 15:50:00,26.45
2020-06-26 16:00:00,26.49
2020-06-26 16:10:00,26.83
2020-06-26 16:20:00,26.93
2020-06-26 16:30:00,27.05
2020-06-26 16:40:00,26.79
2020-06-26 16:50:00,26.64
2020-06-26 17:00:00,27.07
2020-06-26 17:10:00,27.35
2020-06-26 17:20:00,27.43
2020-06-26 17:30:00,27.19
2020-06-26 17:40:00,26.86
2020-06-26 17:50:00,26.72
2020-06-26 18:00:00,26.71
2020-06-26 18:10:00,26.94
2020-06-26 18:20:00,27.17
2020-06-26 18:30:00,27.11
2020-06-26 18:40:00,26.84
2020-06-26 18:50:00,26.56
2020-06-26 19:00:00,26.61
2020-06-26 19:10:00,26.22
2020-06-26 19:20:00,25.65
2020-06-26 19:30:00,25.3
2020-06-26 19:40:00,25.24
2020-06-26 19:50:00,25.3
2020-06-26 20:00:00,25.03
2020-06-26 20:10:00,24.83
2020-06-26 20:20:00,23.84
2020-06-26 20:30:00,23.59
2020-06-26 20:40:00,23.57
2020-06-26 20:50:00,23.3
2020-06-26 21:00:00,22.83
2020-06-26 21:10:00,22.51
2020-06-26 21:20:00,22.0
2020-06-26 21:30:00,21.26
2020-06-26 21:40:00,20.95
2020-06-26 21:50:00,21.14
2020-06-26 22:00:00,20.93
2020-06-26 22:10:00,20.48
2020-06-26 22:20:00,20.0
2020-06-26 22:30:00,19.66
2020-06-26 22:40:00,19.37
2020-06-26 22:50:00,19.41
2020-06-26 23:00:00,19.22
2020-06-26 23:10:00,19.06
2020-06-26 23:20:00,18.93
2020-06-26 23:30:00,18.65
2020-06-26 23:40:00,18.27
2020-06-26 23:50:00,18.12
2020-06-27 00:00:00,18.12
2020-06-27 00:10:00,18.04
2020-06-27 00:20:00,18.1
2020-06-27 00:30:00,17.55
2020-06-27 00:40:00,16.86
2020-06-27 00:50:00,16.95
2020-06-27 01:00:00,17.03
2020-06-27 01:10:00,16.92
2020-06-27 01:20:00,16.79
2020-06-27 01:30:00,16.58
2020-06-27 01:40:00,15.96
2020-06-27 01:50:00,16.02
2020-06-27 02:00:00,15.84
2020-06-27 02:10:00,15.55
2020-06-27 02:20:00,15.69
2020-06-27 02:30:00,15.55
2020-06-27 02:40:00,15.35
2020-06-27 02:50:00,15.34
2020-06-27 03:00:00,15.56
2020-06-27 03:10:00,15.69
2020-06-27 03:20:00,15.45
2020-06-27 03:30:00,15.31
2020-06-27 03:40:00,14.99
2020-06-27 03:50:00,15.09
2020-06-27 04:00:00,14.83
2020-06-27 04:10:00,14.35
2020-06-27 04:20:00,14.19
2020-06-27 04:30:00,14.07
2020-06-27 04:40:00,14.19
2020-06-27 04:50:00,14.77
2020-06-27 05:00:00,15.24
2020-06-27 05:10:00,15.11
2020-06-27 05:20:00,15.46
2020-06-27 05:30:00,16.09
2020-06-27 05:40:00,16.48
2020-06-27 05:50:00,16.93
2020-06-27 06:00:00,17.14
2020-06-27 06:10:00,17.37
2020-06-27 06:20:00,17.71
2020-06-27 06:30:00,18.19
2020-06-27 06:40:00,18.35
2020-06-27 06:50:00,18.55
2020-06-27 07:00:00,18.82
2020-06-27 07:10:00,19.19
2020-06-27 07:20:00,19.79
2020-06-27 07:30:00,20.41
2020-06-27 07:40:00,20.64
2020-06-27 07:50:00,20.56
2020-06-27 08:00:00,20.61
2020-06-27 08:10:00,20.84
2020-06-27 08:20:00,21.52
2020-06-27 08:30:00,22.59
2020-06-27 08:40:00,23.06
2020-06-27 08:50:00,23.81
2020-06-27 09:00:00,23.97
2020-06-27 09:10:00,24.61
2020-06-27 09:20:00,24.77
2020-06-27 09:30:00,25.3
2020-06-27 09:40:00,25.5
2020-06-27 09:50:00,25.5
2020-06-27 10:00:00,25.53
2020-06-27 10:10:00,25.86
2020-06-27 10:20:00,26.15
2020-06-27 10:30:00,26.06
2020-06-27 10:40:00,26.37
2020-06-27 10:50:00,26.73
2020-06-27 11:00:00,26.72
2020-06-27 11:10:00,27.23
2020-06-27 11:20:00,27.36
2020-06-27 11:30:00,27.61
2020-06-27 11:40:00,27.61
2020-06-27 11:50:00,27.44
2020-06-27 12:00:00,27.38
2020-06-27 12:10:00,27.24
2020-06-27 12:20:00,27.05
2020-06-27 12:30:00,27.17
2020-06-27 12:40:00,27.66
2020-06-27 12:50:00,28.05
2020-06-27 13:00:00,28.01
2020-06-27 13:10:00,27.71
2020-06-27 13:20:00,28.0
2020-06-27 13:30:00,28.27
2020-06-27 13:40:00,28.67
2020-06-27 13:50:00,28.5
2020-06-27 14:00:00,28.2
2020-06-27 14:10:00,28.35
2020-06-27 14:20:00,28.21
2020-06-27 14:30:00,28.37
2020-06-27 14:40:00,28.34
2020-06-27 14:50:00,28.25
2020-06-27 15:00:00,28.05
2020-06-27 15:10:00,27.3
2020-06-27 15:20:00,26.6
2020-06-27 15:30:00,25.74
2020-06-27 15:40:00,24.08
2020-06-27 15:50:00,23.06
2020-06-27 16:00:00,22.91
2020-06-27 16:10:00,21.91
2020-06-27 16:20:00,20.97
2020-06-27 16:30:00,20.6
2020-06-27 16:40:00,20.63
2020-06-27 16:50:00,21.02
2020-06-27 17:00:00,21.26
2020-06-27 17:10:00,21.63
2020-06-27 17:20:00,22.19
2020-06-27 17:30:00,22.96
2020-06-27 17:40:00,23.68
2020-06-27 17:50:00,24.21
2020-06-27 18:00:00,24.36
2020-06-27 18:10:00,23.92
2020-06-27 18:20:00,23.38
2020-06-27 18:30:00,22.76
2020-06-27 18:40:00,23.08
2020-06-27 18:50:00,23.83
2020-06-27 19:00:00,24.09
2020-06-27 19:10:00,23.98
2020-06-27 19:20:00,23.72
2020-06-27 19:30:00,23.36
2020-06-27 19:40:00,22.81
2020-06-27 19:50:00,22.7
2020-06-27 20:00:00,22.81
2020-06-27 20:10:00,22.66
2020-06-27 20:20:00,22.71
2020-06-27 20:30:00,22.39
2020-06-27 20:40:00,22.0
2020-06-27 20:50:00,21.99
2020-06-27 21:00:00,21.88
2020-06-27 21:10:00,21.59
2020-06-27 21:20:00,21.49
2020-06-27 21:30:00,21.63
2020-06-27 21:40:00,21.75
2020-06-27 21:50:00,21.37
2020-06-27 22:00:00,21.22
2020-06-27 22:10:00,21.4
2020-06-27 22:20:00,21.1
2020-06-27 22:30:00,20.87
2020-06-27 22:40:00,20.65
2020-06-27 22:50:00,20.54
2020-06-27 23:00:00,20.56
2020-06-27 23:10:00,20.64
2020-06-27 23:20:00,20.82
2020-06-27 23:30:00,20.45
2020-06-27 23:40:00,19.78
2020-06-27 23:50:00,19.54
2020-06-28 00:00:00,19.33
2020-06-28 00:10:00,19.08
2020-06-28 00:20:00,19.12
2020-06-28 00:30:00,19.29
2020-06-28 00:40:00,19.24
2020-06-28 00:50:00,19.05
2020-06-28 01:00:00,18.81
2020-06-28 01:10:00,18.77
2020-06-28 01:20:00,18.79
2020-06-28 01:30:00,18.71
2020-06-28 01:40:00,18.77
2020-06-28 01:50:00,18.96
2020-06-28 02:00:00,18.8
2020-06-28 02:10:00,19.08
2020-06-28 02:20:00,19.03
2020-06-28 02:30:00,18.87
2020-06-28 02:40:00,18.55
2020-06-28 02:50:00,17.66
2020-06-28 03:00:00,17.38
2020-06-28 03:10:00,17.28
2020-06-28 03:20:00,17.23
2020-06-28 03:30:00,17.46
2020-06-28 03:40:00,17.65
2020-06-28 03:50:00,17.74
2020-06-28 04:00:00,17.82
2020-06-28 04:10:00,17.16
2020-06-28 04:20:00,16.88
2020-06-28 04:30:00,17.32
2020-06-28 04:40:00,17.36
2020-06-28 04:50:00,17.27
2020-06-28 05:00:00,17.42
2020-06-28 05:10:00,17.46
2020-06-28 05:20:00,17.59
2020-06-28 05:30:00,18.14
2020-06-28 05:40:00,18.34
2020-06-28 05:50:00,18.72
2020-06-28 06:00:00,19.57
2020-06-28 06:10:00,20.24
2020-06-28 06:20:00,20.24
2020-06-28 06:30:00,19.46
2020-06-28 06:40:00,19.23
2020-06-28 06:50:00,19.56
2020-06-28 07:00:00,19.72
2020-06-28 07:10:00,19.96
2020-06-28 07:20:00,20.42
2020-06-28 07:30:00,20.88
2020-06-28 07:40:00,20.93
2020-06-28 07:50:00,20.99
2020-06-28 08:00:00,21.0
2020-06-28 08:10:00,20.92
2020-06-28 08:20:00,20.82
2020-06-28 08:30:00,20.95
2020-06-28 08:40:00,21.3
2020-06-28 08:50:00,21.45
2020-06-28 09:00:00,21.9
2020-06-28 09:10:00,22.12
2020-06-28 09:20:00,22.41
2020-06-28 09:30:00,22.32
2020-06-28 09:40:00,22.2
2020-06-28 09:50:00,22.1
2020-06-28 10:00:00,21.96
2020-06-28 10:10:00,21.73
2020-06-28 10:20:00,21.47
2020-06-28 10:30:00,21.28
2020-06-28 10:40:00,21.3
2020-06-28 10:50:00,21.54
2020-06-28 11:00:00,21.88
2020-06-28 11:10:00,22.11
2020-06-28 11:20:00,22.3
2020-06-28 11:30:00,22.39
2020-06-28 11:40:00,22.39
2020-06-28 11:50:00,22.55
2020-06-28 12:00:00,22.86
2020-06-28 12:10:00,23.58
2020-06-28 12:20:00,23.8
2020-06-28 12:30:00,24.12
2020-06-28 12:40:00,24.27
2020-06-28 12:50:00,24.16
2020-06-28 13:00:00,24.1
2020-06-28 13:10:00,24.17
2020-06-28 13:20:00,24.25
2020-06-28 13:30:00,24.26
2020-06-28 13:40:00,24.12
2020-06-28 13:50:00,24.11
2020-06-28 14:00:00,24.3
2020-06-28 14:10:00,24.45
2020-06-28 14:20:00,24.39
2020-06-28 14:30:00,24.04
2020-06-28 14:40:00,24.05
2020-06-28 14:50:00,23.91
2020-06-28 15:00:00,23.67
2020-06-28 15:10:00,23.62
2020-06-28 15:20:00,23.6
2020-06-28 15:30:00,23.47
2020-06-28 15:40:00,22.98
2020-06-28 15:50:00,22.69
2020-06-28 16:00:00,22.86
2020-06-28 16:10:00,23.17
2020-06-28 16:20:00,23.19
2020-06-28 16:30:00,23.19
2020-06-28 16:40:00,23.01
2020-06-28 16:50:00,22.9
2020-06-28 17:00:00,22.95
2020-06-28 17:10:00,22.89
2020-06-28 17:20:00,22.67
2020-06-28 17:30:00,22.45
2020-06-28 17:40:00,22.34
2020-06-28 17:50:00,22.19
2020-06-28 18:00:00,21.91
2020-06-28 18:10:00,21.73
2020-06-28 18:20:00,21.66
2020-06-28 18:30:00,21.58
2020-06-28 18:40:00,21.33
2020-06-28 18:50:00,21.12
2020-06-28 19:00:00,20.97
2020-06-28 19:10:00,20.86
2020-06-28 19:20:00,20.69
2020-06-28 19:30:00,20.44
2020-06-28 19:40:00,20.18
2020-06-28 19:50:00,19.86
2020-06-28 20:00:00,19.55
2020-06-28 20:10:00,19.42
2020-06-28 20:20:00,19.29
2020-06-28 20:30:00,19.11
2020-06-28 20:40:00,18.92
2020-06-28 20:50:00,18.88
2020-06-28 21:00:00,18.81
2020-06-28 21:10:00,18.66
2020-06-28 21:20:00,18.54
2020-06-28 21:30:00,18.64
2020-06-28 21:40:00,18.74
2020-06-28 21:50:00,18.7
2020-06-28 22:00:00,18.57
2020-06-28 22:10:00,18.34
2020-06-28 22:20:00,18.17
2020-06-28 22:30:00,18.09
2020-06-28 22:40:00,17.93
2020-06-28 22:50:00,17.76
2020-06-28 23:00:00,17.63
2020-06-28 23:10:00,17.67
2020-06-28 23:20:00,17.74
2020-06-28 23:30:00,17.67
2020-06-28 23:40:00,17.49
2020-06-28 23:50:00,17.15
2020-06-29 00:00:00,16.68
2020-06-29 00:10:00,16.21
2020-06-29 00:20:00,15.7
2020-06-29 00:30:00,16.05
2020-06-29 00:40:00,16.11
2020-06-29 00:50:00,16.05
2020-06-29 01:00:00,16.27
2020-06-29 01:10:00,16.16
2020-06-29 01:20:00,15.88
2020-06-29 01:30:00,15.73
2020-06-29 01:40:00,15.52
2020-06-29 01:50:00,15.49
2020-06-29 02:00:00,15.38
2020-06-29 02:10:00,15.25
2020-06-29 02:20:00,15.11
2020-06-29 02:30:00,15.07
2020-06-29 02:40:00,15.04
2020-06-29 02:50:00,15.06
2020-06-29 03:00:00,15.0
2020-06-29 03:10:00,14.94
2020-06-29 03:20:00,14.63
2020-06-29 03:30:00,14.56
2020-06-29 03:40:00,14.37
2020-06-29 03:50:00,14.3
2020-06-29 04:00:00,14.37
2020-06-29 04:10:00,14.4
2020-06-29 04:20:00,14.36
2020-06-29 04:30:00,14.06
2020-06-29 04:40:00,14.12
2020-06-29 04:50:00,14.15
2020-06-29 05:00:00,14.05
2020-06-29 05:10:00,13.81
2020-06-29 05:20:00,13.78
2020-06-29 05:30:00,14.12
2020-06-29 05:40:00,14.62
2020-06-29 05:50:00,15.16
2020-06-29 06:00:00,15.22
2020-06-29 06:10:00,15.3
2020-06-29 06:20:00,15.21
2020-06-29 06:30:00,15.63
2020-06-29 06:40:00,15.75
2020-06-29 06:50:00,15.46
2020-06-29 07:00:00,15.22
2020-06-29 07:10:00,15.24
2020-06-29 07:20:00,15.53
2020-06-29 07:30:00,15.84
2020-06-29 07:40:00,15.93
2020-06-29 07:50:00,16.33
2020-06-29 08:00:00,17.21
2020-06-29 08:10:00,16.78
2020-06-29 08:20:00,16.38
2020-06-29 08:30:00,16.79
2020-06-29 08:40:00,17.1
2020-06-29 08:50:00,17.42
2020-06-29 09:00:00,17.59
2020-06-29 09:10:00,17.69
2020-06-29 09:20:00,17.86
2020-06-29 09:30:00,18.08
2020-06-29 09:40:00,18.42
2020-06-29 09:50:00,18.8
2020-06-29 10:00:00,18.5
2020-06-29 10:10:00,18.71
2020-06-29 10:20:00,18.69
2020-06-29 10:30:00,19.12
2020-06-29 10:40:00,19.54
2020-06-29 10:50:00,20.05
2020-06-29 11:00:00,19.26
2020-06-29 11:10:00,17.61
2020-06-29 11:20:00,17.18
2020-06-29 11:30:00,18.12
2020-06-29 11:40:00,19.08
2020-06-29 11:50:00,19.93
2020-06-29 12:00:00,20.26
2020-06-29 12:10:00,19.75
2020-06-29 12:20:00,20.37
2020-06-29 12:30:00,20.4
2020-06-29 12:40:00,21.13
2020-06-29 12:50:00,21.1
2020-06-29 13:00:00,20.86
2020-06-29 13:10:00,20.91
2020-06-29 13:20:00,20.66
2020-06-29 13:30:00,20.05
2020-06-29 13:40:00,18.98
2020-06-29 13:50:00,18.61
2020-06-29 14:00:00,19.41
2020-06-29 14:10:00,19.55
2020-06-29 14:20:00,19.89
2020-06-29 14:30:00,20.26
2020-06-29 14:40:00,20.38
2020-06-29 14:50:00,20.58
2020-06-29 15:00:00,20.81
2020-06-29 15:10:00,21.09
2020-06-29 15:20:00,21.19
2020-06-29 15:30:00,20.9
2020-06-29 15:40:00,21.0
2020-06-29 15:50:00,21.12
2020-06-29 16:00:00,21.02
2020-06-29 16:10:00,21.31
2020-06-29 16:20:00,21.61
2020-06-29 16:30:00,21.86
2020-06-29 16:40:00,21.81
2020-06-29 16:50:00,21.74
2020-06-29 17:00:00,21.8
2020-06-29 17:10:00,21.85
2020-06-29 17:20:00,22.2
2020-06-29 17:30:00,22.12
2020-06-29 17:40:00,22.09
2020-06-29 17:50:00,22.06
2020-06-29 18:00:00,22.13
2020-06-29 18:10:00,21.81
2020-06-29 18:20:00,21.81
2020-06-29 18:30:00,21.58
2020-06-29 18:40:00,21.49
2020-06-29 18:50:00,21.55
2020-06-29 19:00:00,21.19
2020-06-29 19:10:00,20.56
2020-06-29 19:20:00,20.09
2020-06-29 19:30:00,19.86
2020-06-29 19:40:00,19.81
2020-06-29 19:50:00,19.77
2020-06-29 20:00:00,19.51
2020-06-29 20:10:00,19.07
2020-06-29 20:20:00,18.91
2020-06-29 20:30:00,18.54
2020-06-29 20:40:00,18.15
2020-06-29 20:50:00,17.85
2020-06-29 21:00:00,17.84
2020-06-29 21:10:00,17.79
2020-06-29 21:20:00,17.52
2020-06-29 21:30:00,17.33
2020-06-29 21:40:00,17.28
2020-06-29 21:50:00,17.1
2020-06-29 22:00:00,17.11
2020-06-29 22:10:00,17.12
2020-06-29 22:20:00,17.12
2020-06-29 22:30:00,17.09
2020-06-29 22:40:00,16.52
2020-06-29 22:50:00,16.26
2020-06-29 23:00:00,15.9
2020-06-29 23:10:00,15.84
2020-06-29 23:20:00,15.63
2020-06-29 23:30:00,15.39
2020-06-29 23:40:00,15.39
2020-06-29 23:50:00,15.22
2020-06-30 00:00:00,15.23
2020-06-30 00:10:00,15.29
2020-06-30 00:20:00,15.4
2020-06-30 00:30:00,15.43
2020-06-30 00:40:00,15.42
2020-06-30 00:50:00,15.4
2020-06-30 01:00:00,15.64
2020-06-30 01:10:00,15.67
2020-06-30 01:20:00,15.73
2020-06-30 01:30:00,15.69
2020-06-30 01:40:00,15.61
2020-06-30 01:50:00,15.57
2020-06-30 02:00:00,15.5
2020-06-30 02:10:00,15.5
2020-06-30 02:20:00,15.36
2020-06-30 02:30:00,15.26
2020-06-30 02:40:00,15.16
2020-06-30 02:50:00,14.97
2020-06-30 03:00:00,14.7
2020-06-30 03:10:00,14.29
2020-06-30 03:20:00,13.98
2020-06-30 03:30:00,13.82
2020-06-30 03:40:00,13.72
2020-06-30 03:50:00,13.6
2020-06-30 04:00:00,13.5
2020-06-30 04:10:00,13.32
2020-06-30 04:20:00,13.07
2020-06-30 04:30:00,13.07
2020-06-30 04:40:00,13.13
2020-06-30 04:50:00,13.16
2020-06-30 05:00:00,13.15
2020-06-30 05:10:00,13.28
2020-06-30 05:20:00,13.77
2020-06-30 05:30:00,14.02
2020-06-30 05:40:00,14.19
2020-06-30 05:50:00,14.4
2020-06-30 06:00:00,14.77
2020-06-30 06:10:00,14.85
2020-06-30 06:20:00,15.11
2020-06-30 06:30:00,15.36
2020-06-30 06:40:00,15.4
2020-06-30 06:50:00,16.02
2020-06-30 07:00:00,16.02
2020-06-30 07:10:00,16.52
2020-06-30 07:20:00,16.76
2020-06-30 07:30:00,17.03
2020-06-30 07:40:00,17.35
2020-06-30 07:50:00,17.46
2020-06-30 08:00:00,17.55
2020-06-30 08:10:00,17.83
2020-06-30 08:20:00,17.93
2020-06-30 08:30:00,17.91
2020-06-30 08:40:00,18.03
2020-06-30 08:50:00,18.19
2020-06-30 09:00:00,18.44
2020-06-30 09:10:00,18.43
2020-06-30 09:20:00,18.6
2020-06-30 09:30:00,18.74
2020-06-30 09:40:00,19.19
2020-06-30 09:50:00,18.75
2020-06-30 10:00:00,18.91
2020-06-30 10:10:00,19.49
2020-06-30 10:20:00,19.61
2020-06-30 10:30:00,19.64
2020-06-30 10:40:00,19.85
2020-06-30 10:50:00,19.84
2020-06-30 11:00:00,19.96
2020-06-30 11:10:00,20.13
2020-06-30 11:20:00,20.15
2020-06-30 11:30:00,20.64
2020-06-30 11:40:00,20.63
2020-06-30 11:50:00,20.53
2020-06-30 12:00:00,20.77
2020-06-30 12:10:00,21.07
2020-06-30 12:20:00,21.09
2020-06-30 12:30:00,21.33
2020-06-30 12:40:00,21.09
2020-06-30 12:50:00,21.32
2020-06-30 13:00:00,21.58
2020-06-30 13:10:00,21.49
2020-06-30 13:20:00,21.32
2020-06-30 13:30:00,21.39
2020-06-30 13:40:00,21.84
2020-06-30 13:50:00,22.01
2020-06-30 14:00:00,22.27
2020-06-30 14:10:00,22.05
2020-06-30 14:20:00,21.82
2020-06-30 14:30:00,21.46
2020-06-30 14:40:00,21.18
2020-06-30 14:50:00,21.42
2020-06-30 15:00:00,21.58
2020-06-30 15:10:00,21.73
2020-06-30 15:20:00,21.05
2020-06-30 15:30:00,20.91
2020-06-30 15:40:00,21.1
2020-06-30 15:50:00,21.36
2020-06-30 16:00:00,21.15
2020-06-30 16:10:00,21.14
2020-06-30 16:20:00,21.74
2020-06-30 16:30:00,21.76
2020-06-30 16:40:00,21.74
2020-06-30 16:50:00,21.37
2020-06-30 17:00:00,21.13
2020-06-30 17:10:00,21.05
2020-06-30 17:20:00,21.34
2020-06-30 17:30:00,21.14
2020-06-30 17:40:00,20.72
2020-06-30 17:50:00,20.43
2020-06-30 18:00:00,20.35
2020-06-30 18:10:00,20.78
2020-06-30 18:20:00,21.07
2020-06-30 18:30:00,20.9
2020-06-30 18:40:00,20.4
2020-06-30 18:50:00,20.27
2020-06-30 19:00:00,20.24
2020-06-30 19:10:00,19.96
2020-06-30 19:20:00,19.65
2020-06-30 19:30:00,19.5
2020-06-30 19:40:00,19.45
2020-06-30 19:50:00,19.33
2020-06-30 20:00:00,19.18
2020-06-30 20:10:00,19.06
2020-06-30 20:20:00,18.9
2020-06-30 20:30:00,18.72
2020-06-30 20:40:00,18.51
2020-06-30 20:50:00,18.45
2020-06-30 21:00:00,18.31
2020-06-30 21:10:00,18.1
2020-06-30 21:20:00,17.97
2020-06-30 21:30:00,17.82
2020-06-30 21:40:00,17.72
2020-06-30 21:50:00,17.74
2020-06-30 22:00:00,17.71
2020-06-30 22:10:00,17.56
2020-06-30 22:20:00,17.33
2020-06-30 22:30:00,17.3
2020-06-30 22:40:00,17.28
2020-06-30 22:50:00,17.24
2020-06-30 23:00:00,17.18
2020-06-30 23:10:00,17.08
2020-06-30 23:20:00,16.92
2020-06-30 23:30:00,16.66
2020-06-30 23:40:00,16.46
2020-06-30 23:50:00,16.28
2020-07-01 00:00:00,16.26
2020-07-01 00:10:00,16.17
2020-07-01 00:20:00,15.9
2020-07-01 00:30:00,15.69
2020-07-01 00:40:00,15.56
2020-07-01 00:50:00,15.64
2020-07-01 01:00:00,15.55
2020-07-01 01:10:00,15.47
2020-07-01 01:20:00,15.48
2020-07-01 01:30:00,15.7
2020-07-01 01:40:00,15.79
2020-07-01 01:50:00,15.66
2020-07-01 02:00:00,15.48
2020-07-01 02:10:00,15.23
2020-07-01 02:20:00,15.21
2020-07-01 02:30:00,15.34
2020-07-01 02:40:00,15.5
2020-07-01 02:50:00,15.52
2020-07-01 03:00:00,15.5
2020-07-01 03:10:00,15.48
2020-07-01 03:20:00,15.61
2020-07-01 03:30:00,15.66
2020-07-01 03:40:00,15.72
2020-07-01 03:50:00,15.78
2020-07-01 04:00:00,15.74
2020-07-01 04:10:00,15.67
2020-07-01 04:20:00,15.68
2020-07-01 04:30:00,15.7
2020-07-01 04:40:00,15.76
2020-07-01 04:50:00,15.82
2020-07-01 05:00:00,15.86
2020-07-01 05:10:00,15.91
2020-07-01 05:20:00,15.8
2020-07-01 05:30:00,16.16
2020-07-01 05:40:00,16.43
2020-07-01 05:50:00,16.79
2020-07-01 06:00:00,16.58
2020-07-01 06:10:00,16.49
2020-07-01 06:20:00,17.04
2020-07-01 06:30:00,18.02
2020-07-01 06:40:00,17.74
2020-07-01 06:50:00,17.73
2020-07-01 07:00:00,17.97
2020-07-01 07:10:00,18.56
2020-07-01 07:20:00,18.83
2020-07-01 07:30:00,19.01
2020-07-01 07:40:00,19.57
2020-07-01 07:50:00,20.03
2020-07-01 08:00:00,20.56
2020-07-01 08:10:00,20.62
2020-07-01 08:20:00,20.48
2020-07-01 08:30:00,20.8
2020-07-01 08:40:00,20.96
2020-07-01 08:50:00,21.15
2020-07-01 09:00:00,21.53
2020-07-01 09:10:00,21.83
2020-07-01 09:20:00,22.01
2020-07-01 09:30:00,22.23
2020-07-01 09:40:00,22.54
2020-07-01 09:50:00,22.71
2020-07-01 10:00:00,22.68
2020-07-01 10:10:00,22.75
2020-07-01 10:20:00,22.8
2020-07-01 10:30:00,22.67
2020-07-01 10:40:00,22.59
2020-07-01 10:50:00,22.99
2020-07-01 11:00:00,22.95
2020-07-01 11:10:00,22.93
2020-07-01 11:20:00,22.88
2020-07-01 11:30:00,23.33
2020-07-01 11:40:00,23.72
2020-07-01 11:50:00,23.99
2020-07-01 12:00:00,24.19
2020-07-01 12:10:00,24.32
2020-07-01 12:20:00,24.4
2020-07-01 12:30:00,24.61
2020-07-01 12:40:00,24.78
2020-07-01 12:50:00,24.88
2020-07-01 13:00:00,25.16
2020-07-01 13:10:00,25.4
2020-07-01 13:20:00,25.22
2020-07-01 13:30:00,25.24
2020-07-01 13:40:00,25.45
2020-07-01 13:50:00,25.66
2020-07-01 14:00:00,25.88
2020-07-01 14:10:00,26.25
2020-07-01 14:20:00,26.6
2020-07-01 14:30:00,26.58
2020-07-01 14:40:00,26.53
2020-07-01 14:50:00,27.15
2020-07-01 15:00:00,27.55
2020-07-01 15:10:00,27.43
2020-07-01 15:20:00,27.38
2020-07-01 15:30:00,27.46
2020-07-01 15:40:00,27.67
2020-07-01 15:50:00,27.83
2020-07-01 16:00:00,27.81
2020-07-01 16:10:00,27.78
2020-07-01 16:20:00,27.38
2020-07-01 16:30:00,27.84
2020-07-01 16:40:00,28.09
2020-07-01 16:50:00,27.67
2020-07-01 17:00:00,27.69
2020-07-01 17:10:00,27.4
2020-07-01 17:20:00,27.04
2020-07-01 17:30:00,26.97
2020-07-01 17:40:00,27.3
2020-07-01 17:50:00,27.85
2020-07-01 18:00:00,27.69
2020-07-01 18:10:00,27.81
2020-07-01 18:20:00,27.91
2020-07-01 18:30:00,27.55
2020-07-01 18:40:00,27.14
2020-07-01 18:50:00,26.85
2020-07-01 19:00:00,26.73
2020-07-01 19:10:00,26.64
2020-07-01 19:20:00,26.27
2020-07-01 19:30:00,26.04
2020-07-01 19:40:00,25.84
2020-07-01 19:50:00,25.7
2020-07-01 20:00:00,25.43
2020-07-01 20:10:00,25.14
2020-07-01 20:20:00,24.89
2020-07-01 20:30:00,24.65
2020-07-01 20:40:00,24.36
2020-07-01 20:50:00,23.34
2020-07-01 21:00:00,22.62
2020-07-01 21:10:00,22.19
2020-07-01 21:20:00,21.83
2020-07-01 21:30:00,21.49
2020-07-01 21:40:00,21.29
2020-07-01 21:50:00,21.21
2020-07-01 22:00:00,21.12
2020-07-01 22:10:00,21.09
2020-07-01 22:20:00,21.12
2020-07-01 22:30:00,21.2
2020-07-01 22:40:00,21.31
2020-07-01 22:50:00,21.31
2020-07-01 23:00:00,21.08
2020-07-01 23:10:00,20.86
2020-07-01 23:20:00,20.58
2020-07-01 23:30:00,20.31
2020-07-01 23:40:00,20.14
2020-07-01 23:50:00,19.9
2020-07-02 00:00:00,19.61
2020-07-02 00:10:00,19.33
2020-07-02 00:20:00,19.25
2020-07-02 00:30:00,19.26
2020-07-02 00:40:00,19.13
2020-07-02 00:50:00,18.87
2020-07-02 01:00:00,18.91
2020-07-02 01:10:00,19.04
2020-07-02 01:20:00,19.12
2020-07-02 01:30:00,19.23
2020-07-02 01:40:00,19.36
2020-07-02 01:50:00,19.46
2020-07-02 02:00:00,19.57
2020-07-02 02:10:00,19.43
2020-07-02 02:20:00,19.38
2020-07-02 02:30:00,19.54
2020-07-02 02:40:00,19.54
2020-07-02 02:50:00,19.46
2020-07-02 03:00:00,19.25
2020-07-02 03:10:00,18.87
2020-07-02 03:20:00,18.54
2020-07-02 03:30:00,18.3
2020-07-02 03:40:00,18.12
2020-07-02 03:50:00,17.95
2020-07-02 04:00:00,17.79
2020-07-02 04:10:00,17.65
2020-07-02 04:20:00,17.51
2020-07-02 04:30:00,17.44
2020-07-02 04:40:00,17.31
2020-07-02 04:50:00,17.23
2020-07-02 05:00:00,17.18
2020-07-02 05:10:00,17.23
2020-07-02 05:20:00,17.11
2020-07-02 05:30:00,16.69
2020-07-02 05:40:00,16.64
2020-07-02 05:50:00,16.72
2020-07-02 06:00:00,16.93
2020-07-02 06:10:00,17.39
2020-07-02 06:20:00,18.01
2020-07-02 06:30:00,18.31
2020-07-02 06:40:00,18.98
2020-07-02 06:50:00,18.94
2020-07-02 07:00:00,18.52
2020-07-02 07:10:00,18.44
2020-07-02 07:20:00,18.44
2020-07-02 07:30:00,18.47
2020-07-02 07:40:00,18.66
2020-07-02 07:50:00,18.75
2020-07-02 08:00:00,18.84
2020-07-02 08:10:00,19.15
2020-07-02 08:20:00,19.48
2020-07-02 08:30:00,19.98
2020-07-02 08:40:00,20.35
2020-07-02 08:50:00,20.59
2020-07-02 09:00:00,21.03
2020-07-02 09:10:00,20.97
2020-07-02 09:20:00,21.19
2020-07-02 09:30:00,21.2
2020-07-02 09:40:00,21.91
2020-07-02 09:50:00,22.13
2020-07-02 10:00:00,21.68
2020-07-02 10:10:00,21.94
2020-07-02 10:20:00,22.32
2020-07-02 10:30:00,22.38
2020-07-02 10:40:00,22.86
2020-07-02 10:50:00,23.22
2020-07-02 11:00:00,23.11
2020-07-02 11:10:00,22.83
2020-07-02 11:20:00,23.15
2020-07-02 11:30:00,23.59
2020-07-02 11:40:00,24.04
2020-07-02 11:50:00,24.34
2020-07-02 12:00:00,23.47
2020-07-02 12:10:00,23.65
2020-07-02 12:20:00,24.11
2020-07-02 12:30:00,24.07
2020-07-02 12:40:00,23.74
2020-07-02 12:50:00,23.63
2020-07-02 13:00:00,24.27
2020-07-02 13:10:00,24.27
2020-07-02 13:20:00,24.59
2020-07-02 13:30:00,24.06
2020-07-02 13:40:00,23.3
2020-07-02 13:50:00,23.15
2020-07-02 14:00:00,23.21
2020-07-02 14:10:00,23.29
2020-07-02 14:20:00,23.83
2020-07-02 14:30:00,23.62
2020-07-02 14:40:00,23.56
2020-07-02 14:50:00,23.59
2020-07-02 15:00:00,24.32
2020-07-02 15:10:00,24.39
2020-07-02 15:20:00,24.6
2020-07-02 15:30:00,24.43
2020-07-02 15:40:00,24.39
2020-07-02 15:50:00,23.96
2020-07-02 16:00:00,23.89
2020-07-02 16:10:00,24.25
2020-07-02 16:20:00,25.02
2020-07-02 16:30:00,24.94
2020-07-02 16:40:00,25.19
2020-07-02 16:50:00,24.85
2020-07-02 17:00:00,24.36
2020-07-02 17:10:00,24.54
2020-07-02 17:20:00,24.25
2020-07-02 17:30:00,23.96
2020-07-02 17:40:00,23.66
2020-07-02 17:50:00,21.02
2020-07-02 18:00:00,18.67
2020-07-02 18:10:00,17.1
2020-07-02 18:20:00,16.38
2020-07-02 18:30:00,16.18
2020-07-02 18:40:00,16.2
2020-07-02 18:50:00,16.28
2020-07-02 19:00:00,16.28
2020-07-02 19:10:00,16.32
2020-07-02 19:20:00,16.49
2020-07-02 19:30:00,16.61
2020-07-02 19:40:00,16.48
2020-07-02 19:50:00,16.53
2020-07-02 20:00:00,16.52
2020-07-02 20:10:00,16.46
2020-07-02 20:20:00,16.4
2020-07-02 20:30:00,16.45
2020-07-02 20:40:00,16.42
2020-07-02 20:50:00,16.41
2020-07-02 21:00:00,16.31
2020-07-02 21:10:00,16.15
2020-07-02 21:20:00,15.99
2020-07-02 21:30:00,15.98
2020-07-02 21:40:00,15.91
2020-07-02 21:50:00,15.83
2020-07-02 22:00:00,15.95
2020-07-02 22:10:00,16.01
2020-07-02 22:20:00,15.88
2020-07-02 22:30:00,15.67
2020-07-02 22:40:00,15.78
2020-07-02 22:50:00,15.75
2020-07-02 23:00:00,15.27
2020-07-02 23:10:00,14.91
2020-07-02 23:20:00,14.86
2020-07-02 23:30:00,14.62
2020-07-02 23:40:00,14.95
2020-07-02 23:50:00,15.59
2020-07-03 00:00:00,15.53
2020-07-03 00:10:00,15.37
2020-07-03 00:20:00,15.37
2020-07-03 00:30:00,15.33
2020-07-03 00:40:00,15.24
2020-07-03 00:50:00,15.09
2020-07-03 01:00:00,15.01
2020-07-03 01:10:00,14.84
2020-07-03 01:20:00,14.82
2020-07-03 01:30:00,14.83
2020-07-03 01:40:00,14.81
2020-07-03 01:50:00,14.83
2020-07-03 02:00:00,14.85
2020-07-03 02:10:00,14.86
2020-07-03 02:20:00,14.79
2020-07-03 02:30:00,14.62
2020-07-03 02:40:00,14.53
2020-07-03 02:50:00,14.48
2020-07-03 03:00:00,14.33
2020-07-03 03:10:00,14.23
2020-07-03 03:20:00,14.14
2020-07-03 03:30:00,14.03
2020-07-03 03:40:00,13.91
2020-07-03 03:50:00,13.79
2020-07-03 04:00:00,13.65
2020-07-03 04:10:00,13.72
2020-07-03 04:20:00,13.64
2020-07-03 04:30:00,13.58
2020-07-03 04:40:00,13.62
2020-07-03 04:50:00,13.76
2020-07-03 05:00:00,14.06
2020-07-03 05:10:00,14.23
2020-07-03 05:20:00,14.41
2020-07-03 05:30:00,14.55
2020-07-03 05:40:00,14.53
2020-07-03 05:50:00,15.07
2020-07-03 06:00:00,15.68
2020-07-03 06:10:00,15.73
2020-07-03 06:20:00,15.96
2020-07-03 06:30:00,16.32
2020-07-03 06:40:00,16.14
2020-07-03 06:50:00,16.18
2020-07-03 07:00:00,15.89
2020-07-03 07:10:00,15.91
2020-07-03 07:20:00,16.45
2020-07-03 07:30:00,16.62
2020-07-03 07:40:00,16.69
2020-07-03 07:50:00,16.84
2020-07-03 08:00:00,16.52
2020-07-03 08:10:00,17.6
2020-07-03 08:20:00,18.21
2020-07-03 08:30:00,17.75
2020-07-03 08:40:00,17.66
2020-07-03 08:50:00,17.64
2020-07-03 09:00:00,18.03
2020-07-03 09:10:00,18.62
2020-07-03 09:20:00,18.16
2020-07-03 09:30:00,17.9
2020-07-03 09:40:00,18.54
2020-07-03 09:50:00,18.76
2020-07-03 10:00:00,18.87
2020-07-03 10:10:00,19.57
2020-07-03 10:20:00,19.01
2020-07-03 10:30:00,18.83
2020-07-03 10:40:00,19.34
2020-07-03 10:50:00,19.2
2020-07-03 11:00:00,19.08
2020-07-03 11:10:00,19.41
2020-07-03 11:20:00,20.02
2020-07-03 11:30:00,19.56
2020-07-03 11:40:00,19.22
2020-07-03 11:50:00,19.43
2020-07-03 12:00:00,20.02
2020-07-03 12:10:00,20.63
2020-07-03 12:20:00,20.54
2020-07-03 12:30:00,20.1
2020-07-03 12:40:00,20.54
2020-07-03 12:50:00,20.49
2020-07-03 13:00:00,20.55
2020-07-03 13:10:00,20.61
2020-07-03 13:20:00,20.96
2020-07-03 13:30:00,21.49
2020-07-03 13:40:00,20.97
2020-07-03 13:50:00,20.92
2020-07-03 14:00:00,21.27
2020-07-03 14:10:00,21.47
2020-07-03 14:20:00,21.7
2020-07-03 14:30:00,21.74
2020-07-03 14:40:00,21.76
2020-07-03 14:50:00,21.79
2020-07-03 15:00:00,21.65
2020-07-03 15:10:00,21.42
2020-07-03 15:20:00,22.24
2020-07-03 15:30:00,22.1
2020-07-03 15:40:00,22.02
2020-07-03 15:50:00,22.38
2020-07-03 16:00:00,22.45
2020-07-03 16:10:00,22.03
2020-07-03 16:20:00,22.15
2020-07-03 16:30:00,22.61
2020-07-03 16:40:00,22.37
2020-07-03 16:50:00,22.77
2020-07-03 17:00:00,23.05
2020-07-03 17:10:00,23.07
2020-07-03 17:20:00,23.42
2020-07-03 17:30:00,23.13
2020-07-03 17:40:00,22.84
2020-07-03 17:50:00,22.73
2020-07-03 18:00:00,22.76
2020-07-03 18:10:00,22.68
2020-07-03 18:20:00,22.53
2020-07-03 18:30:00,22.5
2020-07-03 18:40:00,22.29
2020-07-03 18:50:00,22.44
2020-07-03 19:00:00,22.33
2020-07-03 19:10:00,21.78
2020-07-03 19:20:00,21.23
2020-07-03 19:30:00,21.02
2020-07-03 19:40:00,20.87
2020-07-03 19:50:00,20.73
2020-07-03 20:00:00,20.51
2020-07-03 20:10:00,20.32
2020-07-03 20:20:00,20.1
2020-07-03 20:30:00,19.79
2020-07-03 20:40:00,19.6
2020-07-03 20:50:00,19.64
2020-07-03 21:00:00,19.52
2020-07-03 21:10:00,18.93
2020-07-03 21:20:00,18.62
2020-07-03 21:30:00,18.91
2020-07-03 21:40:00,18.73
2020-07-03 21:50:00,18.45
2020-07-03 22:00:00,18.09
2020-07-03 22:10:00,17.84
2020-07-03 22:20:00,17.49
2020-07-03 22:30:00,16.76
2020-07-03 22:40:00,16.51
2020-07-03 22:50:00,16.16
2020-07-03 23:00:00,15.7
2020-07-03 23:10:00,15.55
2020-07-03 23:20:00,15.53
2020-07-03 23:30:00,15.43
2020-07-03 23:40:00,15.14
2020-07-03 23:50:00,14.92
2020-07-04 00:00:00,14.77
2020-07-04 00:10:00,14.54
2020-07-04 00:20:00,14.39
2020-07-04 00:30:00,14.31
2020-07-04 00:40:00,14.19
2020-07-04 00:50:00,14.09
2020-07-04 01:00:00,14.06
2020-07-04 01:10:00,13.97
2020-07-04 01:20:00,14.03
2020-07-04 01:30:00,13.8
2020-07-04 01:40:00,13.61
2020-07-04 01:50:00,13.52
2020-07-04 02:00:00,13.44
2020-07-04 02:10:00,13.45
2020-07-04 02:20:00,13.34
2020-07-04 02:30:00,13.1
2020-07-04 02:40:00,12.92
2020-07-04 02:50:00,12.9
2020-07-04 03:00:00,12.78
2020-07-04 03:10:00,12.56
2020-07-04 03:20:00,12.34
2020-07-04 03:30:00,12.31
2020-07-04 03:40:00,12.18
2020-07-04 03:50:00,12.12
2020-07-04 04:00:00,12.16
2020-07-04 04:10:00,12.23
2020-07-04 04:20:00,11.99
2020-07-04 04:30:00,11.82
2020-07-04 04:40:00,12.05
2020-07-04 04:50:00,12.32
2020-07-04 05:00:00,12.59
2020-07-04 05:10:00,12.69
2020-07-04 05:20:00,13.22
2020-07-04 05:30:00,13.96
2020-07-04 05:40:00,14.19
2020-07-04 05:50:00,14.18
2020-07-04 06:00:00,14.47
2020-07-04 06:10:00,15.55
2020-07-04 06:20:00,16.26
2020-07-04 06:30:00,16.7
2020-07-04 06:40:00,17.05
2020-07-04 06:50:00,17.18
2020-07-04 07:00:00,17.53
2020-07-04 07:10:00,17.78
2020-07-04 07:20:00,18.54
2020-07-04 07:30:00,19.3
2020-07-04 07:40:00,19.43
2020-07-04 07:50:00,19.75
2020-07-04 08:00:00,19.94
2020-07-04 08:10:00,19.74
2020-07-04 08:20:00,20.06
2020-07-04 08:30:00,20.08
2020-07-04 08:40:00,20.13
2020-07-04 08:50:00,20.1
2020-07-04 09:00:00,20.17
2020-07-04 09:10:00,20.41
2020-07-04 09:20:00,20.89
2020-07-04 09:30:00,21.11
2020-07-04 09:40:00,21.28
2020-07-04 09:50:00,21.14
2020-07-04 10:00:00,21.33
2020-07-04 10:10:00,21.35
2020-07-04 10:20:00,21.19
2020-07-04 10:30:00,21.09
2020-07-04 10:40:00,21.45
2020-07-04 10:50:00,21.66
2020-07-04 11:00:00,21.33
2020-07-04 11:10:00,21.5
2020-07-04 11:20:00,21.57
2020-07-04 11:30:00,21.6
2020-07-04 11:40:00,22.25
2020-07-04 11:50:00,22.42
2020-07-04 12:00:00,22.23
2020-07-04 12:10:00,22.6
2020-07-04 12:20:00,22.7
2020-07-04 12:30:00,22.64
2020-07-04 12:40:00,22.98
2020-07-04 12:50:00,23.21
2020-07-04 13:00:00,23.04
2020-07-04 13:10:00,22.87
2020-07-04 13:20:00,23.01
2020-07-04 13:30:00,23.65
2020-07-04 13:40:00,24.02
2020-07-04 13:50:00,23.73
2020-07-04 14:00:00,23.69
2020-07-04 14:10:00,23.65
2020-07-04 14:20:00,23.59
2020-07-04 14:30:00,23.75
2020-07-04 14:40:00,24.08
2020-07-04 14:50:00,24.16
2020-07-04 15:00:00,24.43
2020-07-04 15:10:00,24.63
2020-07-04 15:20:00,24.74
2020-07-04 15:30:00,24.9
2020-07-04 15:40:00,24.76
2020-07-04 15:50:00,24.43
2020-07-04 16:00:00,24.31
2020-07-04 16:10:00,24.76
2020-07-04 16:20:00,24.94
2020-07-04 16:30:00,24.66
2020-07-04 16:40:00,24.66
2020-07-04 16:50:00,24.74
2020-07-04 17:00:00,24.66
2020-07-04 17:10:00,24.78
2020-07-04 17:20:00,24.75
2020-07-04 17:30:00,24.77
2020-07-04 17:40:00,24.57
2020-07-04 17:50:00,24.43
2020-07-04 18:00:00,24.29
2020-07-04 18:10:00,24.14
2020-07-04 18:20:00,24.1
2020-07-04 18:30:00,24.09
2020-07-04 18:40:00,24.0
2020-07-04 18:50:00,23.85
2020-07-04 19:00:00,23.78
2020-07-04 19:10:00,23.77
2020-07-04 19:20:00,23.7
2020-07-04 19:30:00,23.6
2020-07-04 19:40:00,23.49
2020-07-04 19:50:00,23.34
2020-07-04 20:00:00,23.23
2020-07-04 20:10:00,23.04
2020-07-04 20:20:00,22.81
2020-07-04 20:30:00,22.69
2020-07-04 20:40:00,22.62
2020-07-04 20:50:00,22.52
2020-07-04 21:00:00,22.4
2020-07-04 21:10:00,22.25
2020-07-04 21:20:00,22.16
2020-07-04 21:30:00,22.02
2020-07-04 21:40:00,21.9
2020-07-04 21:50:00,21.78
2020-07-04 22:00:00,21.61
2020-07-04 22:10:00,21.4
2020-07-04 22:20:00,21.17
2020-07-04 22:30:00,21.02
2020-07-04 22:40:00,20.86
2020-07-04 22:50:00,20.54
2020-07-04 23:00:00,20.18
2020-07-04 23:10:00,20.08
2020-07-04 23:20:00,19.95
2020-07-04 23:30:00,19.97
2020-07-04 23:40:00,19.87
2020-07-04 23:50:00,19.94
2020-07-05 00:00:00,19.83
2020-07-05 00:10:00,19.93
2020-07-05 00:20:00,20.16
2020-07-05 00:30:00,20.17
2020-07-05 00:40:00,20.22
2020-07-05 00:50:00,20.37
2020-07-05 01:00:00,20.3
2020-07-05 01:10:00,20.3
2020-07-05 01:20:00,20.19
2020-07-05 01:30:00,19.97
2020-07-05 01:40:00,19.73
2020-07-05 01:50:00,19.56
2020-07-05 02:00:00,19.35
2020-07-05 02:10:00,19.4
2020-07-05 02:20:00,19.46
2020-07-05 02:30:00,19.25
2020-07-05 02:40:00,19.26
2020-07-05 02:50:00,19.53
2020-07-05 03:00:00,19.67
2020-07-05 03:10:00,19.69
2020-07-05 03:20:00,19.82
2020-07-05 03:30:00,19.9
2020-07-05 03:40:00,19.83
2020-07-05 03:50:00,19.68
2020-07-05 04:00:00,19.47
2020-07-05 04:10:00,19.46
2020-07-05 04:20:00,19.59
2020-07-05 04:30:00,19.52
2020-07-05 04:40:00,19.52
2020-07-05 04:50:00,19.56
2020-07-05 05:00:00,19.69
2020-07-05 05:10:00,19.76
2020-07-05 05:20:00,19.89
2020-07-05 05:30:00,20.38
2020-07-05 05:40:00,20.69
2020-07-05 05:50:00,20.6
2020-07-05 06:00:00,20.53
2020-07-05 06:10:00,20.53
2020-07-05 06:20:00,20.6
2020-07-05 06:30:00,20.67
2020-07-05 06:40:00,20.71
2020-07-05 06:50:00,20.81
2020-07-05 07:00:00,20.92
2020-07-05 07:10:00,20.96
2020-07-05 07:20:00,21.13
2020-07-05 07:30:00,21.51
2020-07-05 07:40:00,21.71
2020-07-05 07:50:00,21.87
2020-07-05 08:00:00,22.1
2020-07-05 08:10:00,22.08
2020-07-05 08:20:00,22.17
2020-07-05 08:30:00,22.07
2020-07-05 08:40:00,21.94
2020-07-05 08:50:00,21.94
2020-07-05 09:00:00,22.19
2020-07-05 09:10:00,22.37
2020-07-05 09:20:00,22.46
2020-07-05 09:30:00,22.69
2020-07-05 09:40:00,22.45
2020-07-05 09:50:00,22.39
2020-07-05 10:00:00,22.29
2020-07-05 10:10:00,22.24
2020-07-05 10:20:00,22.23
2020-07-05 10:30:00,22.43
2020-07-05 10:40:00,22.54
2020-07-05 10:50:00,22.66
2020-07-05 11:00:00,22.56
2020-07-05 11:10:00,22.54
2020-07-05 11:20:00,22.56
2020-07-05 11:30:00,22.66
2020-07-05 11:40:00,22.66
2020-07-05 11:50:00,22.88
2020-07-05 12:00:00,23.2
2020-07-05 12:10:00,23.39
2020-07-05 12:20:00,23.48
2020-07-05 12:30:00,23.45
2020-07-05 12:40:00,23.31
2020-07-05 12:50:00,23.28
2020-07-05 13:00:00,23.52
2020-07-05 13:10:00,23.72
2020-07-05 13:20:00,23.69
2020-07-05 13:30:00,23.85
2020-07-05 13:40:00,23.55
2020-07-05 13:50:00,23.51
2020-07-05 14:00:00,23.38
2020-07-05 14:10:00,23.34
2020-07-05 14:20:00,23.41
2020-07-05 14:30:00,24.09
2020-07-05 14:40:00,24.41
2020-07-05 14:50:00,24.8
2020-07-05 15:00:00,24.81
2020-07-05 15:10:00,25.05
2020-07-05 15:20:00,24.9
2020-07-05 15:30:00,25.09
2020-07-05 15:40:00,25.12
2020-07-05 15:50:00,24.86
2020-07-05 16:00:00,25.3
2020-07-05 16:10:00,25.43
2020-07-05 16:20:00,25.36
2020-07-05 16:30:00,25.5
2020-07-05 16:40:00,25.5
2020-07-05 16:50:00,25.37
2020-07-05 17:00:00,25.45
2020-07-05 17:10:00,25.28
2020-07-05 17:20:00,25.4
2020-07-05 17:30:00,25.97
2020-07-05 17:40:00,25.83
2020-07-05 17:50:00,25.75
2020-07-05 18:00:00,25.74
2020-07-05 18:10:00,25.89
2020-07-05 18:20:00,25.58
2020-07-05 18:30:00,25.2
2020-07-05 18:40:00,25.44
2020-07-05 18:50:00,25.25
2020-07-05 19:00:00,25.04
2020-07-05 19:10:00,24.89
2020-07-05 19:20:00,24.79
2020-07-05 19:30:00,24.7
2020-07-05 19:40:00,24.58
2020-07-05 19:50:00,24.51
2020-07-05 20:00:00,24.39
2020-07-05 20:10:00,24.24
2020-07-05 20:20:00,24.14
2020-07-05 20:30:00,24.05
2020-07-05 20:40:00,23.91
2020-07-05 20:50:00,23.8
2020-07-05 21:00:00,23.69
2020-07-05 21:10:00,23.57
2020-07-05 21:20:00,23.44
2020-07-05 21:30:00,23.29
2020-07-05 21:40:00,23.1
2020-07-05 21:50:00,23.02
2020-07-05 22:00:00,22.85
2020-07-05 22:10:00,22.61
2020-07-05 22:20:00,22.41
2020-07-05 22:30:00,22.22
2020-07-05 22:40:00,21.98
2020-07-05 22:50:00,21.84
2020-07-05 23:00:00,21.62
2020-07-05 23:10:00,21.54
2020-07-05 23:20:00,21.48
2020-07-05 23:30:00,21.33
2020-07-05 23:40:00,21.29
2020-07-05 23:50:00,21.2
2020-07-06 00:00:00,21.03
2020-07-06 00:10:00,20.83
2020-07-06 00:20:00,20.61
2020-07-06 00:30:00,20.4
2020-07-06 00:40:00,20.26
2020-07-06 00:50:00,20.18
2020-07-06 01:00:00,20.1
2020-07-06 01:10:00,20.0
2020-07-06 01:20:00,19.89
2020-07-06 01:30:00,19.51
2020-07-06 01:40:00,19.5
2020-07-06 01:50:00,19.26
2020-07-06 02:00:00,19.33
2020-07-06 02:10:00,19.54
2020-07-06 02:20:00,19.9
2020-07-06 02:30:00,19.95
2020-07-06 02:40:00,19.94
2020-07-06 02:50:00,19.92
2020-07-06 03:00:00,19.98
2020-07-06 03:10:00,20.0
2020-07-06 03:20:00,20.11
2020-07-06 03:30:00,19.95
2020-07-06 03:40:00,19.76
2020-07-06 03:50:00,19.59
2020-07-06 04:00:00,19.51
2020-07-06 04:10:00,19.37
2020-07-06 04:20:00,19.27
2020-07-06 04:30:00,19.11
2020-07-06 04:40:00,19.07
2020-07-06 04:50:00,19.04
2020-07-06 05:00:00,18.75
2020-07-06 05:10:00,18.46
2020-07-06 05:20:00,18.11
2020-07-06 05:30:00,17.77
2020-07-06 05:40:00,17.53
2020-07-06 05:50:00,17.68
2020-07-06 06:00:00,18.32
2020-07-06 06:10:00,17.84
2020-07-06 06:20:00,17.44
2020-07-06 06:30:00,17.04
2020-07-06 06:40:00,17.34
2020-07-06 06:50:00,17.75
2020-07-06 07:00:00,17.62
2020-07-06 07:10:00,17.57
2020-07-06 07:20:00,17.84
2020-07-06 07:30:00,17.86
2020-07-06 07:40:00,17.66
2020-07-06 07:50:00,17.57
2020-07-06 08:00:00,17.54
2020-07-06 08:10:00,17.58
2020-07-06 08:20:00,17.9
2020-07-06 08:30:00,17.9
2020-07-06 08:40:00,18.02
2020-07-06 08:50:00,18.09
2020-07-06 09:00:00,18.04
2020-07-06 09:10:00,17.94
2020-07-06 09:20:00,18.18
2020-07-06 09:30:00,18.02
2020-07-06 09:40:00,18.15
2020-07-06 09:50:00,18.18
2020-07-06 10:00:00,18.2
2020-07-06 10:10:00,18.25
2020-07-06 10:20:00,18.29
2020-07-06 10:30:00,18.56
2020-07-06 10:40:00,17.95
2020-07-06 10:50:00,17.56
2020-07-06 11:00:00,18.76
2020-07-06 11:10:00,18.37
2020-07-06 11:20:00,18.52
2020-07-06 11:30:00,18.75
2020-07-06 11:40:00,18.19
2020-07-06 11:50:00,18.66
2020-07-06 12:00:00,18.81
2020-07-06 12:10:00,18.7
2020-07-06 12:20:00,19.14
2020-07-06 12:30:00,19.09
2020-07-06 12:40:00,18.47
2020-07-06 12:50:00,18.95
2020-07-06 13:00:00,18.98
2020-07-06 13:10:00,19.21
2020-07-06 13:20:00,19.1
2020-07-06 13:30:00,19.5
2020-07-06 13:40:00,19.29
2020-07-06 13:50:00,19.61
2020-07-06 14:00:00,19.73
2020-07-06 14:10:00,19.38
2020-07-06 14:20:00,19.29
2020-07-06 14:30:00,19.55
2020-07-06 14:40:00,19.92
2020-07-06 14:50:00,19.7
2020-07-06 15:00:00,20.01
2020-07-06 15:10:00,19.92
2020-07-06 15:20:00,19.79
2020-07-06 15:30:00,20.12
2020-07-06 15:40:00,19.66
2020-07-06 15:50:00,19.57
2020-07-06 16:00:00,19.82
2020-07-06 16:10:00,19.72
2020-07-06 16:20:00,18.14
2020-07-06 16:30:00,15.52
2020-07-06 16:40:00,14.71
2020-07-06 16:50:00,14.43
2020-07-06 17:00:00,14.31
2020-07-06 17:10:00,14.13
2020-07-06 17:20:00,14.05
2020-07-06 17:30:00,14.37
2020-07-06 17:40:00,15.0
2020-07-06 17:50:00,15.57
2020-07-06 18:00:00,15.3
2020-07-06 18:10:00,15.14
2020-07-06 18:20:00,14.8
2020-07-06 18:30:00,14.53
2020-07-06 18:40:00,14.62
2020-07-06 18:50:00,14.67
2020-07-06 19:00:00,14.76
2020-07-06 19:10:00,14.53
2020-07-06 19:20:00,14.21
2020-07-06 19:30:00,14.06
2020-07-06 19:40:00,13.99
2020-07-06 19:50:00,13.93
2020-07-06 20:00:00,13.85
2020-07-06 20:10:00,13.72
2020-07-06 20:20:00,13.66
2020-07-06 20:30:00,13.57
2020-07-06 20:40:00,13.47
2020-07-06 20:50:00,13.42
2020-07-06 21:00:00,13.28
2020-07-06 21:10:00,13.08
2020-07-06 21:20:00,12.9
2020-07-06 21:30:00,12.81
2020-07-06 21:40:00,12.65
2020-07-06 21:50:00,12.57
2020-07-06 22:00:00,12.6
2020-07-06 22:10:00,12.58
2020-07-06 22:20:00,12.53
2020-07-06 22:30:00,12.38
2020-07-06 22:40:00,12.32
2020-07-06 22:50:00,12.33
2020-07-06 23:00:00,12.22
2020-07-06 23:10:00,12.06
2020-07-06 23:20:00,11.93
2020-07-06 23:30:00,11.83
2020-07-06 23:40:00,11.69
2020-07-06 23:50:00,11.6
2020-07-07 00:00:00,11.55
2020-07-07 00:10:00,11.49
2020-07-07 00:20:00,11.48
2020-07-07 00:30:00,11.46
2020-07-07 00:40:00,11.44
2020-07-07 00:50:00,11.46
2020-07-07 01:00:00,11.38
2020-07-07 01:10:00,11.27
2020-07-07 01:20:00,11.3
2020-07-07 01:30:00,11.29
2020-07-07 01:40:00,11.3
2020-07-07 01:50:00,11.42
2020-07-07 02:00:00,11.6
2020-07-07 02:10:00,11.63
2020-07-07 02:20:00,11.52
2020-07-07 02:30:00,11.36
2020-07-07 02:40:00,11.22
2020-07-07 02:50:00,11.25
2020-07-07 03:00:00,11.27
2020-07-07 03:10:00,11.27
2020-07-07 03:20:00,11.26
2020-07-07 03:30:00,11.39
2020-07-07 03:40:00,11.48
2020-07-07 03:50:00,11.55
2020-07-07 04:00:00,11.59
2020-07-07 04:10:00,11.58
2020-07-07 04:20:00,11.41
2020-07-07 04:30:00,11.28
2020-07-07 04:40:00,11.11
2020-07-07 04:50:00,10.98
2020-07-07 05:00:00,10.84
2020-07-07 05:10:00,10.92
2020-07-07 05:20:00,11.45
2020-07-07 05:30:00,11.96
2020-07-07 05:40:00,11.6
2020-07-07 05:50:00,11.29
2020-07-07 06:00:00,11.56
2020-07-07 06:10:00,12.1
2020-07-07 06:20:00,12.09
2020-07-07 06:30:00,12.07
2020-07-07 06:40:00,12.29
2020-07-07 06:50:00,12.4
2020-07-07 07:00:00,12.53
2020-07-07 07:10:00,12.63
2020-07-07 07:20:00,13.08
2020-07-07 07:30:00,14.12
2020-07-07 07:40:00,14.31
2020-07-07 07:50:00,14.57
2020-07-07 08:00:00,14.82
2020-07-07 08:10:00,14.17
2020-07-07 08:20:00,14.29
2020-07-07 08:30:00,13.66
2020-07-07 08:40:00,14.06
2020-07-07 08:50:00,14.82
2020-07-07 09:00:00,14.55
2020-07-07 09:10:00,14.64
2020-07-07 09:20:00,14.86
2020-07-07 09:30:00,15.24
2020-07-07 09:40:00,15.58
2020-07-07 09:50:00,16.21
2020-07-07 10:00:00,15.74
2020-07-07 10:10:00,15.05
2020-07-07 10:20:00,14.87
2020-07-07 10:30:00,15.24
2020-07-07 10:40:00,16.48
2020-07-07 10:50:00,16.98
2020-07-07 11:00:00,17.0
2020-07-07 11:10:00,16.91
2020-07-07 11:20:00,16.24
2020-07-07 11:30:00,16.59
2020-07-07 11:40:00,17.51
2020-07-07 11:50:00,17.65
2020-07-07 12:00:00,17.54
2020-07-07 12:10:00,17.11
2020-07-07 12:20:00,17.38
2020-07-07 12:30:00,17.91
2020-07-07 12:40:00,17.97
2020-07-07 12:50:00,18.09
2020-07-07 13:00:00,18.31
2020-07-07 13:10:00,17.87
2020-07-07 13:20:00,18.18
2020-07-07 13:30:00,18.6
2020-07-07 13:40:00,18.14
2020-07-07 13:50:00,18.21
2020-07-07 14:00:00,18.56
2020-07-07 14:10:00,18.74
2020-07-07 14:20:00,19.06
2020-07-07 14:30:00,18.98
2020-07-07 14:40:00,19.0
2020-07-07 14:50:00,18.96
2020-07-07 15:00:00,19.04
2020-07-07 15:10:00,19.11
2020-07-07 15:20:00,19.12
2020-07-07 15:30:00,19.49
2020-07-07 15:40:00,19.53
2020-07-07 15:50:00,19.63
2020-07-07 16:00:00,19.67
2020-07-07 16:10:00,19.74
2020-07-07 16:20:00,19.52
2020-07-07 16:30:00,19.4
2020-07-07 16:40:00,19.26
2020-07-07 16:50:00,19.4
2020-07-07 17:00:00,19.38
2020-07-07 17:10:00,19.27
2020-07-07 17:20:00,19.27
2020-07-07 17:30:00,19.36
2020-07-07 17:40:00,19.91
2020-07-07 17:50:00,20.34
2020-07-07 18:00:00,20.14
2020-07-07 18:10:00,20.17
2020-07-07 18:20:00,19.99
2020-07-07 18:30:00,19.84
2020-07-07 18:40:00,19.7
2020-07-07 18:50:00,19.26
2020-07-07 19:00:00,18.83
2020-07-07 19:10:00,18.6
2020-07-07 19:20:00,18.37
2020-07-07 19:30:00,18.15
2020-07-07 19:40:00,17.98
2020-07-07 19:50:00,17.88
2020-07-07 20:00:00,17.79
2020-07-07 20:10:00,17.69
2020-07-07 20:20:00,17.56
2020-07-07 20:30:00,17.39
2020-07-07 20:40:00,17.22
2020-07-07 20:50:00,17.16
2020-07-07 21:00:00,17.08
2020-07-07 21:10:00,16.73
2020-07-07 21:20:00,16.56
2020-07-07 21:30:00,16.59
2020-07-07 21:40:00,16.89
2020-07-07 21:50:00,16.53
2020-07-07 22:00:00,16.18
2020-07-07 22:10:00,15.95
2020-07-07 22:20:00,15.75
2020-07-07 22:30:00,15.63
2020-07-07 22:40:00,15.56
2020-07-07 22:50:00,15.51
2020-07-07 23:00:00,15.46
2020-07-07 23:10:00,15.37
2020-07-07 23:20:00,15.2
2020-07-07 23:30:00,15.0
2020-07-07 23:40:00,14.86
2020-07-07 23:50:00,14.69
2020-07-08 00:00:00,14.54
2020-07-08 00:10:00,14.48
2020-07-08 00:20:00,14.37
2020-07-08 00:30:00,14.2
2020-07-08 00:40:00,13.94
2020-07-08 00:50:00,13.67
2020-07-08 01:00:00,13.59
2020-07-08 01:10:00,13.36
2020-07-08 01:20:00,13.13
2020-07-08 01:30:00,12.92
2020-07-08 01:40:00,12.88
2020-07-08 01:50:00,13.0
2020-07-08 02:00:00,13.1
2020-07-08 02:10:00,13.07
2020-07-08 02:20:00,12.82
2020-07-08 02:30:00,12.6
2020-07-08 02:40:00,12.4
2020-07-08 02:50:00,12.16
2020-07-08 03:00:00,11.97
2020-07-08 03:10:00,11.97
2020-07-08 03:20:00,12.04
2020-07-08 03:30:00,12.06
2020-07-08 03:40:00,12.04
2020-07-08 03:50:00,12.03
2020-07-08 04:00:00,11.93
2020-07-08 04:10:00,11.93
2020-07-08 04:20:00,11.96
2020-07-08 04:30:00,11.92
2020-07-08 04:40:00,11.92
2020-07-08 04:50:00,11.79
2020-07-08 05:00:00,11.78
2020-07-08 05:10:00,11.84
2020-07-08 05:20:00,11.78
2020-07-08 05:30:00,11.81
2020-07-08 05:40:00,11.84
2020-07-08 05:50:00,11.85
2020-07-08 06:00:00,11.91
2020-07-08 06:10:00,12.0
2020-07-08 06:20:00,12.04
2020-07-08 06:30:00,12.13
2020-07-08 06:40:00,12.2
2020-07-08 06:50:00,12.26
2020-07-08 07:00:00,12.43
2020-07-08 07:10:00,12.46
2020-07-08 07:20:00,12.37
2020-07-08 07:30:00,12.47
2020-07-08 07:40:00,12.55
2020-07-08 07:50:00,12.68
2020-07-08 08:00:00,12.62
2020-07-08 08:10:00,12.64
2020-07-08 08:20:00,12.62
2020-07-08 08:30:00,12.71
2020-07-08 08:40:00,12.83
2020-07-08 08:50:00,12.96
2020-07-08 09:00:00,13.06
2020-07-08 09:10:00,13.19
2020-07-08 09:20:00,13.49
2020-07-08 09:30:00,13.63
2020-07-08 09:40:00,13.59
2020-07-08 09:50:00,13.49
2020-07-08 10:00:00,13.33
2020-07-08 10:10:00,13.08
2020-07-08 10:20:00,13.01
2020-07-08 10:30:00,12.84
2020-07-08 10:40:00,12.74
2020-07-08 10:50:00,12.75
2020-07-08 11:00:00,12.85
2020-07-08 11:10:00,13.02
2020-07-08 11:20:00,13.29
2020-07-08 11:30:00,13.36
2020-07-08 11:40:00,13.43
2020-07-08 11:50:00,13.43
2020-07-08 12:00:00,13.39
2020-07-08 12:10:00,13.49
2020-07-08 12:20:00,13.6
2020-07-08 12:30:00,13.69
2020-07-08 12:40:00,13.97
2020-07-08 12:50:00,14.16
2020-07-08 13:00:00,14.31
2020-07-08 13:10:00,14.32
2020-07-08 13:20:00,14.53
2020-07-08 13:30:00,14.51
2020-07-08 13:40:00,14.6
2020-07-08 13:50:00,14.77
2020-07-08 14:00:00,14.75
2020-07-08 14:10:00,14.68
2020-07-08 14:20:00,14.47
2020-07-08 14:30:00,14.5
2020-07-08 14:40:00,14.68
2020-07-08 14:50:00,14.69
2020-07-08 15:00:00,14.62
2020-07-08 15:10:00,14.65
2020-07-08 15:20:00,14.73
2020-07-08 15:30:00,14.84
2020-07-08 15:40:00,14.98
2020-07-08 15:50:00,15.15
2020-07-08 16:00:00,15.12
2020-07-08 16:10:00,15.26
2020-07-08 16:20:00,15.47
2020-07-08 16:30:00,15.83
2020-07-08 16:40:00,16.12
2020-07-08 16:50:00,16.15
2020-07-08 17:00:00,16.07
2020-07-08 17:10:00,16.13
2020-07-08 17:20:00,16.28
2020-07-08 17:30:00,16.25
2020-07-08 17:40:00,16.3
2020-07-08 17:50:00,16.52
2020-07-08 18:00:00,16.9
2020-07-08 18:10:00,17.07
2020-07-08 18:20:00,16.92
2020-07-08 18:30:00,16.66
2020-07-08 18:40:00,16.45
2020-07-08 18:50:00,16.58
2020-07-08 19:00:00,16.06
2020-07-08 19:10:00,15.74
2020-07-08 19:20:00,15.66
2020-07-08 19:30:00,15.53
2020-07-08 19:40:00,15.4
2020-07-08 19:50:00,15.33
2020-07-08 20:00:00,15.12
2020-07-08 20:10:00,15.02
2020-07-08 20:20:00,15.01
2020-07-08 20:30:00,14.87
2020-07-08 20:40:00,14.5
2020-07-08 20:50:00,14.27
2020-07-08 21:00:00,14.38
2020-07-08 21:10:00,14.23
2020-07-08 21:20:00,14.17
2020-07-08 21:30:00,13.99
2020-07-08 21:40:00,13.7
2020-07-08 21:50:00,13.5
2020-07-08 22:00:00,13.58
2020-07-08 22:10:00,13.43
2020-07-08 22:20:00,13.37
2020-07-08 22:30:00,13.34
2020-07-08 22:40:00,13.16
2020-07-08 22:50:00,12.95
2020-07-08 23:00:00,12.7
2020-07-08 23:10:00,12.71
2020-07-08 23:20:00,12.54
2020-07-08 23:30:00,12.46
2020-07-08 23:40:00,12.58
2020-07-08 23:50:00,12.67
2020-07-09 00:00:00,12.64
2020-07-09 00:10:00,12.55
2020-07-09 00:20:00,12.38
2020-07-09 00:30:00,12.31
2020-07-09 00:40:00,12.29
2020-07-09 00:50:00,12.15
2020-07-09 01:00:00,12.12
2020-07-09 01:10:00,12.05
2020-07-09 01:20:00,12.09
2020-07-09 01:30:00,12.09
2020-07-09 01:40:00,12.24
2020-07-09 01:50:00,12.39
2020-07-09 02:00:00,12.38
2020-07-09 02:10:00,12.24
2020-07-09 02:20:00,12.17
2020-07-09 02:30:00,12.23
2020-07-09 02:40:00,12.34
2020-07-09 02:50:00,12.5
2020-07-09 03:00:00,12.6
2020-07-09 03:10:00,12.6
2020-07-09 03:20:00,12.65
2020-07-09 03:30:00,12.66
2020-07-09 03:40:00,12.57
2020-07-09 03:50:00,12.57
2020-07-09 04:00:00,12.59
2020-07-09 04:10:00,12.53
2020-07-09 04:20:00,12.67
2020-07-09 04:30:00,12.78
2020-07-09 04:40:00,12.85
2020-07-09 04:50:00,12.92
2020-07-09 05:00:00,12.98
2020-07-09 05:10:00,12.99
2020-07-09 05:20:00,12.98
2020-07-09 05:30:00,12.86
2020-07-09 05:40:00,12.76
2020-07-09 05:50:00,12.79
2020-07-09 06:00:00,12.83
2020-07-09 06:10:00,12.91
2020-07-09 06:20:00,13.1
2020-07-09 06:30:00,13.19
2020-07-09 06:40:00,13.27
2020-07-09 06:50:00,13.36
2020-07-09 07:00:00,13.54
2020-07-09 07:10:00,13.77
2020-07-09 07:20:00,13.95
2020-07-09 07:30:00,14.2
2020-07-09 07:40:00,14.46
2020-07-09 07:50:00,14.82
2020-07-09 08:00:00,15.05
2020-07-09 08:10:00,14.97
2020-07-09 08:20:00,14.98
2020-07-09 08:30:00,15.15
2020-07-09 08:40:00,15.48
2020-07-09 08:50:00,15.6
2020-07-09 09:00:00,15.72
2020-07-09 09:10:00,15.87
2020-07-09 09:20:00,16.2
2020-07-09 09:30:00,16.47
2020-07-09 09:40:00,16.71
2020-07-09 09:50:00,16.87
2020-07-09 10:00:00,17.0
2020-07-09 10:10:00,17.49
2020-07-09 10:20:00,17.86
2020-07-09 10:30:00,18.32
2020-07-09 10:40:00,18.49
2020-07-09 10:50:00,18.66
2020-07-09 11:00:00,18.72
2020-07-09 11:10:00,18.77
2020-07-09 11:20:00,19.02
2020-07-09 11:30:00,19.28
2020-07-09 11:40:00,19.45
2020-07-09 11:50:00,19.69
2020-07-09 12:00:00,19.87
2020-07-09 12:10:00,20.27
2020-07-09 12:20:00,20.69
2020-07-09 12:30:00,21.16
2020-07-09 12:40:00,21.51
2020-07-09 12:50:00,21.9
2020-07-09 13:00:00,22.13
2020-07-09 13:10:00,22.04
2020-07-09 13:20:00,22.74
2020-07-09 13:30:00,22.83
2020-07-09 13:40:00,22.61
2020-07-09 13:50:00,22.5
2020-07-09 14:00:00,22.77
2020-07-09 14:10:00,23.18
2020-07-09 14:20:00,23.33
2020-07-09 14:30:00,23.88
2020-07-09 14:40:00,23.61
2020-07-09 14:50:00,23.55
2020-07-09 15:00:00,23.58
2020-07-09 15:10:00,23.76
2020-07-09 15:20:00,23.9
2020-07-09 15:30:00,24.45
2020-07-09 15:40:00,24.57
2020-07-09 15:50:00,24.42
2020-07-09 16:00:00,24.43
2020-07-09 16:10:00,24.37
2020-07-09 16:20:00,24.44
2020-07-09 16:30:00,24.55
2020-07-09 16:40:00,24.49
2020-07-09 16:50:00,24.51
2020-07-09 17:00:00,25.07
2020-07-09 17:10:00,25.06
2020-07-09 17:20:00,24.65
2020-07-09 17:30:00,24.52
2020-07-09 17:40:00,24.45
2020-07-09 17:50:00,24.78
2020-07-09 18:00:00,25.19
2020-07-09 18:10:00,25.51
2020-07-09 18:20:00,25.51
2020-07-09 18:30:00,25.42
2020-07-09 18:40:00,25.08
2020-07-09 18:50:00,24.71
2020-07-09 19:00:00,24.46
2020-07-09 19:10:00,24.38
2020-07-09 19:20:00,24.17
2020-07-09 19:30:00,23.86
2020-07-09 19:40:00,23.76
2020-07-09 19:50:00,23.64
2020-07-09 20:00:00,23.54
2020-07-09 20:10:00,23.46
2020-07-09 20:20:00,23.36
2020-07-09 20:30:00,23.31
2020-07-09 20:40:00,23.21
2020-07-09 20:50:00,22.15
2020-07-09 21:00:00,21.28
2020-07-09 21:10:00,20.78
2020-07-09 21:20:00,20.58
2020-07-09 21:30:00,20.26
2020-07-09 21:40:00,19.99
2020-07-09 21:50:00,19.85
2020-07-09 22:00:00,19.72
2020-07-09 22:10:00,19.67
2020-07-09 22:20:00,19.68
2020-07-09 22:30:00,19.67
2020-07-09 22:40:00,19.6
2020-07-09 22:50:00,19.53
2020-07-09 23:00:00,19.46
2020-07-09 23:10:00,19.36
2020-07-09 23:20:00,19.28
2020-07-09 23:30:00,19.23
2020-07-09 23:40:00,19.09
2020-07-09 23:50:00,19.02
2020-07-10 00:00:00,18.88
2020-07-10 00:10:00,18.81
2020-07-10 00:20:00,18.28
2020-07-10 00:30:00,18.07
2020-07-10 00:40:00,18.14
2020-07-10 00:50:00,18.2
2020-07-10 01:00:00,18.21
2020-07-10 01:10:00,17.59
2020-07-10 01:20:00,17.43
2020-07-10 01:30:00,17.49
2020-07-10 01:40:00,17.5
2020-07-10 01:50:00,17.27
2020-07-10 02:00:00,17.2
2020-07-10 02:10:00,17.1
2020-07-10 02:20:00,17.07
2020-07-10 02:30:00,17.06
2020-07-10 02:40:00,17.09
2020-07-10 02:50:00,17.1
2020-07-10 03:00:00,17.08
2020-07-10 03:10:00,16.91
2020-07-10 03:20:00,16.83
2020-07-10 03:30:00,16.77
2020-07-10 03:40:00,16.73
2020-07-10 03:50:00,16.72
2020-07-10 04:00:00,16.69
2020-07-10 04:10:00,16.73
2020-07-10 04:20:00,16.92
2020-07-10 04:30:00,16.82
2020-07-10 04:40:00,16.8
2020-07-10 04:50:00,16.78
2020-07-10 05:00:00,16.83
2020-07-10 05:10:00,16.78
2020-07-10 05:20:00,16.82
2020-07-10 05:30:00,17.04
2020-07-10 05:40:00,17.16
2020-07-10 05:50:00,17.26
2020-07-10 06:00:00,17.41
2020-07-10 06:10:00,17.45
2020-07-10 06:20:00,17.28
2020-07-10 06:30:00,17.28
2020-07-10 06:40:00,17.92
2020-07-10 06:50:00,18.52
2020-07-10 07:00:00,18.9
2020-07-10 07:10:00,19.3
2020-07-10 07:20:00,19.75
2020-07-10 07:30:00,21.0
2020-07-10 07:40:00,22.49
2020-07-10 07:50:00,23.67
2020-07-10 08:00:00,24.2
2020-07-10 08:10:00,24.04
2020-07-10 08:20:00,24.25
2020-07-10 08:30:00,24.66
2020-07-10 08:40:00,25.06
2020-07-10 08:50:00,25.05
2020-07-10 09:00:00,25.08
2020-07-10 09:10:00,25.19
2020-07-10 09:20:00,25.31
2020-07-10 09:30:00,25.34
2020-07-10 09:40:00,25.38
2020-07-10 09:50:00,25.53
2020-07-10 10:00:00,25.59
2020-07-10 10:10:00,25.6
2020-07-10 10:20:00,25.54
2020-07-10 10:30:00,25.75
2020-07-10 10:40:00,26.49
2020-07-10 10:50:00,26.71
2020-07-10 11:00:00,26.59
2020-07-10 11:10:00,26.35
2020-07-10 11:20:00,26.41
2020-07-10 11:30:00,26.44
2020-07-10 11:40:00,26.12
2020-07-10 11:50:00,26.08
2020-07-10 12:00:00,26.26
2020-07-10 12:10:00,25.94
2020-07-10 12:20:00,25.61
2020-07-10 12:30:00,25.58
2020-07-10 12:40:00,25.8
2020-07-10 12:50:00,25.65
2020-07-10 13:00:00,25.2
2020-07-10 13:10:00,24.74
2020-07-10 13:20:00,24.62
2020-07-10 13:30:00,24.5
2020-07-10 13:40:00,24.35
2020-07-10 13:50:00,24.0
2020-07-10 14:00:00,23.62
2020-07-10 14:10:00,23.28
2020-07-10 14:20:00,23.33
2020-07-10 14:30:00,23.63
2020-07-10 14:40:00,23.83
2020-07-10 14:50:00,23.82
2020-07-10 15:00:00,23.81
2020-07-10 15:10:00,23.81
2020-07-10 15:20:00,23.8
2020-07-10 15:30:00,23.72
2020-07-10 15:40:00,23.39
2020-07-10 15:50:00,23.1
2020-07-10 16:00:00,23.07
2020-07-10 16:10:00,23.07
2020-07-10 16:20:00,22.93
2020-07-10 16:30:00,22.8
2020-07-10 16:40:00,22.5
2020-07-10 16:50:00,22.32
2020-07-10 17:00:00,22.19
2020-07-10 17:10:00,21.64
2020-07-10 17:20:00,19.76
2020-07-10 17:30:00,19.06
2020-07-10 17:40:00,18.77
2020-07-10 17:50:00,18.41
2020-07-10 18:00:00,18.15
2020-07-10 18:10:00,17.9
2020-07-10 18:20:00,17.65
2020-07-10 18:30:00,17.55
2020-07-10 18:40:00,17.38
2020-07-10 18:50:00,17.21
2020-07-10 19:00:00,17.1
2020-07-10 19:10:00,17.08
2020-07-10 19:20:00,17.02
2020-07-10 19:30:00,16.94
2020-07-10 19:40:00,16.81
2020-07-10 19:50:00,16.73
2020-07-10 20:00:00,16.67
2020-07-10 20:10:00,16.5
2020-07-10 20:20:00,16.28
2020-07-10 20:30:00,16.17
2020-07-10 20:40:00,15.99
2020-07-10 20:50:00,15.86
2020-07-10 21:00:00,15.66
2020-07-10 21:10:00,15.52
2020-07-10 21:20:00,15.32
2020-07-10 21:30:00,15.08
2020-07-10 21:40:00,14.91
2020-07-10 21:50:00,14.72
2020-07-10 22:00:00,14.6
2020-07-10 22:10:00,14.65
2020-07-10 22:20:00,14.62
2020-07-10 22:30:00,14.67
2020-07-10 22:40:00,14.77
2020-07-10 22:50:00,14.81
2020-07-10 23:00:00,14.82
2020-07-10 23:10:00,14.78
2020-07-10 23:20:00,14.7
2020-07-10 23:30:00,14.69
2020-07-10 23:40:00,14.66
2020-07-10 23:50:00,14.59
2020-07-11 00:00:00,14.47
2020-07-11 00:10:00,14.46
2020-07-11 00:20:00,14.38
2020-07-11 00:30:00,14.32
2020-07-11 00:40:00,14.3
2020-07-11 00:50:00,14.34
2020-07-11 01:00:00,14.32
2020-07-11 01:10:00,14.17
2020-07-11 01:20:00,14.07
2020-07-11 01:30:00,14.03
2020-07-11 01:40:00,13.98
2020-07-11 01:50:00,13.92
2020-07-11 02:00:00,13.91
2020-07-11 02:10:00,13.91
2020-07-11 02:20:00,13.84
2020-07-11 02:30:00,13.87
2020-07-11 02:40:00,13.76
2020-07-11 02:50:00,13.63
2020-07-11 03:00:00,13.53
2020-07-11 03:10:00,13.36
2020-07-11 03:20:00,13.22
2020-07-11 03:30:00,13.07
2020-07-11 03:40:00,12.96
2020-07-11 03:50:00,12.88
2020-07-11 04:00:00,12.79
2020-07-11 04:10:00,12.67
2020-07-11 04:20:00,12.56
2020-07-11 04:30:00,12.41
2020-07-11 04:40:00,12.28
2020-07-11 04:50:00,12.2
2020-07-11 05:00:00,12.16
2020-07-11 05:10:00,12.17
2020-07-11 05:20:00,12.22
2020-07-11 05:30:00,12.15
2020-07-11 05:40:00,12.04
2020-07-11 05:50:00,12.05
2020-07-11 06:00:00,12.17
2020-07-11 06:10:00,12.26
2020-07-11 06:20:00,12.29
2020-07-11 06:30:00,12.38
2020-07-11 06:40:00,12.58
2020-07-11 06:50:00,12.71
2020-07-11 07:00:00,13.2
2020-07-11 07:10:00,13.8
2020-07-11 07:20:00,13.95
2020-07-11 07:30:00,13.65
2020-07-11 07:40:00,13.62
2020-07-11 07:50:00,13.7
2020-07-11 08:00:00,14.33
2020-07-11 08:10:00,14.19
2020-07-11 08:20:00,14.19
2020-07-11 08:30:00,14.26
2020-07-11 08:40:00,14.92
2020-07-11 08:50:00,15.18
2020-07-11 09:00:00,15.11
2020-07-11 09:10:00,14.85
2020-07-11 09:20:00,14.94
2020-07-11 09:30:00,14.86
2020-07-11 09:40:00,15.35
2020-07-11 09:50:00,16.1
2020-07-11 10:00:00,16.37
2020-07-11 10:10:00,16.2
2020-07-11 10:20:00,16.54
2020-07-11 10:30:00,16.89
2020-07-11 10:40:00,16.61
2020-07-11 10:50:00,16.73
2020-07-11 11:00:00,17.42
2020-07-11 11:10:00,17.1
2020-07-11 11:20:00,17.19
2020-07-11 11:30:00,17.06
2020-07-11 11:40:00,17.25
2020-07-11 11:50:00,17.51
2020-07-11 12:00:00,17.55
2020-07-11 12:10:00,17.45
2020-07-11 12:20:00,17.67
2020-07-11 12:30:00,17.88
2020-07-11 12:40:00,17.87
2020-07-11 12:50:00,17.84
2020-07-11 13:00:00,17.94
2020-07-11 13:10:00,17.73
2020-07-11 13:20:00,17.87
2020-07-11 13:30:00,17.71
2020-07-11 13:40:00,17.64
2020-07-11 13:50:00,18.12
2020-07-11 14:00:00,18.79
2020-07-11 14:10:00,18.45
2020-07-11 14:20:00,18.46
2020-07-11 14:30:00,18.81
2020-07-11 14:40:00,19.59
2020-07-11 14:50:00,19.49
2020-07-11 15:00:00,18.74
2020-07-11 15:10:00,18.52
2020-07-11 15:20:00,18.57
2020-07-11 15:30:00,19.22
2020-07-11 15:40:00,18.84
2020-07-11 15:50:00,18.53
2020-07-11 16:00:00,18.65
2020-07-11 16:10:00,18.78
2020-07-11 16:20:00,18.97
2020-07-11 16:30:00,19.53
2020-07-11 16:40:00,19.8
2020-07-11 16:50:00,19.15
2020-07-11 17:00:00,19.01
2020-07-11 17:10:00,18.89
2020-07-11 17:20:00,19.0
2020-07-11 17:30:00,19.39
2020-07-11 17:40:00,19.03
2020-07-11 17:50:00,18.87
2020-07-11 18:00:00,18.63
2020-07-11 18:10:00,18.86
2020-07-11 18:20:00,19.72
2020-07-11 18:30:00,18.8
2020-07-11 18:40:00,18.25
2020-07-11 18:50:00,18.15
2020-07-11 19:00:00,18.28
2020-07-11 19:10:00,18.18
2020-07-11 19:20:00,17.96
2020-07-11 19:30:00,17.61
2020-07-11 19:40:00,17.49
2020-07-11 19:50:00,17.48
2020-07-11 20:00:00,17.53
2020-07-11 20:10:00,17.48
2020-07-11 20:20:00,17.42
2020-07-11 20:30:00,17.3
2020-07-11 20:40:00,17.02
2020-07-11 20:50:00,16.37
2020-07-11 21:00:00,15.92
2020-07-11 21:10:00,15.7
2020-07-11 21:20:00,15.53
2020-07-11 21:30:00,15.13
2020-07-11 21:40:00,14.75
2020-07-11 21:50:00,14.46
2020-07-11 22:00:00,14.03
2020-07-11 22:10:00,13.78
2020-07-11 22:20:00,13.54
2020-07-11 22:30:00,13.64
2020-07-11 22:40:00,13.98
2020-07-11 22:50:00,13.96
2020-07-11 23:00:00,14.28
2020-07-11 23:10:00,14.23
2020-07-11 23:20:00,14.07
2020-07-11 23:30:00,14.03
2020-07-11 23:40:00,13.78
2020-07-11 23:50:00,13.31
2020-07-12 00:00:00,13.38
2020-07-12 00:10:00,13.36
2020-07-12 00:20:00,13.0
2020-07-12 00:30:00,12.34
2020-07-12 00:40:00,11.71
2020-07-12 00:50:00,11.26
2020-07-12 01:00:00,10.95
2020-07-12 01:10:00,10.74
2020-07-12 01:20:00,10.59
2020-07-12 01:30:00,10.55
2020-07-12 01:40:00,10.38
2020-07-12 01:50:00,10.3
2020-07-12 02:00:00,10.25
2020-07-12 02:10:00,9.96
2020-07-12 02:20:00,9.82
2020-07-12 02:30:00,9.71
2020-07-12 02:40:00,9.58
2020-07-12 02:50:00,9.55
2020-07-12 03:00:00,9.48
2020-07-12 03:10:00,8.99
2020-07-12 03:20:00,8.75
2020-07-12 03:30:00,8.7
2020-07-12 03:40:00,8.6
2020-07-12 03:50:00,8.6
2020-07-12 04:00:00,8.59
2020-07-12 04:10:00,8.67
2020-07-12 04:20:00,8.51
2020-07-12 04:30:00,8.4
2020-07-12 04:40:00,8.39
2020-07-12 04:50:00,8.31
2020-07-12 05:00:00,8.2
2020-07-12 05:10:00,8.47
2020-07-12 05:20:00,8.55
2020-07-12 05:30:00,8.17
2020-07-12 05:40:00,8.12
2020-07-12 05:50:00,8.21
2020-07-12 06:00:00,8.97
2020-07-12 06:10:00,9.92
2020-07-12 06:20:00,10.36
2020-07-12 06:30:00,9.77
2020-07-12 06:40:00,9.73
2020-07-12 06:50:00,10.05
2020-07-12 07:00:00,10.6
2020-07-12 07:10:00,11.39
2020-07-12 07:20:00,11.99
2020-07-12 07:30:00,12.78
2020-07-12 07:40:00,13.24
2020-07-12 07:50:00,13.83
2020-07-12 08:00:00,14.72
2020-07-12 08:10:00,15.25
2020-07-12 08:20:00,15.2
2020-07-12 08:30:00,15.05
2020-07-12 08:40:00,15.09
2020-07-12 08:50:00,15.24
2020-07-12 09:00:00,15.4
2020-07-12 09:10:00,15.67
2020-07-12 09:20:00,16.32
2020-07-12 09:30:00,16.47
2020-07-12 09:40:00,16.5
2020-07-12 09:50:00,16.67
2020-07-12 10:00:00,17.59
2020-07-12 10:10:00,17.77
2020-07-12 10:20:00,18.32
2020-07-12 10:30:00,18.07
2020-07-12 10:40:00,17.7
2020-07-12 10:50:00,18.08
2020-07-12 11:00:00,18.0
2020-07-12 11:10:00,18.29
2020-07-12 11:20:00,18.41
2020-07-12 11:30:00,18.67
2020-07-12 11:40:00,18.78
2020-07-12 11:50:00,18.42
2020-07-12 12:00:00,18.82
2020-07-12 12:10:00,19.18
2020-07-12 12:20:00,19.03
2020-07-12 12:30:00,19.78
2020-07-12 12:40:00,19.71
2020-07-12 12:50:00,19.27
2020-07-12 13:00:00,19.04
2020-07-12 13:10:00,19.85
2020-07-12 13:20:00,20.64
2020-07-12 13:30:00,20.41
2020-07-12 13:40:00,19.48
2020-07-12 13:50:00,19.87
2020-07-12 14:00:00,20.29
2020-07-12 14:10:00,20.03
2020-07-12 14:20:00,20.01
2020-07-12 14:30:00,19.99
2020-07-12 14:40:00,20.19
2020-07-12 14:50:00,20.77
2020-07-12 15:00:00,20.99
2020-07-12 15:10:00,21.09
2020-07-12 15:20:00,20.73
2020-07-12 15:30:00,20.26
2020-07-12 15:40:00,20.54
2020-07-12 15:50:00,20.36
2020-07-12 16:00:00,20.34
2020-07-12 16:10:00,20.61
2020-07-12 16:20:00,20.73
2020-07-12 16:30:00,20.78
2020-07-12 16:40:00,20.7
2020-07-12 16:50:00,20.93
2020-07-12 17:00:00,21.2
2020-07-12 17:10:00,21.01
2020-07-12 17:20:00,20.97
2020-07-12 17:30:00,21.25
2020-07-12 17:40:00,20.92
2020-07-12 17:50:00,20.25
2020-07-12 18:00:00,20.56
2020-07-12 18:10:00,20.65
2020-07-12 18:20:00,19.91
2020-07-12 18:30:00,19.6
2020-07-12 18:40:00,20.04
2020-07-12 18:50:00,20.47
2020-07-12 19:00:00,20.29
2020-07-12 19:10:00,19.89
2020-07-12 19:20:00,19.61
2020-07-12 19:30:00,19.33
2020-07-12 19:40:00,19.12
2020-07-12 19:50:00,18.88
2020-07-12 20:00:00,18.65
2020-07-12 20:10:00,18.46
2020-07-12 20:20:00,18.34
2020-07-12 20:30:00,18.24
2020-07-12 20:40:00,18.13
2020-07-12 20:50:00,17.98
2020-07-12 21:00:00,17.79
2020-07-12 21:10:00,17.61
2020-07-12 21:20:00,17.41
2020-07-12 21:30:00,17.19
2020-07-12 21:40:00,16.75
2020-07-12 21:50:00,15.95
2020-07-12 22:00:00,15.41
2020-07-12 22:10:00,15.45
2020-07-12 22:20:00,15.27
2020-07-12 22:30:00,14.75
2020-07-12 22:40:00,14.74
2020-07-12 22:50:00,14.28
2020-07-12 23:00:00,13.71
2020-07-12 23:10:00,13.5
2020-07-12 23:20:00,13.47
2020-07-12 23:30:00,13.36
2020-07-12 23:40:00,13.22
2020-07-12 23:50:00,13.04
2020-07-13 00:00:00,12.93
2020-07-13 00:10:00,12.58
2020-07-13 00:20:00,12.1
2020-07-13 00:30:00,11.96
2020-07-13 00:40:00,12.15
2020-07-13 00:50:00,11.95
2020-07-13 01:00:00,11.83
2020-07-13 01:10:00,11.92
2020-07-13 01:20:00,11.79
2020-07-13 01:30:00,11.57
2020-07-13 01:40:00,11.24
2020-07-13 01:50:00,10.97
2020-07-13 02:00:00,10.86
2020-07-13 02:10:00,10.69
2020-07-13 02:20:00,10.44
2020-07-13 02:30:00,10.27
2020-07-13 02:40:00,10.01
2020-07-13 02:50:00,9.87
2020-07-13 03:00:00,9.81
2020-07-13 03:10:00,9.57
2020-07-13 03:20:00,9.29
2020-07-13 03:30:00,9.28
2020-07-13 03:40:00,9.03
2020-07-13 03:50:00,9.21
2020-07-13 04:00:00,8.97
2020-07-13 04:10:00,8.6
2020-07-13 04:20:00,8.45
2020-07-13 04:30:00,8.41
2020-07-13 04:40:00,8.38
2020-07-13 04:50:00,8.53
2020-07-13 05:00:00,8.75
2020-07-13 05:10:00,9.04
2020-07-13 05:20:00,9.5
2020-07-13 05:30:00,10.05
2020-07-13 05:40:00,10.58
2020-07-13 05:50:00,10.79
2020-07-13 06:00:00,11.1
2020-07-13 06:10:00,11.25
2020-07-13 06:20:00,11.52
2020-07-13 06:30:00,11.77
2020-07-13 06:40:00,12.03
2020-07-13 06:50:00,12.26
2020-07-13 07:00:00,12.58
2020-07-13 07:10:00,12.62
2020-07-13 07:20:00,13.23
2020-07-13 07:30:00,14.15
2020-07-13 07:40:00,14.77
2020-07-13 07:50:00,14.85
2020-07-13 08:00:00,15.24
2020-07-13 08:10:00,15.94
2020-07-13 08:20:00,16.57
2020-07-13 08:30:00,17.33
2020-07-13 08:40:00,17.36
2020-07-13 08:50:00,17.67
2020-07-13 09:00:00,18.31
2020-07-13 09:10:00,18.49
2020-07-13 09:20:00,19.18
2020-07-13 09:30:00,19.95
2020-07-13 09:40:00,20.05
2020-07-13 09:50:00,20.3
2020-07-13 10:00:00,20.23
2020-07-13 10:10:00,19.88
2020-07-13 10:20:00,20.52
2020-07-13 10:30:00,20.93
2020-07-13 10:40:00,20.44
2020-07-13 10:50:00,20.51
2020-07-13 11:00:00,21.19
2020-07-13 11:10:00,21.23
2020-07-13 11:20:00,20.8
2020-07-13 11:30:00,21.07
2020-07-13 11:40:00,21.13
2020-07-13 11:50:00,21.1
2020-07-13 12:00:00,21.15
2020-07-13 12:10:00,21.06
2020-07-13 12:20:00,21.38
2020-07-13 12:30:00,21.74
2020-07-13 12:40:00,21.88
2020-07-13 12:50:00,22.38
2020-07-13 13:00:00,22.25
2020-07-13 13:10:00,22.13
2020-07-13 13:20:00,22.53
2020-07-13 13:30:00,22.79
2020-07-13 13:40:00,22.79
2020-07-13 13:50:00,22.98
2020-07-13 14:00:00,23.15
2020-07-13 14:10:00,22.9
2020-07-13 14:20:00,22.93
2020-07-13 14:30:00,22.82
2020-07-13 14:40:00,22.81
2020-07-13 14:50:00,23.21
2020-07-13 15:00:00,23.94
2020-07-13 15:10:00,23.55
2020-07-13 15:20:00,23.5
2020-07-13 15:30:00,23.49
2020-07-13 15:40:00,23.74
2020-07-13 15:50:00,23.83
2020-07-13 16:00:00,23.99
2020-07-13 16:10:00,23.76
2020-07-13 16:20:00,23.39
2020-07-13 16:30:00,23.54
2020-07-13 16:40:00,23.78
2020-07-13 16:50:00,23.71
2020-07-13 17:00:00,23.94
2020-07-13 17:10:00,24.42
2020-07-13 17:20:00,24.54
2020-07-13 17:30:00,24.29
2020-07-13 17:40:00,24.32
2020-07-13 17:50:00,24.44
2020-07-13 18:00:00,24.49
2020-07-13 18:10:00,24.54
2020-07-13 18:20:00,24.88
2020-07-13 18:30:00,24.34
2020-07-13 18:40:00,24.12
2020-07-13 18:50:00,23.93
2020-07-13 19:00:00,23.75
2020-07-13 19:10:00,23.23
2020-07-13 19:20:00,22.92
2020-07-13 19:30:00,22.79
2020-07-13 19:40:00,22.66
2020-07-13 19:50:00,22.57
2020-07-13 20:00:00,22.44
2020-07-13 20:10:00,21.9
2020-07-13 20:20:00,21.68
2020-07-13 20:30:00,21.47
2020-07-13 20:40:00,21.02
2020-07-13 20:50:00,20.73
2020-07-13 21:00:00,20.07
2020-07-13 21:10:00,19.59
2020-07-13 21:20:00,19.1
2020-07-13 21:30:00,18.79
2020-07-13 21:40:00,18.42
2020-07-13 21:50:00,18.23
2020-07-13 22:00:00,18.01
2020-07-13 22:10:00,17.89
2020-07-13 22:20:00,17.09
2020-07-13 22:30:00,16.68
2020-07-13 22:40:00,16.48
2020-07-13 22:50:00,16.62
2020-07-13 23:00:00,16.62
2020-07-13 23:10:00,16.64
2020-07-13 23:20:00,16.17
2020-07-13 23:30:00,15.88
2020-07-13 23:40:00,15.66
2020-07-13 23:50:00,15.65
2020-07-14 00:00:00,15.27
2020-07-14 00:10:00,14.68
2020-07-14 00:20:00,14.45
2020-07-14 00:30:00,14.29
2020-07-14 00:40:00,14.01
2020-07-14 00:50:00,13.59
2020-07-14 01:00:00,13.46
2020-07-14 01:10:00,13.33
2020-07-14 01:20:00,13.01
2020-07-14 01:30:00,12.94
2020-07-14 01:40:00,12.71
2020-07-14 01:50:00,12.55
2020-07-14 02:00:00,12.34
2020-07-14 02:10:00,12.23
2020-07-14 02:20:00,11.97
2020-07-14 02:30:00,11.68
2020-07-14 02:40:00,11.39
2020-07-14 02:50:00,11.33
2020-07-14 03:00:00,11.43
2020-07-14 03:10:00,11.24
2020-07-14 03:20:00,11.1
2020-07-14 03:30:00,10.99
2020-07-14 03:40:00,11.01
2020-07-14 03:50:00,10.78
2020-07-14 04:00:00,10.67
2020-07-14 04:10:00,10.72
2020-07-14 04:20:00,10.61
2020-07-14 04:30:00,10.32
2020-07-14 04:40:00,10.18
2020-07-14 04:50:00,10.52
2020-07-14 05:00:00,10.81
2020-07-14 05:10:00,10.87
2020-07-14 05:20:00,11.08
2020-07-14 05:30:00,11.32
2020-07-14 05:40:00,11.38
2020-07-14 05:50:00,11.63
2020-07-14 06:00:00,11.96
2020-07-14 06:10:00,12.51
2020-07-14 06:20:00,13.05
2020-07-14 06:30:00,13.73
2020-07-14 06:40:00,13.98
2020-07-14 06:50:00,14.29
2020-07-14 07:00:00,14.45
2020-07-14 07:10:00,15.05
2020-07-14 07:20:00,15.59
2020-07-14 07:30:00,16.29
2020-07-14 07:40:00,16.95
2020-07-14 07:50:00,17.65
2020-07-14 08:00:00,18.61
2020-07-14 08:10:00,19.33
2020-07-14 08:20:00,19.37
2020-07-14 08:30:00,20.22
2020-07-14 08:40:00,20.92
2020-07-14 08:50:00,21.05
2020-07-14 09:00:00,22.0
2020-07-14 09:10:00,22.96
2020-07-14 09:20:00,23.53
2020-07-14 09:30:00,23.89
2020-07-14 09:40:00,23.72
2020-07-14 09:50:00,23.76
2020-07-14 10:00:00,23.61
2020-07-14 10:10:00,23.38
2020-07-14 10:20:00,24.27
2020-07-14 10:30:00,24.59
2020-07-14 10:40:00,24.52
2020-07-14 10:50:00,24.81
2020-07-14 11:00:00,25.04
2020-07-14 11:10:00,25.3
2020-07-14 11:20:00,25.07
2020-07-14 11:30:00,25.31
2020-07-14 11:40:00,25.07
2020-07-14 11:50:00,24.84
2020-07-14 12:00:00,25.31
2020-07-14 12:10:00,25.87
2020-07-14 12:20:00,25.28
2020-07-14 12:30:00,24.39
2020-07-14 12:40:00,24.22
2020-07-14 12:50:00,24.34
2020-07-14 13:00:00,24.42
2020-07-14 13:10:00,24.41
2020-07-14 13:20:00,24.74
2020-07-14 13:30:00,24.64
2020-07-14 13:40:00,24.71
2020-07-14 13:50:00,24.58
2020-07-14 14:00:00,24.4
2020-07-14 14:10:00,24.51
2020-07-14 14:20:00,24.6
2020-07-14 14:30:00,24.83
2020-07-14 14:40:00,24.67
2020-07-14 14:50:00,24.76
2020-07-14 15:00:00,25.51
2020-07-14 15:10:00,25.7
2020-07-14 15:20:00,25.33
2020-07-14 15:30:00,25.06
2020-07-14 15:40:00,25.37
2020-07-14 15:50:00,25.5
2020-07-14 16:00:00,25.6
2020-07-14 16:10:00,25.69
2020-07-14 16:20:00,25.53
2020-07-14 16:30:00,25.0
2020-07-14 16:40:00,25.02
2020-07-14 16:50:00,25.21
2020-07-14 17:00:00,25.14
2020-07-14 17:10:00,25.07
2020-07-14 17:20:00,25.04
2020-07-14 17:30:00,24.94
2020-07-14 17:40:00,24.92
2020-07-14 17:50:00,24.73
2020-07-14 18:00:00,24.66
2020-07-14 18:10:00,24.58
2020-07-14 18:20:00,24.43
2020-07-14 18:30:00,24.26
2020-07-14 18:40:00,24.01
2020-07-14 18:50:00,24.03
2020-07-14 19:00:00,24.05
2020-07-14 19:10:00,23.99
2020-07-14 19:20:00,23.88
2020-07-14 19:30:00,23.72
2020-07-14 19:40:00,23.5
2020-07-14 19:50:00,23.24
2020-07-14 20:00:00,22.93
2020-07-14 20:10:00,22.76
2020-07-14 20:20:00,22.64
2020-07-14 20:30:00,22.48
2020-07-14 20:40:00,22.37
2020-07-14 20:50:00,22.32
2020-07-14 21:00:00,22.22
2020-07-14 21:10:00,22.0
2020-07-14 21:20:00,21.78
2020-07-14 21:30:00,21.64
2020-07-14 21:40:00,21.39
2020-07-14 21:50:00,21.21
2020-07-14 22:00:00,20.89
2020-07-14 22:10:00,20.56
2020-07-14 22:20:00,20.44
2020-07-14 22:30:00,20.34
2020-07-14 22:40:00,19.88
2020-07-14 22:50:00,19.38
2020-07-14 23:00:00,19.05
2020-07-14 23:10:00,18.77
2020-07-14 23:20:00,18.47
2020-07-14 23:30:00,18.27
2020-07-14 23:40:00,18.13
2020-07-14 23:50:00,17.95
2020-07-15 00:00:00,17.68
2020-07-15 00:10:00,17.48
2020-07-15 00:20:00,17.4
2020-07-15 00:30:00,17.33
2020-07-15 00:40:00,17.25
2020-07-15 00:50:00,17.18
2020-07-15 01:00:00,17.07
2020-07-15 01:10:00,16.95
2020-07-15 01:20:00,16.81
2020-07-15 01:30:00,16.67
2020-07-15 01:40:00,16.62
2020-07-15 01:50:00,16.51
2020-07-15 02:00:00,16.34
2020-07-15 02:10:00,16.29
2020-07-15 02:20:00,16.19
2020-07-15 02:30:00,16.12
2020-07-15 02:40:00,16.06
2020-07-15 02:50:00,16.04
2020-07-15 03:00:00,16.01
2020-07-15 03:10:00,15.94
2020-07-15 03:20:00,15.75
2020-07-15 03:30:00,15.63
2020-07-15 03:40:00,15.54
2020-07-15 03:50:00,15.54
2020-07-15 04:00:00,15.48
2020-07-15 04:10:00,15.48
2020-07-15 04:20:00,15.45
2020-07-15 04:30:00,15.39
2020-07-15 04:40:00,15.36
2020-07-15 04:50:00,15.31
2020-07-15 05:00:00,15.33
2020-07-15 05:10:00,15.21
2020-07-15 05:20:00,15.14
2020-07-15 05:30:00,15.0
2020-07-15 05:40:00,14.83
2020-07-15 05:50:00,14.63
2020-07-15 06:00:00,14.61
2020-07-15 06:10:00,14.6
2020-07-15 06:20:00,14.54
2020-07-15 06:30:00,14.47
2020-07-15 06:40:00,14.39
2020-07-15 06:50:00,14.35
2020-07-15 07:00:00,14.42
2020-07-15 07:10:00,14.5
2020-07-15 07:20:00,14.57
2020-07-15 07:30:00,14.79
2020-07-15 07:40:00,14.95
2020-07-15 07:50:00,15.15
2020-07-15 08:00:00,15.47
2020-07-15 08:10:00,15.53
2020-07-15 08:20:00,15.43
2020-07-15 08:30:00,15.69
2020-07-15 08:40:00,15.75
2020-07-15 08:50:00,15.97
2020-07-15 09:00:00,16.12
2020-07-15 09:10:00,16.2
2020-07-15 09:20:00,16.21
2020-07-15 09:30:00,16.15
2020-07-15 09:40:00,16.05
2020-07-15 09:50:00,15.89
2020-07-15 10:00:00,15.95
2020-07-15 10:10:00,15.85
2020-07-15 10:20:00,15.91
2020-07-15 10:30:00,15.81
2020-07-15 10:40:00,15.95
2020-07-15 10:50:00,15.92
2020-07-15 11:00:00,16.09
2020-07-15 11:10:00,16.42
2020-07-15 11:20:00,16.45
2020-07-15 11:30:00,16.3
2020-07-15 11:40:00,16.52
2020-07-15 11:50:00,16.76
2020-07-15 12:00:00,16.7
2020-07-15 12:10:00,16.91
2020-07-15 12:20:00,16.97
2020-07-15 12:30:00,17.07
2020-07-15 12:40:00,17.27
2020-07-15 12:50:00,17.41
2020-07-15 13:00:00,17.52
2020-07-15 13:10:00,17.69
2020-07-15 13:20:00,17.41
2020-07-15 13:30:00,16.68
2020-07-15 13:40:00,16.66
2020-07-15 13:50:00,16.89
2020-07-15 14:00:00,17.25
2020-07-15 14:10:00,17.58
2020-07-15 14:20:00,17.76
2020-07-15 14:30:00,17.59
2020-07-15 14:40:00,17.8
2020-07-15 14:50:00,18.29
2020-07-15 15:00:00,18.24
2020-07-15 15:10:00,18.1
2020-07-15 15:20:00,18.01
2020-07-15 15:30:00,17.78
2020-07-15 15:40:00,17.71
2020-07-15 15:50:00,17.82
2020-07-15 16:00:00,18.11
2020-07-15 16:10:00,17.97
2020-07-15 16:20:00,17.76
2020-07-15 16:30:00,17.29
2020-07-15 16:40:00,15.96
2020-07-15 16:50:00,15.46
2020-07-15 17:00:00,15.24
2020-07-15 17:10:00,15.24
2020-07-15 17:20:00,15.43
2020-07-15 17:30:00,15.77
2020-07-15 17:40:00,15.99
2020-07-15 17:50:00,15.9
2020-07-15 18:00:00,15.33
2020-07-15 18:10:00,15.18
2020-07-15 18:20:00,15.27
2020-07-15 18:30:00,15.38
2020-07-15 18:40:00,15.41
2020-07-15 18:50:00,15.33
2020-07-15 19:00:00,15.2
2020-07-15 19:10:00,15.13
2020-07-15 19:20:00,15.06
2020-07-15 19:30:00,14.99
2020-07-15 19:40:00,14.95
2020-07-15 19:50:00,14.87
2020-07-15 20:00:00,14.81
2020-07-15 20:10:00,14.74
2020-07-15 20:20:00,14.68
2020-07-15 20:30:00,14.75
2020-07-15 20:40:00,14.82
2020-07-15 20:50:00,14.93
2020-07-15 21:00:00,14.9
2020-07-15 21:10:00,14.91
2020-07-15 21:20:00,14.89
2020-07-15 21:30:00,14.75
2020-07-15 21:40:00,14.55
2020-07-15 21:50:00,14.35
2020-07-15 22:00:00,14.2
2020-07-15 22:10:00,14.16
2020-07-15 22:20:00,14.19
2020-07-15 22:30:00,14.19
2020-07-15 22:40:00,14.14
2020-07-15 22:50:00,14.12
2020-07-15 23:00:00,14.1
2020-07-15 23:10:00,14.2
2020-07-15 23:20:00,14.19
2020-07-15 23:30:00,14.0
2020-07-15 23:40:00,13.62
2020-07-15 23:50:00,13.31
2020-07-16 00:00:00,13.16
2020-07-16 00:10:00,13.11
2020-07-16 00:20:00,12.88
2020-07-16 00:30:00,12.38
2020-07-16 00:40:00,12.18
2020-07-16 00:50:00,12.5
2020-07-16 01:00:00,12.67
2020-07-16 01:10:00,12.55
2020-07-16 01:20:00,12.53
2020-07-16 01:30:00,12.46
2020-07-16 01:40:00,12.26
2020-07-16 01:50:00,12.25
2020-07-16 02:00:00,12.25
2020-07-16 02:10:00,12.14
2020-07-16 02:20:00,12.15
2020-07-16 02:30:00,12.19
2020-07-16 02:40:00,12.19
2020-07-16 02:50:00,12.12
2020-07-16 03:00:00,12.08
2020-07-16 03:10:00,12.06
2020-07-16 03:20:00,12.05
2020-07-16 03:30:00,11.96
2020-07-16 03:40:00,11.96
2020-07-16 03:50:00,11.97
2020-07-16 04:00:00,12.01
2020-07-16 04:10:00,12.07
2020-07-16 04:20:00,12.26
2020-07-16 04:30:00,12.42
2020-07-16 04:40:00,12.44
2020-07-16 04:50:00,12.28
2020-07-16 05:00:00,12.16
2020-07-16 05:10:00,12.28
2020-07-16 05:20:00,12.43
2020-07-16 05:30:00,12.6
2020-07-16 05:40:00,12.7
2020-07-16 05:50:00,12.9
2020-07-16 06:00:00,12.95
2020-07-16 06:10:00,12.68
2020-07-16 06:20:00,12.67
2020-07-16 06:30:00,12.67
2020-07-16 06:40:00,13.12
2020-07-16 06:50:00,13.41
2020-07-16 07:00:00,13.67
2020-07-16 07:10:00,13.92
2020-07-16 07:20:00,13.97
2020-07-16 07:30:00,14.27
2020-07-16 07:40:00,14.52
2020-07-16 07:50:00,14.71
2020-07-16 08:00:00,15.07
2020-07-16 08:10:00,15.52
2020-07-16 08:20:00,15.68
2020-07-16 08:30:00,15.67
2020-07-16 08:40:00,16.22
2020-07-16 08:50:00,16.69
2020-07-16 09:00:00,16.84
2020-07-16 09:10:00,16.6
2020-07-16 09:20:00,16.7
2020-07-16 09:30:00,17.61
2020-07-16 09:40:00,17.4
2020-07-16 09:50:00,17.46
2020-07-16 10:00:00,17.64
2020-07-16 10:10:00,18.32
2020-07-16 10:20:00,18.51
2020-07-16 10:30:00,18.52
2020-07-16 10:40:00,18.71
2020-07-16 10:50:00,18.95
2020-07-16 11:00:00,18.95
2020-07-16 11:10:00,19.11
2020-07-16 11:20:00,19.19
2020-07-16 11:30:00,19.12
2020-07-16 11:40:00,19.08
2020-07-16 11:50:00,19.01
2020-07-16 12:00:00,18.49
2020-07-16 12:10:00,18.26
2020-07-16 12:20:00,17.98
2020-07-16 12:30:00,17.69
2020-07-16 12:40:00,17.91
2020-07-16 12:50:00,18.08
2020-07-16 13:00:00,18.25
2020-07-16 13:10:00,18.11
2020-07-16 13:20:00,18.2
2020-07-16 13:30:00,18.05
2020-07-16 13:40:00,18.05
2020-07-16 13:50:00,18.07
2020-07-16 14:00:00,18.19
2020-07-16 14:10:00,18.23
2020-07-16 14:20:00,18.17
2020-07-16 14:30:00,18.06
2020-07-16 14:40:00,18.18
2020-07-16 14:50:00,18.26
2020-07-16 15:00:00,18.42
2020-07-16 15:10:00,18.23
2020-07-16 15:20:00,18.3
2020-07-16 15:30:00,18.28
2020-07-16 15:40:00,18.23
2020-07-16 15:50:00,18.48
2020-07-16 16:00:00,18.31
2020-07-16 16:10:00,17.94
2020-07-16 16:20:00,17.48
2020-07-16 16:30:00,17.05
2020-07-16 16:40:00,17.1
2020-07-16 16:50:00,17.26
2020-07-16 17:00:00,17.34
2020-07-16 17:10:00,17.47
2020-07-16 17:20:00,17.62
2020-07-16 17:30:00,17.72
2020-07-16 17:40:00,17.7
2020-07-16 17:50:00,17.74
2020-07-16 18:00:00,17.72
2020-07-16 18:10:00,17.5
2020-07-16 18:20:00,17.31
2020-07-16 18:30:00,17.03
2020-07-16 18:40:00,16.77
2020-07-16 18:50:00,16.64
2020-07-16 19:00:00,16.62
2020-07-16 19:10:00,16.64
2020-07-16 19:20:00,16.64
2020-07-16 19:30:00,16.65
2020-07-16 19:40:00,16.54
2020-07-16 19:50:00,16.38
2020-07-16 20:00:00,16.19
2020-07-16 20:10:00,15.71
2020-07-16 20:20:00,15.55
2020-07-16 20:30:00,15.6
2020-07-16 20:40:00,15.54
2020-07-16 20:50:00,15.41
2020-07-16 21:00:00,15.35
2020-07-16 21:10:00,15.32
2020-07-16 21:20:00,15.23
2020-07-16 21:30:00,15.07
2020-07-16 21:40:00,15.09
2020-07-16 21:50:00,15.07
2020-07-16 22:00:00,14.83
2020-07-16 22:10:00,14.87
2020-07-16 22:20:00,14.82
2020-07-16 22:30:00,14.54
2020-07-16 22:40:00,14.48
2020-07-16 22:50:00,14.4
2020-07-16 23:00:00,14.38
2020-07-16 23:10:00,14.38
2020-07-16 23:20:00,14.31
2020-07-16 23:30:00,14.2
2020-07-16 23:40:00,14.09
2020-07-16 23:50:00,14.18
2020-07-17 00:00:00,14.04
2020-07-17 00:10:00,13.88
2020-07-17 00:20:00,13.83
2020-07-17 00:30:00,13.79
2020-07-17 00:40:00,13.74
2020-07-17 00:50:00,13.73
2020-07-17 01:00:00,13.39
2020-07-17 01:10:00,13.08
2020-07-17 01:20:00,13.12
2020-07-17 01:30:00,12.98
2020-07-17 01:40:00,12.69
2020-07-17 01:50:00,12.69
2020-07-17 02:00:00,12.72
2020-07-17 02:10:00,12.75
2020-07-17 02:20:00,12.63
2020-07-17 02:30:00,12.43
2020-07-17 02:40:00,12.44
2020-07-17 02:50:00,12.55
2020-07-17 03:00:00,12.54
2020-07-17 03:10:00,12.51
2020-07-17 03:20:00,12.59
2020-07-17 03:30:00,12.23
2020-07-17 03:40:00,11.93
2020-07-17 03:50:00,11.78
2020-07-17 04:00:00,11.6
2020-07-17 04:10:00,11.51
2020-07-17 04:20:00,11.11
2020-07-17 04:30:00,10.69
2020-07-17 04:40:00,10.49
2020-07-17 04:50:00,10.48
2020-07-17 05:00:00,10.56
2020-07-17 05:10:00,10.53
2020-07-17 05:20:00,10.69
2020-07-17 05:30:00,11.01
2020-07-17 05:40:00,10.69
2020-07-17 05:50:00,10.63
2020-07-17 06:00:00,10.55
2020-07-17 06:10:00,10.59
2020-07-17 06:20:00,10.77
2020-07-17 06:30:00,10.92
2020-07-17 06:40:00,11.12
2020-07-17 06:50:00,11.27
2020-07-17 07:00:00,11.52
2020-07-17 07:10:00,11.58
2020-07-17 07:20:00,11.7
2020-07-17 07:30:00,12.59
2020-07-17 07:40:00,13.72
2020-07-17 07:50:00,14.56
2020-07-17 08:00:00,15.15
2020-07-17 08:10:00,15.91
2020-07-17 08:20:00,16.44
2020-07-17 08:30:00,16.86
2020-07-17 08:40:00,17.2
2020-07-17 08:50:00,17.71
2020-07-17 09:00:00,18.08
2020-07-17 09:10:00,17.88
2020-07-17 09:20:00,17.92
2020-07-17 09:30:00,17.79
2020-07-17 09:40:00,17.95
2020-07-17 09:50:00,17.66
2020-07-17 10:00:00,17.87
2020-07-17 10:10:00,18.34
2020-07-17 10:20:00,18.19
2020-07-17 10:30:00,18.85
2020-07-17 10:40:00,19.35
2020-07-17 10:50:00,19.13
2020-07-17 11:00:00,18.92
2020-07-17 11:10:00,18.96
2020-07-17 11:20:00,19.31
2020-07-17 11:30:00,19.07
2020-07-17 11:40:00,19.14
2020-07-17 11:50:00,19.07
2020-07-17 12:00:00,19.31
2020-07-17 12:10:00,19.54
2020-07-17 12:20:00,19.42
2020-07-17 12:30:00,19.28
2020-07-17 12:40:00,19.36
2020-07-17 12:50:00,19.62
2020-07-17 13:00:00,19.7
2020-07-17 13:10:00,19.49
2020-07-17 13:20:00,19.62
2020-07-17 13:30:00,19.69
2020-07-17 13:40:00,19.66
2020-07-17 13:50:00,19.94
2020-07-17 14:00:00,20.4
2020-07-17 14:10:00,20.27
2020-07-17 14:20:00,20.24
2020-07-17 14:30:00,20.55
2020-07-17 14:40:00,21.06
2020-07-17 14:50:00,21.4
2020-07-17 15:00:00,21.37
2020-07-17 15:10:00,21.45
2020-07-17 15:20:00,21.37
2020-07-17 15:30:00,21.71
2020-07-17 15:40:00,21.14
2020-07-17 15:50:00,20.9
2020-07-17 16:00:00,21.06
2020-07-17 16:10:00,21.11
2020-07-17 16:20:00,20.92
2020-07-17 16:30:00,21.09
2020-07-17 16:40:00,21.18
2020-07-17 16:50:00,21.37
2020-07-17 17:00:00,21.4
2020-07-17 17:10:00,21.42
2020-07-17 17:20:00,21.07
2020-07-17 17:30:00,21.0
2020-07-17 17:40:00,21.08
2020-07-17 17:50:00,20.91
2020-07-17 18:00:00,20.72
2020-07-17 18:10:00,20.59
2020-07-17 18:20:00,20.54
2020-07-17 18:30:00,20.44
2020-07-17 18:40:00,20.28
2020-07-17 18:50:00,20.14
2020-07-17 19:00:00,19.99
2020-07-17 19:10:00,19.83
2020-07-17 19:20:00,19.73
2020-07-17 19:30:00,19.56
2020-07-17 19:40:00,19.36
2020-07-17 19:50:00,19.27
2020-07-17 20:00:00,19.19
2020-07-17 20:10:00,19.16
2020-07-17 20:20:00,19.06
2020-07-17 20:30:00,19.02
2020-07-17 20:40:00,18.86
2020-07-17 20:50:00,18.71
2020-07-17 21:00:00,18.65
2020-07-17 21:10:00,18.5
2020-07-17 21:20:00,18.36
2020-07-17 21:30:00,18.27
2020-07-17 21:40:00,18.14
2020-07-17 21:50:00,18.13
2020-07-17 22:00:00,18.11
2020-07-17 22:10:00,17.92
2020-07-17 22:20:00,17.69
2020-07-17 22:30:00,17.64
2020-07-17 22:40:00,17.55
2020-07-17 22:50:00,17.36
2020-07-17 23:00:00,17.36
2020-07-17 23:10:00,17.2
2020-07-17 23:20:00,17.04
2020-07-17 23:30:00,16.78
2020-07-17 23:40:00,16.76
2020-07-17 23:50:00,16.61
2020-07-18 00:00:00,16.53
2020-07-18 00:10:00,16.55
2020-07-18 00:20:00,16.46
2020-07-18 00:30:00,16.21
2020-07-18 00:40:00,16.22
2020-07-18 00:50:00,16.27
2020-07-18 01:00:00,16.07
2020-07-18 01:10:00,15.89
2020-07-18 01:20:00,15.88
2020-07-18 01:30:00,15.97
2020-07-18 01:40:00,16.0
2020-07-18 01:50:00,15.98
2020-07-18 02:00:00,15.89
2020-07-18 02:10:00,15.8
2020-07-18 02:20:00,15.69
2020-07-18 02:30:00,15.59
2020-07-18 02:40:00,15.53
2020-07-18 02:50:00,15.52
2020-07-18 03:00:00,15.34
2020-07-18 03:10:00,15.17
2020-07-18 03:20:00,14.93
2020-07-18 03:30:00,14.77
2020-07-18 03:40:00,14.73
2020-07-18 03:50:00,14.86
2020-07-18 04:00:00,14.72
2020-07-18 04:10:00,14.23
2020-07-18 04:20:00,14.05
2020-07-18 04:30:00,14.0
2020-07-18 04:40:00,14.12
2020-07-18 04:50:00,14.09
2020-07-18 05:00:00,14.03
2020-07-18 05:10:00,14.31
2020-07-18 05:20:00,14.49
2020-07-18 05:30:00,14.81
2020-07-18 05:40:00,14.58
2020-07-18 05:50:00,14.46
2020-07-18 06:00:00,14.55
2020-07-18 06:10:00,15.23
2020-07-18 06:20:00,15.98
2020-07-18 06:30:00,16.61
2020-07-18 06:40:00,17.1
2020-07-18 06:50:00,17.23
2020-07-18 07:00:00,17.69
2020-07-18 07:10:00,18.05
2020-07-18 07:20:00,18.34
2020-07-18 07:30:00,19.0
2020-07-18 07:40:00,19.32
2020-07-18 07:50:00,19.61
2020-07-18 08:00:00,19.98
2020-07-18 08:10:00,20.04
2020-07-18 08:20:00,19.68
2020-07-18 08:30:00,19.6
2020-07-18 08:40:00,19.95
2020-07-18 08:50:00,19.97
2020-07-18 09:00:00,20.26
2020-07-18 09:10:00,20.43
2020-07-18 09:20:00,20.84
2020-07-18 09:30:00,21.17
2020-07-18 09:40:00,21.0
2020-07-18 09:50:00,21.16
2020-07-18 10:00:00,21.45
2020-07-18 10:10:00,21.3
2020-07-18 10:20:00,21.07
2020-07-18 10:30:00,21.05
2020-07-18 10:40:00,21.11
2020-07-18 10:50:00,21.6
2020-07-18 11:00:00,21.78
2020-07-18 11:10:00,21.91
2020-07-18 11:20:00,21.91
2020-07-18 11:30:00,22.21
2020-07-18 11:40:00,22.0
2020-07-18 11:50:00,22.23
2020-07-18 12:00:00,22.1
2020-07-18 12:10:00,22.02
2020-07-18 12:20:00,22.31
2020-07-18 12:30:00,23.11
2020-07-18 12:40:00,23.1
2020-07-18 12:50:00,22.85
2020-07-18 13:00:00,22.96
2020-07-18 13:10:00,23.01
2020-07-18 13:20:00,22.97
2020-07-18 13:30:00,23.36
2020-07-18 13:40:00,23.46
2020-07-18 13:50:00,23.57
2020-07-18 14:00:00,23.58
2020-07-18 14:10:00,24.27
2020-07-18 14:20:00,23.97
2020-07-18 14:30:00,24.23
2020-07-18 14:40:00,24.8
2020-07-18 14:50:00,24.43
2020-07-18 15:00:00,24.56
2020-07-18 15:10:00,24.61
2020-07-18 15:20:00,24.96
2020-07-18 15:30:00,25.4
2020-07-18 15:40:00,24.97
2020-07-18 15:50:00,25.02
2020-07-18 16:00:00,24.98
2020-07-18 16:10:00,25.14
2020-07-18 16:20:00,25.12
2020-07-18 16:30:00,25.04
2020-07-18 16:40:00,25.32
2020-07-18 16:50:00,25.57
2020-07-18 17:00:00,25.51
2020-07-18 17:10:00,25.28
2020-07-18 17:20:00,25.44
2020-07-18 17:30:00,25.58
2020-07-18 17:40:00,25.72
2020-07-18 17:50:00,25.97
2020-07-18 18:00:00,26.29
2020-07-18 18:10:00,26.0
2020-07-18 18:20:00,25.69
2020-07-18 18:30:00,25.67
2020-07-18 18:40:00,25.45
2020-07-18 18:50:00,24.8
2020-07-18 19:00:00,24.25
2020-07-18 19:10:00,24.03
2020-07-18 19:20:00,23.85
2020-07-18 19:30:00,23.72
2020-07-18 19:40:00,23.58
2020-07-18 19:50:00,23.46
2020-07-18 20:00:00,23.3
2020-07-18 20:10:00,23.12
2020-07-18 20:20:00,22.83
2020-07-18 20:30:00,22.23
2020-07-18 20:40:00,22.04
2020-07-18 20:50:00,21.43
2020-07-18 21:00:00,21.09
2020-07-18 21:10:00,20.63
2020-07-18 21:20:00,20.54
2020-07-18 21:30:00,19.88
2020-07-18 21:40:00,19.29
2020-07-18 21:50:00,19.11
2020-07-18 22:00:00,18.88
2020-07-18 22:10:00,18.67
2020-07-18 22:20:00,18.48
2020-07-18 22:30:00,18.05
2020-07-18 22:40:00,18.16
2020-07-18 22:50:00,18.33
2020-07-18 23:00:00,18.23
2020-07-18 23:10:00,17.74
2020-07-18 23:20:00,17.34
2020-07-18 23:30:00,17.15
2020-07-18 23:40:00,16.94
2020-07-18 23:50:00,16.67
2020-07-19 00:00:00,16.24
2020-07-19 00:10:00,16.0
2020-07-19 00:20:00,15.92
2020-07-19 00:30:00,15.98
2020-07-19 00:40:00,16.02
2020-07-19 00:50:00,15.73
2020-07-19 01:00:00,15.19
2020-07-19 01:10:00,14.77
2020-07-19 01:20:00,14.75
2020-07-19 01:30:00,14.88
2020-07-19 01:40:00,14.77
2020-07-19 01:50:00,14.25
2020-07-19 02:00:00,14.15
2020-07-19 02:10:00,14.14
2020-07-19 02:20:00,14.01
2020-07-19 02:30:00,13.76
2020-07-19 02:40:00,13.59
2020-07-19 02:50:00,13.48
2020-07-19 03:00:00,13.43
2020-07-19 03:10:00,13.4
2020-07-19 03:20:00,13.43
2020-07-19 03:30:00,13.28
2020-07-19 03:40:00,13.33
2020-07-19 03:50:00,13.46
2020-07-19 04:00:00,13.51
2020-07-19 04:10:00,13.61
2020-07-19 04:20:00,13.27
2020-07-19 04:30:00,12.91
2020-07-19 04:40:00,12.85
2020-07-19 04:50:00,12.72
2020-07-19 05:00:00,12.62
2020-07-19 05:10:00,12.87
2020-07-19 05:20:00,13.13
2020-07-19 05:30:00,13.36
2020-07-19 05:40:00,13.58
2020-07-19 05:50:00,13.83
2020-07-19 06:00:00,14.15
2020-07-19 06:10:00,14.64
2020-07-19 06:20:00,15.23
2020-07-19 06:30:00,15.53
2020-07-19 06:40:00,16.3
2020-07-19 06:50:00,16.45
2020-07-19 07:00:00,16.67
2020-07-19 07:10:00,17.0
2020-07-19 07:20:00,17.16
2020-07-19 07:30:00,17.45
2020-07-19 07:40:00,18.03
2020-07-19 07:50:00,18.85
2020-07-19 08:00:00,19.28
2020-07-19 08:10:00,20.01
2020-07-19 08:20:00,20.54
2020-07-19 08:30:00,20.76
2020-07-19 08:40:00,20.84
2020-07-19 08:50:00,20.89
2020-07-19 09:00:00,21.67
2020-07-19 09:10:00,22.32
2020-07-19 09:20:00,22.64
2020-07-19 09:30:00,23.39
2020-07-19 09:40:00,23.57
2020-07-19 09:50:00,24.19
2020-07-19 10:00:00,24.68
2020-07-19 10:10:00,25.1
2020-07-19 10:20:00,25.35
2020-07-19 10:30:00,25.01
2020-07-19 10:40:00,25.08
2020-07-19 10:50:00,25.36
2020-07-19 11:00:00,25.47
2020-07-19 11:10:00,25.74
2020-07-19 11:20:00,25.94
2020-07-19 11:30:00,26.12
2020-07-19 11:40:00,26.34
2020-07-19 11:50:00,25.72
2020-07-19 12:00:00,25.68
2020-07-19 12:10:00,26.33
2020-07-19 12:20:00,27.0
2020-07-19 12:30:00,26.64
2020-07-19 12:40:00,26.75
2020-07-19 12:50:00,26.51
2020-07-19 13:00:00,26.7
2020-07-19 13:10:00,26.72
2020-07-19 13:20:00,26.81
2020-07-19 13:30:00,26.77
2020-07-19 13:40:00,26.76
2020-07-19 13:50:00,26.94
2020-07-19 14:00:00,27.07
2020-07-19 14:10:00,27.27
2020-07-19 14:20:00,27.14
2020-07-19 14:30:00,27.45
2020-07-19 14:40:00,27.57
2020-07-19 14:50:00,27.4
2020-07-19 15:00:00,27.46
2020-07-19 15:10:00,27.53
2020-07-19 15:20:00,27.79
2020-07-19 15:30:00,27.97
2020-07-19 15:40:00,27.76
2020-07-19 15:50:00,27.64
2020-07-19 16:00:00,27.63
2020-07-19 16:10:00,28.17
2020-07-19 16:20:00,28.62
2020-07-19 16:30:00,27.8
2020-07-19 16:40:00,27.32
2020-07-19 16:50:00,27.58
2020-07-19 17:00:00,27.91
2020-07-19 17:10:00,28.46
2020-07-19 17:20:00,28.61
2020-07-19 17:30:00,28.34
2020-07-19 17:40:00,28.37
2020-07-19 17:50:00,27.84
2020-07-19 18:00:00,27.23
2020-07-19 18:10:00,27.03
2020-07-19 18:20:00,27.31
2020-07-19 18:30:00,27.13
2020-07-19 18:40:00,26.7
2020-07-19 18:50:00,26.37
2020-07-19 19:00:00,26.12
2020-07-19 19:10:00,25.92
2020-07-19 19:20:00,25.73
2020-07-19 19:30:00,25.62
2020-07-19 19:40:00,25.58
2020-07-19 19:50:00,25.56
2020-07-19 20:00:00,25.53
2020-07-19 20:10:00,25.46
2020-07-19 20:20:00,25.31
2020-07-19 20:30:00,25.13
2020-07-19 20:40:00,24.94
2020-07-19 20:50:00,24.8
2020-07-19 21:00:00,24.8
2020-07-19 21:10:00,24.78
2020-07-19 21:20:00,24.77
2020-07-19 21:30:00,24.75
2020-07-19 21:40:00,24.6
2020-07-19 21:50:00,24.28
2020-07-19 22:00:00,23.29
2020-07-19 22:10:00,22.55
2020-07-19 22:20:00,22.26
2020-07-19 22:30:00,22.1
2020-07-19 22:40:00,21.99
2020-07-19 22:50:00,22.07
2020-07-19 23:00:00,21.87
2020-07-19 23:10:00,21.76
2020-07-19 23:20:00,21.37
2020-07-19 23:30:00,21.1
2020-07-19 23:40:00,20.64
2020-07-19 23:50:00,20.49
2020-07-20 00:00:00,20.21
2020-07-20 00:10:00,20.07
2020-07-20 00:20:00,20.02
2020-07-20 00:30:00,19.85
2020-07-20 00:40:00,19.61
2020-07-20 00:50:00,19.35
2020-07-20 01:00:00,19.0
2020-07-20 01:10:00,18.89
2020-07-20 01:20:00,18.92
2020-07-20 01:30:00,18.63
2020-07-20 01:40:00,18.02
2020-07-20 01:50:00,18.23
2020-07-20 02:00:00,18.44
2020-07-20 02:10:00,18.4
2020-07-20 02:20:00,18.37
2020-07-20 02:30:00,18.35
2020-07-20 02:40:00,18.28
2020-07-20 02:50:00,17.95
2020-07-20 03:00:00,17.23
2020-07-20 03:10:00,16.67
2020-07-20 03:20:00,16.54
2020-07-20 03:30:00,16.33
2020-07-20 03:40:00,16.14
2020-07-20 03:50:00,15.98
2020-07-20 04:00:00,15.65
2020-07-20 04:10:00,15.44
2020-07-20 04:20:00,15.44
2020-07-20 04:30:00,15.37
2020-07-20 04:40:00,15.34
2020-07-20 04:50:00,15.43
2020-07-20 05:00:00,15.29
2020-07-20 05:10:00,15.17
2020-07-20 05:20:00,15.21
2020-07-20 05:30:00,15.23
2020-07-20 05:40:00,15.56
2020-07-20 05:50:00,16.06
2020-07-20 06:00:00,15.88
2020-07-20 06:10:00,15.72
2020-07-20 06:20:00,15.61
2020-07-20 06:30:00,15.86
2020-07-20 06:40:00,16.46
2020-07-20 06:50:00,16.6
2020-07-20 07:00:00,17.19
2020-07-20 07:10:00,17.86
2020-07-20 07:20:00,18.24
2020-07-20 07:30:00,18.35
2020-07-20 07:40:00,18.77
2020-07-20 07:50:00,18.99
2020-07-20 08:00:00,19.13
2020-07-20 08:10:00,20.38
2020-07-20 08:20:00,21.74
2020-07-20 08:30:00,22.28
2020-07-20 08:40:00,22.0
2020-07-20 08:50:00,21.6
2020-07-20 09:00:00,21.35
2020-07-20 09:10:00,21.29
2020-07-20 09:20:00,21.64
2020-07-20 09:30:00,22.04
2020-07-20 09:40:00,22.66
2020-07-20 09:50:00,22.72
2020-07-20 10:00:00,22.77
2020-07-20 10:10:00,22.98
2020-07-20 10:20:00,23.16
2020-07-20 10:30:00,23.43
2020-07-20 10:40:00,23.45
2020-07-20 10:50:00,24.03
2020-07-20 11:00:00,24.3
2020-07-20 11:10:00,24.65
2020-07-20 11:20:00,24.5
2020-07-20 11:30:00,24.67
2020-07-20 11:40:00,24.54
2020-07-20 11:50:00,24.74
2020-07-20 12:00:00,24.78
2020-07-20 12:10:00,24.87
2020-07-20 12:20:00,24.73
2020-07-20 12:30:00,23.9
2020-07-20 12:40:00,23.49
2020-07-20 12:50:00,23.29
2020-07-20 13:00:00,23.22
2020-07-20 13:10:00,22.89
2020-07-20 13:20:00,22.57
2020-07-20 13:30:00,22.55
2020-07-20 13:40:00,22.39
2020-07-20 13:50:00,21.97
2020-07-20 14:00:00,20.87
2020-07-20 14:10:00,20.31
2020-07-20 14:20:00,20.05
2020-07-20 14:30:00,19.92
2020-07-20 14:40:00,19.88
2020-07-20 14:50:00,20.04
2020-07-20 15:00:00,20.32
2020-07-20 15:10:00,20.82
2020-07-20 15:20:00,21.73
2020-07-20 15:30:00,22.74
2020-07-20 15:40:00,22.73
2020-07-20 15:50:00,22.87
2020-07-20 16:00:00,23.02
2020-07-20 16:10:00,23.19
2020-07-20 16:20:00,23.36
2020-07-20 16:30:00,22.61
2020-07-20 16:40:00,22.17
2020-07-20 16:50:00,22.15
2020-07-20 17:00:00,22.0
2020-07-20 17:10:00,21.96
2020-07-20 17:20:00,22.25
2020-07-20 17:30:00,22.19
2020-07-20 17:40:00,21.75
2020-07-20 17:50:00,21.62
2020-07-20 18:00:00,21.57
2020-07-20 18:10:00,21.47
2020-07-20 18:20:00,21.07
2020-07-20 18:30:00,20.74
2020-07-20 18:40:00,20.45
2020-07-20 18:50:00,20.26
2020-07-20 19:00:00,20.06
2020-07-20 19:10:00,19.91
2020-07-20 19:20:00,19.83
2020-07-20 19:30:00,19.76
2020-07-20 19:40:00,19.71
2020-07-20 19:50:00,19.57
2020-07-20 20:00:00,19.43
2020-07-20 20:10:00,19.28
2020-07-20 20:20:00,19.12
2020-07-20 20:30:00,18.96
2020-07-20 20:40:00,18.81
2020-07-20 20:50:00,18.65
2020-07-20 21:00:00,18.5
2020-07-20 21:10:00,18.42
2020-07-20 21:20:00,18.27
2020-07-20 21:30:00,18.06
2020-07-20 21:40:00,17.91
2020-07-20 21:50:00,17.81
2020-07-20 22:00:00,17.82
2020-07-20 22:10:00,17.81
2020-07-20 22:20:00,17.79
2020-07-20 22:30:00,17.6
2020-07-20 22:40:00,17.2
2020-07-20 22:50:00,17.23
2020-07-20 23:00:00,17.03
2020-07-20 23:10:00,16.84
2020-07-20 23:20:00,16.93
2020-07-20 23:30:00,16.83
2020-07-20 23:40:00,16.45
2020-07-20 23:50:00,16.24
2020-07-21 00:00:00,16.06
2020-07-21 00:10:00,15.86
2020-07-21 00:20:00,15.69
2020-07-21 00:30:00,15.61
2020-07-21 00:40:00,15.54
2020-07-21 00:50:00,15.47
2020-07-21 01:00:00,15.27
2020-07-21 01:10:00,15.21
2020-07-21 01:20:00,15.05
2020-07-21 01:30:00,14.77
2020-07-21 01:40:00,14.43
2020-07-21 01:50:00,14.21
2020-07-21 02:00:00,14.16
2020-07-21 02:10:00,13.99
2020-07-21 02:20:00,13.85
2020-07-21 02:30:00,13.82
2020-07-21 02:40:00,13.8
2020-07-21 02:50:00,13.81
2020-07-21 03:00:00,13.77
2020-07-21 03:10:00,13.73
2020-07-21 03:20:00,13.94
2020-07-21 03:30:00,14.25
2020-07-21 03:40:00,14.42
2020-07-21 03:50:00,14.46
2020-07-21 04:00:00,14.42
2020-07-21 04:10:00,14.39
2020-07-21 04:20:00,14.33
2020-07-21 04:30:00,14.25
2020-07-21 04:40:00,14.23
2020-07-21 04:50:00,14.12
2020-07-21 05:00:00,14.11
2020-07-21 05:10:00,14.15
2020-07-21 05:20:00,14.15
2020-07-21 05:30:00,14.14
2020-07-21 05:40:00,14.13
2020-07-21 05:50:00,14.17
2020-07-21 06:00:00,14.23
2020-07-21 06:10:00,14.19
2020-07-21 06:20:00,14.28
2020-07-21 06:30:00,14.51
2020-07-21 06:40:00,14.41
2020-07-21 06:50:00,14.48
2020-07-21 07:00:00,14.46
2020-07-21 07:10:00,14.61
2020-07-21 07:20:00,14.67
2020-07-21 07:30:00,14.81
2020-07-21 07:40:00,15.04
2020-07-21 07:50:00,15.32
2020-07-21 08:00:00,15.48
2020-07-21 08:10:00,15.68
2020-07-21 08:20:00,15.66
2020-07-21 08:30:00,15.79
2020-07-21 08:40:00,16.23
2020-07-21 08:50:00,16.63
2020-07-21 09:00:00,16.74
2020-07-21 09:10:00,16.75
2020-07-21 09:20:00,16.98
2020-07-21 09:30:00,17.62
2020-07-21 09:40:00,17.79
2020-07-21 09:50:00,17.94
2020-07-21 10:00:00,17.89
2020-07-21 10:10:00,18.45
2020-07-21 10:20:00,18.75
2020-07-21 10:30:00,18.78
2020-07-21 10:40:00,19.07
2020-07-21 10:50:00,19.14
2020-07-21 11:00:00,19.4
2020-07-21 11:10:00,19.7
2020-07-21 11:20:00,20.21
2020-07-21 11:30:00,20.36
2020-07-21 11:40:00,20.58
2020-07-21 11:50:00,20.6
2020-07-21 12:00:00,20.75
2020-07-21 12:10:00,20.95
2020-07-21 12:20:00,20.3
2020-07-21 12:30:00,20.66
2020-07-21 12:40:00,21.65
2020-07-21 12:50:00,21.72
2020-07-21 13:00:00,21.3
2020-07-21 13:10:00,20.93
2020-07-21 13:20:00,20.94
2020-07-21 13:30:00,21.63
2020-07-21 13:40:00,21.84
2020-07-21 13:50:00,22.19
2020-07-21 14:00:00,21.69
2020-07-21 14:10:00,21.78
2020-07-21 14:20:00,21.75
2020-07-21 14:30:00,22.36
2020-07-21 14:40:00,22.56
2020-07-21 14:50:00,22.49
2020-07-21 15:00:00,22.9
2020-07-21 15:10:00,23.19
2020-07-21 15:20:00,23.29
2020-07-21 15:30:00,23.1
2020-07-21 15:40:00,23.01
2020-07-21 15:50:00,23.2
2020-07-21 16:00:00,23.27
2020-07-21 16:10:00,23.51
2020-07-21 16:20:00,23.76
2020-07-21 16:30:00,23.42
2020-07-21 16:40:00,23.71
2020-07-21 16:50:00,23.89
2020-07-21 17:00:00,24.02
2020-07-21 17:10:00,23.58
2020-07-21 17:20:00,23.39
2020-07-21 17:30:00,23.48
2020-07-21 17:40:00,23.65
2020-07-21 17:50:00,23.36
2020-07-21 18:00:00,23.26
2020-07-21 18:10:00,23.01
2020-07-21 18:20:00,22.87
2020-07-21 18:30:00,22.7
2020-07-21 18:40:00,22.61
2020-07-21 18:50:00,22.26
2020-07-21 19:00:00,21.48
2020-07-21 19:10:00,20.98
2020-07-21 19:20:00,20.65
2020-07-21 19:30:00,20.37
2020-07-21 19:40:00,20.12
2020-07-21 19:50:00,19.84
2020-07-21 20:00:00,19.58
2020-07-21 20:10:00,19.27
2020-07-21 20:20:00,18.92
2020-07-21 20:30:00,18.62
2020-07-21 20:40:00,18.3
2020-07-21 20:50:00,18.12
2020-07-21 21:00:00,17.91
2020-07-21 21:10:00,17.66
2020-07-21 21:20:00,17.58
2020-07-21 21:30:00,17.49
2020-07-21 21:40:00,17.27
2020-07-21 21:50:00,17.06
2020-07-21 22:00:00,16.68
2020-07-21 22:10:00,16.32
2020-07-21 22:20:00,16.32
2020-07-21 22:30:00,16.42
2020-07-21 22:40:00,16.34
2020-07-21 22:50:00,16.4
2020-07-21 23:00:00,15.97
2020-07-21 23:10:00,15.62
2020-07-21 23:20:00,16.1
2020-07-21 23:30:00,16.35
2020-07-21 23:40:00,16.23
2020-07-21 23:50:00,15.24
2020-07-22 00:00:00,14.09
2020-07-22 00:10:00,13.83
2020-07-22 00:20:00,13.77
2020-07-22 00:30:00,13.67
2020-07-22 00:40:00,13.55
2020-07-22 00:50:00,13.84
2020-07-22 01:00:00,13.2
2020-07-22 01:10:00,13.08
2020-07-22 01:20:00,12.94
2020-07-22 01:30:00,13.55
2020-07-22 01:40:00,13.46
2020-07-22 01:50:00,12.5
2020-07-22 02:00:00,11.71
2020-07-22 02:10:00,11.48
2020-07-22 02:20:00,11.31
2020-07-22 02:30:00,11.66
2020-07-22 02:40:00,11.36
2020-07-22 02:50:00,11.3
2020-07-22 03:00:00,11.26
2020-07-22 03:10:00,11.22
2020-07-22 03:20:00,11.06
2020-07-22 03:30:00,10.84
2020-07-22 03:40:00,10.43
2020-07-22 03:50:00,10.28
2020-07-22 04:00:00,10.21
2020-07-22 04:10:00,10.33
2020-07-22 04:20:00,10.37
2020-07-22 04:30:00,10.22
2020-07-22 04:40:00,9.96
2020-07-22 04:50:00,9.49
2020-07-22 05:00:00,9.75
2020-07-22 05:10:00,10.22
2020-07-22 05:20:00,10.62
2020-07-22 05:30:00,11.27
2020-07-22 05:40:00,11.32
2020-07-22 05:50:00,11.32
2020-07-22 06:00:00,11.9
2020-07-22 06:10:00,12.1
2020-07-22 06:20:00,12.24
2020-07-22 06:30:00,12.44
2020-07-22 06:40:00,13.26
2020-07-22 06:50:00,13.95
2020-07-22 07:00:00,13.86
2020-07-22 07:10:00,13.87
2020-07-22 07:20:00,14.37
2020-07-22 07:30:00,15.04
2020-07-22 07:40:00,15.25
2020-07-22 07:50:00,15.92
2020-07-22 08:00:00,16.18
2020-07-22 08:10:00,16.3
2020-07-22 08:20:00,16.37
2020-07-22 08:30:00,16.65
2020-07-22 08:40:00,17.67
2020-07-22 08:50:00,17.75
2020-07-22 09:00:00,17.97
2020-07-22 09:10:00,18.35
2020-07-22 09:20:00,18.13
2020-07-22 09:30:00,18.01
2020-07-22 09:40:00,18.82
2020-07-22 09:50:00,18.9
2020-07-22 10:00:00,19.31
2020-07-22 10:10:00,19.54
2020-07-22 10:20:00,19.39
2020-07-22 10:30:00,19.76
2020-07-22 10:40:00,19.38
2020-07-22 10:50:00,19.71
2020-07-22 11:00:00,19.93
2020-07-22 11:10:00,20.09
2020-07-22 11:20:00,20.52
2020-07-22 11:30:00,20.6
2020-07-22 11:40:00,20.65
2020-07-22 11:50:00,20.71
2020-07-22 12:00:00,20.49
2020-07-22 12:10:00,20.56
2020-07-22 12:20:00,20.92
2020-07-22 12:30:00,21.37
2020-07-22 12:40:00,21.9
2020-07-22 12:50:00,21.99
2020-07-22 13:00:00,21.87
2020-07-22 13:10:00,21.92
2020-07-22 13:20:00,21.5
2020-07-22 13:30:00,21.52
2020-07-22 13:40:00,21.39
2020-07-22 13:50:00,21.55
2020-07-22 14:00:00,21.81
2020-07-22 14:10:00,22.09
2020-07-22 14:20:00,22.05
2020-07-22 14:30:00,22.14
2020-07-22 14:40:00,22.11
2020-07-22 14:50:00,22.27
2020-07-22 15:00:00,22.08
2020-07-22 15:10:00,22.15
2020-07-22 15:20:00,22.22
2020-07-22 15:30:00,22.73
2020-07-22 15:40:00,22.79
2020-07-22 15:50:00,22.73
2020-07-22 16:00:00,22.82
2020-07-22 16:10:00,22.86
2020-07-22 16:20:00,23.04
2020-07-22 16:30:00,22.98
2020-07-22 16:40:00,23.0
2020-07-22 16:50:00,23.31
2020-07-22 17:00:00,23.09
2020-07-22 17:10:00,23.08
2020-07-22 17:20:00,22.99
2020-07-22 17:30:00,22.96
2020-07-22 17:40:00,22.91
2020-07-22 17:50:00,22.86
2020-07-22 18:00:00,22.84
2020-07-22 18:10:00,23.02
2020-07-22 18:20:00,22.83
2020-07-22 18:30:00,22.52
2020-07-22 18:40:00,22.43
2020-07-22 18:50:00,22.24
2020-07-22 19:00:00,21.84
2020-07-22 19:10:00,21.56
2020-07-22 19:20:00,21.34
2020-07-22 19:30:00,21.06
2020-07-22 19:40:00,20.82
2020-07-22 19:50:00,20.56
2020-07-22 20:00:00,20.31
2020-07-22 20:10:00,20.04
2020-07-22 20:20:00,19.73
2020-07-22 20:30:00,19.45
2020-07-22 20:40:00,19.2
2020-07-22 20:50:00,18.95
2020-07-22 21:00:00,18.67
2020-07-22 21:10:00,18.54
2020-07-22 21:20:00,18.36
2020-07-22 21:30:00,18.19
2020-07-22 21:40:00,17.96
2020-07-22 21:50:00,17.73
2020-07-22 22:00:00,17.64
2020-07-22 22:10:00,17.59
2020-07-22 22:20:00,17.41
2020-07-22 22:30:00,17.24
2020-07-22 22:40:00,17.03
2020-07-22 22:50:00,16.88
2020-07-22 23:00:00,16.7
2020-07-22 23:10:00,16.53
2020-07-22 23:20:00,16.42
2020-07-22 23:30:00,16.48
2020-07-22 23:40:00,16.5
2020-07-22 23:50:00,16.43
2020-07-23 00:00:00,16.29
2020-07-23 00:10:00,16.3
2020-07-23 00:20:00,15.74
2020-07-23 00:30:00,15.95
2020-07-23 00:40:00,15.91
2020-07-23 00:50:00,15.15
2020-07-23 01:00:00,14.95
2020-07-23 01:10:00,15.14
2020-07-23 01:20:00,15.3
2020-07-23 01:30:00,14.71
2020-07-23 01:40:00,14.19
2020-07-23 01:50:00,14.03
2020-07-23 02:00:00,13.85
2020-07-23 02:10:00,14.06
2020-07-23 02:20:00,14.39
2020-07-23 02:30:00,14.33
2020-07-23 02:40:00,14.34
2020-07-23 02:50:00,14.13
2020-07-23 03:00:00,13.93
2020-07-23 03:10:00,13.92
2020-07-23 03:20:00,13.78
2020-07-23 03:30:00,14.0
2020-07-23 03:40:00,14.17
2020-07-23 03:50:00,14.19
2020-07-23 04:00:00,14.12
2020-07-23 04:10:00,14.09
2020-07-23 04:20:00,14.06
2020-07-23 04:30:00,13.96
2020-07-23 04:40:00,13.86
2020-07-23 04:50:00,13.79
2020-07-23 05:00:00,13.59
2020-07-23 05:10:00,13.36
2020-07-23 05:20:00,13.16
2020-07-23 05:30:00,12.99
2020-07-23 05:40:00,13.11
2020-07-23 05:50:00,13.17
2020-07-23 06:00:00,13.01
2020-07-23 06:10:00,12.9
2020-07-23 06:20:00,13.28
2020-07-23 06:30:00,13.44
2020-07-23 06:40:00,14.13
2020-07-23 06:50:00,15.13
2020-07-23 07:00:00,15.68
2020-07-23 07:10:00,15.5
2020-07-23 07:20:00,15.7
2020-07-23 07:30:00,15.87
2020-07-23 07:40:00,16.14
2020-07-23 07:50:00,16.1
2020-07-23 08:00:00,16.32
2020-07-23 08:10:00,16.77
2020-07-23 08:20:00,17.04
2020-07-23 08:30:00,17.1
2020-07-23 08:40:00,17.34
2020-07-23 08:50:00,17.36
2020-07-23 09:00:00,17.59
2020-07-23 09:10:00,17.85
2020-07-23 09:20:00,18.15
2020-07-23 09:30:00,18.57
2020-07-23 09:40:00,18.66
2020-07-23 09:50:00,19.07
2020-07-23 10:00:00,19.12
2020-07-23 10:10:00,19.29
2020-07-23 10:20:00,19.39
2020-07-23 10:30:00,19.83
2020-07-23 10:40:00,19.91
2020-07-23 10:50:00,20.22
2020-07-23 11:00:00,20.09
2020-07-23 11:10:00,20.47
2020-07-23 11:20:00,21.11
2020-07-23 11:30:00,21.1
2020-07-23 11:40:00,21.1
2020-07-23 11:50:00,21.28
2020-07-23 12:00:00,21.66
2020-07-23 12:10:00,22.1
2020-07-23 12:20:00,21.39
2020-07-23 12:30:00,20.9
2020-07-23 12:40:00,21.44
2020-07-23 12:50:00,21.43
2020-07-23 13:00:00,22.03
2020-07-23 13:10:00,22.7
2020-07-23 13:20:00,23.17
2020-07-23 13:30:00,22.37
2020-07-23 13:40:00,22.27
2020-07-23 13:50:00,22.22
2020-07-23 14:00:00,22.57
2020-07-23 14:10:00,22.15
2020-07-23 14:20:00,22.09
2020-07-23 14:30:00,22.18
2020-07-23 14:40:00,22.32
2020-07-23 14:50:00,22.52
2020-07-23 15:00:00,22.59
2020-07-23 15:10:00,22.63
2020-07-23 15:20:00,23.06
2020-07-23 15:30:00,23.26
2020-07-23 15:40:00,23.58
2020-07-23 15:50:00,23.54
2020-07-23 16:00:00,22.86
2020-07-23 16:10:00,22.7
2020-07-23 16:20:00,23.07
2020-07-23 16:30:00,22.87
2020-07-23 16:40:00,22.51
2020-07-23 16:50:00,22.35
2020-07-23 17:00:00,22.84
2020-07-23 17:10:00,23.16
2020-07-23 17:20:00,22.9
2020-07-23 17:30:00,22.96
2020-07-23 17:40:00,22.96
2020-07-23 17:50:00,23.21
2020-07-23 18:00:00,23.05
2020-07-23 18:10:00,22.83
2020-07-23 18:20:00,22.75
2020-07-23 18:30:00,22.71
2020-07-23 18:40:00,22.79
2020-07-23 18:50:00,22.52
2020-07-23 19:00:00,22.01
2020-07-23 19:10:00,21.73
2020-07-23 19:20:00,21.59
2020-07-23 19:30:00,21.51
2020-07-23 19:40:00,21.34
2020-07-23 19:50:00,21.27
2020-07-23 20:00:00,21.24
2020-07-23 20:10:00,21.16
2020-07-23 20:20:00,21.02
2020-07-23 20:30:00,20.55
2020-07-23 20:40:00,20.09
2020-07-23 20:50:00,20.09
2020-07-23 21:00:00,19.84
2020-07-23 21:10:00,19.52
2020-07-23 21:20:00,19.21
2020-07-23 21:30:00,19.13
2020-07-23 21:40:00,18.74
2020-07-23 21:50:00,18.46
2020-07-23 22:00:00,18.11
2020-07-23 22:10:00,18.03
2020-07-23 22:20:00,17.4
2020-07-23 22:30:00,16.9
2020-07-23 22:40:00,16.85
2020-07-23 22:50:00,16.86
2020-07-23 23:00:00,17.13
2020-07-23 23:10:00,16.8
2020-07-23 23:20:00,16.62
2020-07-23 23:30:00,16.71
2020-07-23 23:40:00,16.4
2020-07-23 23:50:00,16.26
2020-07-24 00:00:00,16.18
2020-07-24 00:10:00,15.84
2020-07-24 00:20:00,15.27
2020-07-24 00:30:00,14.99
2020-07-24 00:40:00,14.9
2020-07-24 00:50:00,14.82
2020-07-24 01:00:00,14.74
2020-07-24 01:10:00,14.58
2020-07-24 01:20:00,14.52
2020-07-24 01:30:00,14.24
2020-07-24 01:40:00,14.07
2020-07-24 01:50:00,13.83
2020-07-24 02:00:00,13.55
2020-07-24 02:10:00,13.38
2020-07-24 02:20:00,13.32
2020-07-24 02:30:00,13.04
2020-07-24 02:40:00,12.96
2020-07-24 02:50:00,12.87
2020-07-24 03:00:00,12.81
2020-07-24 03:10:00,12.72
2020-07-24 03:20:00,12.43
2020-07-24 03:30:00,12.31
2020-07-24 03:40:00,12.22
2020-07-24 03:50:00,12.09
2020-07-24 04:00:00,12.01
2020-07-24 04:10:00,12.03
2020-07-24 04:20:00,12.01
2020-07-24 04:30:00,12.24
2020-07-24 04:40:00,12.41
2020-07-24 04:50:00,12.48
2020-07-24 05:00:00,12.41
2020-07-24 05:10:00,12.29
2020-07-24 05:20:00,12.33
2020-07-24 05:30:00,12.22
2020-07-24 05:40:00,12.34
2020-07-24 05:50:00,12.49
2020-07-24 06:00:00,12.5
2020-07-24 06:10:00,12.61
2020-07-24 06:20:00,12.82
2020-07-24 06:30:00,12.88
2020-07-24 06:40:00,12.97
2020-07-24 06:50:00,13.09
2020-07-24 07:00:00,13.25
2020-07-24 07:10:00,13.37
2020-07-24 07:20:00,13.45
2020-07-24 07:30:00,13.77
2020-07-24 07:40:00,14.1
2020-07-24 07:50:00,14.42
2020-07-24 08:00:00,14.86
2020-07-24 08:10:00,15.2
2020-07-24 08:20:00,16.4
2020-07-24 08:30:00,17.49
2020-07-24 08:40:00,18.04
2020-07-24 08:50:00,19.09
2020-07-24 09:00:00,20.36
2020-07-24 09:10:00,20.92
2020-07-24 09:20:00,21.29
2020-07-24 09:30:00,21.79
2020-07-24 09:40:00,22.05
2020-07-24 09:50:00,22.49
2020-07-24 10:00:00,23.9
2020-07-24 10:10:00,24.38
2020-07-24 10:20:00,25.1
2020-07-24 10:30:00,25.13
2020-07-24 10:40:00,25.12
2020-07-24 10:50:00,25.07
2020-07-24 11:00:00,25.14
2020-07-24 11:10:00,25.56
2020-07-24 11:20:00,25.7
2020-07-24 11:30:00,25.63
2020-07-24 11:40:00,25.57
2020-07-24 11:50:00,25.87
2020-07-24 12:00:00,26.27
2020-07-24 12:10:00,26.18
2020-07-24 12:20:00,25.83
2020-07-24 12:30:00,25.64
2020-07-24 12:40:00,26.32
2020-07-24 12:50:00,26.46
2020-07-24 13:00:00,26.99
2020-07-24 13:10:00,27.06
2020-07-24 13:20:00,26.32
2020-07-24 13:30:00,26.0
2020-07-24 13:40:00,25.81
2020-07-24 13:50:00,26.43
2020-07-24 14:00:00,26.56
2020-07-24 14:10:00,25.88
2020-07-24 14:20:00,25.35
2020-07-24 14:30:00,25.98
2020-07-24 14:40:00,26.23
2020-07-24 14:50:00,26.26
2020-07-24 15:00:00,26.6
2020-07-24 15:10:00,26.72
2020-07-24 15:20:00,26.4
2020-07-24 15:30:00,27.05
2020-07-24 15:40:00,27.4
2020-07-24 15:50:00,27.8
2020-07-24 16:00:00,27.87
2020-07-24 16:10:00,27.63
2020-07-24 16:20:00,27.73
2020-07-24 16:30:00,27.72
2020-07-24 16:40:00,27.71
2020-07-24 16:50:00,27.23
2020-07-24 17:00:00,27.11
2020-07-24 17:10:00,26.32
2020-07-24 17:20:00,26.04
2020-07-24 17:30:00,26.64
2020-07-24 17:40:00,27.03
2020-07-24 17:50:00,27.05
2020-07-24 18:00:00,26.87
2020-07-24 18:10:00,26.18
2020-07-24 18:20:00,25.62
2020-07-24 18:30:00,25.31
2020-07-24 18:40:00,25.16
2020-07-24 18:50:00,25.06
2020-07-24 19:00:00,24.95
2020-07-24 19:10:00,24.81
2020-07-24 19:20:00,24.66
2020-07-24 19:30:00,24.54
2020-07-24 19:40:00,24.37
2020-07-24 19:50:00,24.03
2020-07-24 20:00:00,23.61
2020-07-24 20:10:00,23.35
2020-07-24 20:20:00,23.13
2020-07-24 20:30:00,22.92
2020-07-24 20:40:00,22.78
2020-07-24 20:50:00,22.58
2020-07-24 21:00:00,22.42
2020-07-24 21:10:00,22.28
2020-07-24 21:20:00,22.12
2020-07-24 21:30:00,21.98
2020-07-24 21:40:00,21.78
2020-07-24 21:50:00,21.63
2020-07-24 22:00:00,21.49
2020-07-24 22:10:00,21.45
2020-07-24 22:20:00,21.38
2020-07-24 22:30:00,21.31
2020-07-24 22:40:00,21.24
2020-07-24 22:50:00,21.15
2020-07-24 23:00:00,21.06
2020-07-24 23:10:00,20.96
2020-07-24 23:20:00,20.83
2020-07-24 23:30:00,20.6
2020-07-24 23:40:00,20.51
2020-07-24 23:50:00,20.29
2020-07-25 00:00:00,20.17
2020-07-25 00:10:00,20.15
2020-07-25 00:20:00,20.03
2020-07-25 00:30:00,19.92
2020-07-25 00:40:00,19.86
2020-07-25 00:50:00,19.84
2020-07-25 01:00:00,19.8
2020-07-25 01:10:00,19.73
2020-07-25 01:20:00,19.65
2020-07-25 01:30:00,19.41
2020-07-25 01:40:00,19.15
2020-07-25 01:50:00,19.14
2020-07-25 02:00:00,19.11
2020-07-25 02:10:00,18.96
2020-07-25 02:20:00,18.92
2020-07-25 02:30:00,18.81
2020-07-25 02:40:00,18.75
2020-07-25 02:50:00,18.65
2020-07-25 03:00:00,18.34
2020-07-25 03:10:00,18.41
2020-07-25 03:20:00,18.19
2020-07-25 03:30:00,17.8
2020-07-25 03:40:00,17.63
2020-07-25 03:50:00,17.64
2020-07-25 04:00:00,17.74
2020-07-25 04:10:00,17.53
2020-07-25 04:20:00,17.06
2020-07-25 04:30:00,16.91
2020-07-25 04:40:00,16.95
2020-07-25 04:50:00,16.84
2020-07-25 05:00:00,16.69
2020-07-25 05:10:00,16.71
2020-07-25 05:20:00,16.58
2020-07-25 05:30:00,16.5
2020-07-25 05:40:00,16.43
2020-07-25 05:50:00,16.31
2020-07-25 06:00:00,16.26
2020-07-25 06:10:00,16.4
2020-07-25 06:20:00,16.46
2020-07-25 06:30:00,16.76
2020-07-25 06:40:00,17.09
2020-07-25 06:50:00,17.11
2020-07-25 07:00:00,17.2
2020-07-25 07:10:00,17.7
2020-07-25 07:20:00,18.12
2020-07-25 07:30:00,18.26
2020-07-25 07:40:00,18.64
2020-07-25 07:50:00,19.78
2020-07-25 08:00:00,20.17
2020-07-25 08:10:00,20.02
2020-07-25 08:20:00,20.01
2020-07-25 08:30:00,20.1
2020-07-25 08:40:00,20.35
2020-07-25 08:50:00,20.74
2020-07-25 09:00:00,21.14
2020-07-25 09:10:00,21.32
2020-07-25 09:20:00,21.6
2020-07-25 09:30:00,22.1
2020-07-25 09:40:00,22.6
2020-07-25 09:50:00,22.65
2020-07-25 10:00:00,22.7
2020-07-25 10:10:00,23.55
2020-07-25 10:20:00,24.0
2020-07-25 10:30:00,23.66
2020-07-25 10:40:00,23.63
2020-07-25 10:50:00,23.19
2020-07-25 11:00:00,23.05
2020-07-25 11:10:00,23.26
2020-07-25 11:20:00,23.42
2020-07-25 11:30:00,23.29
2020-07-25 11:40:00,23.36
2020-07-25 11:50:00,24.01
2020-07-25 12:00:00,23.96
2020-07-25 12:10:00,23.78
2020-07-25 12:20:00,23.79
2020-07-25 12:30:00,24.26
2020-07-25 12:40:00,25.31
2020-07-25 12:50:00,24.88
2020-07-25 13:00:00,24.28
2020-07-25 13:10:00,24.88
2020-07-25 13:20:00,25.41
2020-07-25 13:30:00,25.05
2020-07-25 13:40:00,25.44
2020-07-25 13:50:00,25.28
2020-07-25 14:00:00,25.35
2020-07-25 14:10:00,25.41
2020-07-25 14:20:00,25.87
2020-07-25 14:30:00,25.52
2020-07-25 14:40:00,25.24
2020-07-25 14:50:00,25.25
2020-07-25 15:00:00,25.35
2020-07-25 15:10:00,26.21
2020-07-25 15:20:00,26.38
2020-07-25 15:30:00,25.97
2020-07-25 15:40:00,26.25
2020-07-25 15:50:00,26.21
2020-07-25 16:00:00,25.92
2020-07-25 16:10:00,26.2
2020-07-25 16:20:00,27.11
2020-07-25 16:30:00,26.5
2020-07-25 16:40:00,26.15
2020-07-25 16:50:00,26.28
2020-07-25 17:00:00,26.94
2020-07-25 17:10:00,26.65
2020-07-25 17:20:00,27.21
2020-07-25 17:30:00,26.41
2020-07-25 17:40:00,25.79
2020-07-25 17:50:00,25.57
2020-07-25 18:00:00,25.7
2020-07-25 18:10:00,26.74
2020-07-25 18:20:00,27.28
2020-07-25 18:30:00,26.81
2020-07-25 18:40:00,26.4
2020-07-25 18:50:00,25.99
2020-07-25 19:00:00,25.42
2020-07-25 19:10:00,25.11
2020-07-25 19:20:00,24.96
2020-07-25 19:30:00,24.72
2020-07-25 19:40:00,24.48
2020-07-25 19:50:00,24.15
2020-07-25 20:00:00,23.9
2020-07-25 20:10:00,23.59
2020-07-25 20:20:00,23.05
2020-07-25 20:30:00,22.6
2020-07-25 20:40:00,22.29
2020-07-25 20:50:00,22.17
2020-07-25 21:00:00,21.91
2020-07-25 21:10:00,22.05
2020-07-25 21:20:00,22.17
2020-07-25 21:30:00,21.46
2020-07-25 21:40:00,20.96
2020-07-25 21:50:00,20.95
2020-07-25 22:00:00,20.84
2020-07-25 22:10:00,20.59
2020-07-25 22:20:00,20.32
2020-07-25 22:30:00,20.15
2020-07-25 22:40:00,19.46
2020-07-25 22:50:00,19.21
2020-07-25 23:00:00,19.42
2020-07-25 23:10:00,19.32
2020-07-25 23:20:00,19.17
2020-07-25 23:30:00,18.91
2020-07-25 23:40:00,18.48
2020-07-25 23:50:00,18.21
2020-07-26 00:00:00,18.1
2020-07-26 00:10:00,18.39
2020-07-26 00:20:00,18.02
2020-07-26 00:30:00,17.61
2020-07-26 00:40:00,17.49
2020-07-26 00:50:00,17.25
2020-07-26 01:00:00,17.23
2020-07-26 01:10:00,17.1
2020-07-26 01:20:00,16.97
2020-07-26 01:30:00,16.92
2020-07-26 01:40:00,16.9
2020-07-26 01:50:00,17.06
2020-07-26 02:00:00,17.03
2020-07-26 02:10:00,16.97
2020-07-26 02:20:00,16.76
2020-07-26 02:30:00,16.46
2020-07-26 02:40:00,16.38
2020-07-26 02:50:00,16.38
2020-07-26 03:00:00,16.43
2020-07-26 03:10:00,16.58
2020-07-26 03:20:00,16.72
2020-07-26 03:30:00,16.89
2020-07-26 03:40:00,17.04
2020-07-26 03:50:00,17.03
2020-07-26 04:00:00,16.95
2020-07-26 04:10:00,16.95
2020-07-26 04:20:00,16.77
2020-07-26 04:30:00,16.77
2020-07-26 04:40:00,16.75
2020-07-26 04:50:00,16.87
2020-07-26 05:00:00,16.97
2020-07-26 05:10:00,17.07
2020-07-26 05:20:00,17.08
2020-07-26 05:30:00,17.22
2020-07-26 05:40:00,17.62
2020-07-26 05:50:00,18.52
2020-07-26 06:00:00,19.12
2020-07-26 06:10:00,18.87
2020-07-26 06:20:00,18.03
2020-07-26 06:30:00,17.23
2020-07-26 06:40:00,16.99
2020-07-26 06:50:00,16.85
2020-07-26 07:00:00,16.81
2020-07-26 07:10:00,16.76
2020-07-26 07:20:00,16.7
2020-07-26 07:30:00,16.74
2020-07-26 07:40:00,16.71
2020-07-26 07:50:00,16.73
2020-07-26 08:00:00,16.54
2020-07-26 08:10:00,16.41
2020-07-26 08:20:00,16.52
2020-07-26 08:30:00,16.76
2020-07-26 08:40:00,17.13
2020-07-26 08:50:00,17.5
2020-07-26 09:00:00,17.55
2020-07-26 09:10:00,17.75
2020-07-26 09:20:00,18.16
2020-07-26 09:30:00,18.49
2020-07-26 09:40:00,18.83
2020-07-26 09:50:00,19.35
2020-07-26 10:00:00,19.74
2020-07-26 10:10:00,20.22
2020-07-26 10:20:00,20.48
2020-07-26 10:30:00,20.67
2020-07-26 10:40:00,21.09
2020-07-26 10:50:00,21.53
2020-07-26 11:00:00,21.81
2020-07-26 11:10:00,21.78
2020-07-26 11:20:00,22.02
2020-07-26 11:30:00,22.58
2020-07-26 11:40:00,22.71
2020-07-26 11:50:00,22.74
2020-07-26 12:00:00,23.1
2020-07-26 12:10:00,23.76
2020-07-26 12:20:00,23.75
2020-07-26 12:30:00,24.04
2020-07-26 12:40:00,24.25
2020-07-26 12:50:00,24.47
2020-07-26 13:00:00,23.3
2020-07-26 13:10:00,20.31
2020-07-26 13:20:00,19.05
2020-07-26 13:30:00,19.13
2020-07-26 13:40:00,19.46
2020-07-26 13:50:00,20.23
2020-07-26 14:00:00,21.13
2020-07-26 14:10:00,21.64
2020-07-26 14:20:00,22.23
2020-07-26 14:30:00,22.75
2020-07-26 14:40:00,22.83
2020-07-26 14:50:00,22.94
2020-07-26 15:00:00,23.05
2020-07-26 15:10:00,22.96
2020-07-26 15:20:00,22.49
2020-07-26 15:30:00,22.53
2020-07-26 15:40:00,22.73
2020-07-26 15:50:00,22.59
2020-07-26 16:00:00,22.45
2020-07-26 16:10:00,22.64
2020-07-26 16:20:00,22.98
2020-07-26 16:30:00,23.11
2020-07-26 16:40:00,23.38
2020-07-26 16:50:00,23.27
2020-07-26 17:00:00,23.1
2020-07-26 17:10:00,22.46
2020-07-26 17:20:00,22.09
2020-07-26 17:30:00,21.42
2020-07-26 17:40:00,20.96
2020-07-26 17:50:00,21.18
2020-07-26 18:00:00,21.1
2020-07-26 18:10:00,20.64
2020-07-26 18:20:00,20.17
2020-07-26 18:30:00,20.1
2020-07-26 18:40:00,20.0
2020-07-26 18:50:00,19.64
2020-07-26 19:00:00,19.23
2020-07-26 19:10:00,19.17
2020-07-26 19:20:00,19.15
2020-07-26 19:30:00,19.1
2020-07-26 19:40:00,18.98
2020-07-26 19:50:00,18.8
2020-07-26 20:00:00,18.59
2020-07-26 20:10:00,18.48
2020-07-26 20:20:00,18.31
2020-07-26 20:30:00,18.1
2020-07-26 20:40:00,18.09
2020-07-26 20:50:00,18.14
2020-07-26 21:00:00,17.98
2020-07-26 21:10:00,17.8
2020-07-26 21:20:00,17.62
2020-07-26 21:30:00,17.56
2020-07-26 21:40:00,17.53
2020-07-26 21:50:00,17.41
2020-07-26 22:00:00,17.08
2020-07-26 22:10:00,16.94
2020-07-26 22:20:00,16.98
2020-07-26 22:30:00,17.41
2020-07-26 22:40:00,17.4
2020-07-26 22:50:00,17.02
2020-07-26 23:00:00,16.65
2020-07-26 23:10:00,16.62
2020-07-26 23:20:00,16.51
2020-07-26 23:30:00,16.56
2020-07-26 23:40:00,16.71
2020-07-26 23:50:00,16.51
2020-07-27 00:00:00,16.23
2020-07-27 00:10:00,16.3
2020-07-27 00:20:00,16.25
2020-07-27 00:30:00,16.24
2020-07-27 00:40:00,16.02
2020-07-27 00:50:00,15.79
2020-07-27 01:00:00,15.45
2020-07-27 01:10:00,15.54
2020-07-27 01:20:00,15.58
2020-07-27 01:30:00,15.41
2020-07-27 01:40:00,15.29
2020-07-27 01:50:00,15.19
2020-07-27 02:00:00,15.09
2020-07-27 02:10:00,14.94
2020-07-27 02:20:00,14.82
2020-07-27 02:30:00,14.67
2020-07-27 02:40:00,14.5
2020-07-27 02:50:00,14.44
2020-07-27 03:00:00,14.31
2020-07-27 03:10:00,14.16
2020-07-27 03:20:00,13.9
2020-07-27 03:30:00,13.87
2020-07-27 03:40:00,13.72
2020-07-27 03:50:00,13.55
2020-07-27 04:00:00,13.43
2020-07-27 04:10:00,13.37
2020-07-27 04:20:00,13.13
2020-07-27 04:30:00,12.8
2020-07-27 04:40:00,13.01
2020-07-27 04:50:00,12.95
2020-07-27 05:00:00,12.8
2020-07-27 05:10:00,13.03
2020-07-27 05:20:00,13.28
2020-07-27 05:30:00,13.41
2020-07-27 05:40:00,13.92
2020-07-27 05:50:00,14.32
2020-07-27 06:00:00,14.72
2020-07-27 06:10:00,14.97
2020-07-27 06:20:00,15.18
2020-07-27 06:30:00,15.17
2020-07-27 06:40:00,15.39
2020-07-27 06:50:00,15.45
2020-07-27 07:00:00,15.74
2020-07-27 07:10:00,15.68
2020-07-27 07:20:00,16.38
2020-07-27 07:30:00,17.13
2020-07-27 07:40:00,17.52
2020-07-27 07:50:00,18.25
2020-07-27 08:00:00,18.21
2020-07-27 08:10:00,18.53
2020-07-27 08:20:00,18.6
2020-07-27 08:30:00,19.18
2020-07-27 08:40:00,19.99
2020-07-27 08:50:00,20.55
2020-07-27 09:00:00,20.57
2020-07-27 09:10:00,21.27
2020-07-27 09:20:00,22.04
